sut_code,description_tr,category,retired_at
510010,Standart yatak tarifesi,other,
510070,Kuvöz,other,
510081,Kot (beşik),other,
510090,Yoğun bakım,other,
510100,Steril oda,other,
510110,İzole radyoaktif tedavi odası,other,
510120,Gündüz yatak tarifesi,other,
510121,Refakat,other,
520010,Konsültasyon (Her bir branş için),other,
520020,Acil poliklinik muayenesi,other,
520021,Yeşil alan muayenesi,other,
520030,Normal poliklinik muayenesi,other,
520032,Uzaktan hasta değerlendirmeye yönelik sağlık hizmetleri,other,
520050,Sağlık kurulu raporu,other,
520051,Uzman hekim raporu,other,
520052,Meslek hastalıklarının tespiti için hekim görüş raporu,other,
520070,Genel anestezi altında muayene,other,
520080,Birinci basamak poliklinik muayenesi,other,
520090,Birinci basamaktan sevk halinde poliklinik muayenesi,other,
530000,Acil serviste kritik hasta yatak ve takibi,therapeutic,
530001,"FAST Ultrasonografi, (çoklu travma hastasında)",therapeutic,
530002,Transkutan pacemaker uygulaması,therapeutic,
530003,Toksidromlarda spesifik antidot tedavi uygulaması,therapeutic,
530004,"Kimyasal, biyolojik, radyasyon ve nükleer yaralanmalarda hasta muayene ve dekontaminasyonu",therapeutic,
530015,Ketojenik diyet tedavisi,therapeutic,
530020,"Apse veya hematom drenajı, derin (Organ ve derin yumuşak doku)",therapeutic,
530030,"Apse veya hematom drenajı, yüzeyel (Deri ve subkütan dokular)",therapeutic,
530050,"Biyopsi, iğne",therapeutic,
530060,"Biyopsi, derin (Cerrahi)",therapeutic,
530070,"Biyopsi, yüzeyel (Deri veya derialtı)",therapeutic,
530080,Damar yolu açılması,therapeutic,
530085,İntraosseoz infüzyon uygulaması,therapeutic,
530090,Diyabetli hasta eğitimi,therapeutic,
530095,Diyabetik ayak korunma ve tedavi eğitimi,therapeutic,
530100,Elektrokardiyogram,therapeutic,
530110,Enteral hiperelimentasyon takibi,therapeutic,
530120,"Fototerapi, seans",therapeutic,
530130,Hastanın mekanik ventilatöre bağlanması,therapeutic,
530140,İntramusküler enjeksiyon,therapeutic,
530150,İntravenöz enjeksiyon,therapeutic,
530160,İntravenöz ilaç infüzyonu,therapeutic,
530161,Ekulizumab uygulaması,therapeutic,
530180,Kan veya kan bileşenleri transfüzyonu,therapeutic,
530190,Kesi onarımı,therapeutic,
530220,Kist ponksiyonu,therapeutic,
530230,Kist veya benign tümör çıkarılması,therapeutic,
530260,Lavman,therapeutic,
530270,Lenf bezi biyopsisi veya eksizyonu,therapeutic,
530280,Lenf bezi ponksiyonu veya aspirasyonu,therapeutic,
530290,Lokal anestezi,therapeutic,
530300,Lomber ponksiyon,therapeutic,
530310,Mesane sonda uygulaması,therapeutic,
530320,Mide yıkama,therapeutic,
530330,Monitörizasyon,therapeutic,
530340,Nazogastrik sonda uygulaması,therapeutic,
530350,Nebülizatör ile ilaç uygulaması,therapeutic,
530360,"Oksijen inhalasyon tedavisi, saatlik",therapeutic,
530365,Nitrik oksit tedavisi ve takibi,therapeutic,
530380,"Parasentez, tanısal",therapeutic,
530381,"Parasentez, terapötik",therapeutic,
530390,Subkütan enjeksiyon,therapeutic,
530410,Sütür alınması,therapeutic,
530420,"Torasentez, tanısal",therapeutic,
530421,"Torasentez, terapötik",therapeutic,
530430,"Total parenteral nütrisyon (TPN) takibi, 24 saat",therapeutic,
530470,Uyarı ve baskılama testleri,therapeutic,
530480,Vena seksiyonu (Cut-down),therapeutic,
530490,Ventilatör ile takip,therapeutic,
530500,"Yanık debritmanı, büyük",therapeutic,
530510,"Yanık debritmanı, küçük",therapeutic,
530520,"Yanık debritmanı, orta",therapeutic,
530530,"Yanık pansumanı, küçük",therapeutic,
530531,"Yanık pansumanı, orta",therapeutic,
530532,"Yanık pansumanı, büyük",therapeutic,
530533,Epidermolizis büllosa hastalığında yara bakım hizmetleri,therapeutic,
530560,Yara debritmanı,therapeutic,
530561,Dekübit yara debritmanı,therapeutic,
530580,Yara pansumanı,therapeutic,
530581,Dekübit yara pansumanı,therapeutic,
530585,İntradermal test,therapeutic,
530590,Arter kateterizasyonu,therapeutic,
530625,İntraarteriyel kanülasyon ve basınç ölçümü,therapeutic,
530650,İntravenöz port yerleştirilmesi,therapeutic,
530660,Kalıcı tünelli kateter çıkarılması,therapeutic,
530670,Kalıcı tünelli kateter yerleştirilmesi,therapeutic,
530680,Kateter pansumanı ve bakımı,therapeutic,
530690,Kateter revizyonu ve/veya değişimi,therapeutic,
530700,Non invaziv mekanik ventilatör uygulaması,therapeutic,
530710,Periton diyalizi için kalıcı kateter takılması,therapeutic,
530711,Periton diyalizi için kalıcı kateter çıkarılması,therapeutic,
530720,Periton diyalizi için kateter yerleştirme,therapeutic,
530730,Perkütan silastik kateterizasyon,therapeutic,
530740,"Santral ven kateterizasyonu, femoral ven (Perkütan)",therapeutic,
530750,"Santral ven kateterizasyonu, juguler veya subklavyen ven (Perkütan)",therapeutic,
530760,"Santral ven kateterizasyonu, periferik ven (Perkütan)",therapeutic,
530770,Subklavyen kateter takılması,therapeutic,
530780,Swan-Ganz kateter yerleştirilmesi,therapeutic,
530790,"Sağ kalp kateterizasyonu, pulmoner arter Wedge basınç ölçülmesi",therapeutic,
530800,"Endotrakeal entübasyon, yenidoğan",therapeutic,
530810,"Exchange transfüzyon, yenidoğan",therapeutic,
530820,Göbek arter kateterizasyonu,therapeutic,
530830,Göbek granülomu koterizasyonu,therapeutic,
530840,Göbek ven kateterizasyonu,therapeutic,
530860,"İntramusküler enjeksiyon, yenidoğan",therapeutic,
530870,"İntravenöz mayi takılması, yenidoğan",therapeutic,
530880,"İntravenöz enjeksiyon, yenidoğan",therapeutic,
530900,"Parsiyel exchange transfüzyon, yenidoğan",therapeutic,
530910,Subdural illüminasyon,therapeutic,
530920,"Surfaktan tedavisi uygulaması, yenidoğan",therapeutic,
530930,Transport küvözle hastane dışı nakil,therapeutic,
530940,Transport küvözle hastane içi nakil,therapeutic,
530960,Yenidoğan monitörizasyonu,therapeutic,
530970,Yenidoğan arteriyel tansiyon ölçümü,therapeutic,
530980,Yenidoğan/Çocuk TPN hazırlama ve uygulaması,therapeutic,
540010,Yenidoğan ek puanı A1 grubu,other,
540020,Yenidoğan ek puanı A2 grubu,other,
540030,Yenidoğan ek puanı A3 grubu,other,
540040,Yenidoğan ek puanı B grubu,other,
540050,Yenidoğan ek puanı C grubu,other,
540060,Yenidoğan ek puanı D grubu,other,
540070,Yenidoğan ek puanı E grubu,other,
550010,Anestezi öncesi muayene,therapeutic,
550020,Apne testi,therapeutic,
550030,"Endotrakeal entübasyon, ameliyathane dışı",therapeutic,
550040,Endotrakeal tüp ya da trakeotomi kanül değişimi,therapeutic,
550045,Çift lümenli tüp yerleştirilmesi,therapeutic,
550050,Hasta kontrollü analjezi (Epidural veya intravenöz vb.),therapeutic,
550060,İnvaziv yöntemle kardiyak debi ve indeks ölçümü,therapeutic,
550070,Kardiyopulmoner resüsitasyon,therapeutic,
550080,Laringeal maske uygulaması (LMA),therapeutic,
550090,"Muayene anestezisi, ameliyathane dışı",therapeutic,
550100,"Muayene anestezisi, ameliyathanede",therapeutic,
550110,"Nazal entübasyon, ameliyathane dışı",therapeutic,
550120,Noninvaziv yöntemle kardiyak debi ve indeks ölçümü,therapeutic,
550130,Anestezi A1 grubu,therapeutic,
550140,Anestezi A2 grubu,therapeutic,
550150,Anestezi A3 grubu,therapeutic,
550160,Anestezi B grubu,therapeutic,
550170,Anestezi C grubu,therapeutic,
550180,Anestezi D grubu,therapeutic,
550190,Anestezi E grubu,therapeutic,
550200,Birden fazla ameliyatın veya ameliyathane dışı uygulamaların yapıldığı anesteziler. Toplam cerrahi puan 32561 ve üzeri,therapeutic,
550210,Birden fazla ameliyatın veya ameliyathane dışı uygulamaların yapıldığı anesteziler. Toplam cerrahi puan 15401-32560,therapeutic,
550220,Birden fazla ameliyatın veya ameliyathane dışı uygulamaların yapıldığı anesteziler. Toplam cerrahi puan 7584-15400,therapeutic,
550230,Birden fazla ameliyatın veya ameliyathane dışı uygulamaların yapıldığı anesteziler. Toplam cerrahi puan 5001-7583,therapeutic,
550240,Birden fazla ameliyatın veya ameliyathane dışı uygulamaların yapıldığı anesteziler. Toplam cerrahi puan 2501-5000,therapeutic,
550250,Birden fazla ameliyatın veya ameliyathane dışı uygulamaların yapıldığı anesteziler. Toplam cerrahi puan 943-2500,therapeutic,
550260,Birden fazla ameliyatın veya ameliyathane dışı uygulamaların yapıldığı anesteziler. Toplam cerrahi puan 0-942,therapeutic,
550270,Yeni doğan/geriatrik (75 yaş üstü ve ASA 3-4) anestezi puanı A1 grubu,therapeutic,
550280,Yeni doğan/geriatrik (75 yaş üstü ve ASA 3-4) anestezi puanı A2 grubu,therapeutic,
550290,Yeni doğan/geriatrik (75 yaş üstü ve ASA 3-4) anestezi puanı A3 grubu,therapeutic,
550300,Yeni doğan/geriatrik (75 yaş üstü ve ASA 3-4) anestezi puanı B grubu,therapeutic,
550310,Yeni doğan/geriatrik (75 yaş üstü ve ASA 3-4) anestezi puanı C grubu,therapeutic,
550320,Yeni doğan/geriatrik (75 yaş üstü ve ASA 3-4) anestezi puanı D grubu,therapeutic,
550330,Yeni doğan/geriatrik (75 yaş üstü ve ASA 3-4) anestezi puanı E grubu,therapeutic,
550339,Yeni doğan/geriatrik (75 yaş üstü ve ASA 3-4) hastalara birden fazla ameliyatın veya ameliyathane dışı uygulamaların yapıldığı anesteziler. Toplam cerrahi puan 32561 ve üzeri,therapeutic,
550341,Yeni doğan/geriatrik (75 yaş üstü ve ASA 3-4) hastalara birden fazla ameliyatın veya ameliyathane dışı uygulamaların yapıldığı anesteziler. Toplam cerrahi puan 15401-32560,therapeutic,
550342,Yeni doğan/geriatrik (75 yaş üstü ve ASA 3-4) hastalara birden fazla ameliyatın veya ameliyathane dışı uygulamaların yapıldığı anesteziler. Toplam cerrahi puan 7584-15400,therapeutic,
550343,Yeni doğan/geriatrik (75 yaş üstü ve ASA 3-4) hastalara birden fazla ameliyatın veya ameliyathane dışı uygulamaların yapıldığı anesteziler.Toplam cerrahi puan 5001-7583,therapeutic,
550344,Yeni doğan/geriatrik (75 yaş üstü ve ASA 3-4) hastalara birden fazla ameliyatın veya ameliyathane dışı uygulamaların yapıldığı anesteziler.Toplam cerrahi puan 2501-5000,therapeutic,
550345,Yeni doğan/geriatrik (75 yaş üstü ve ASA 3-4) hastalara birden fazla ameliyatın veya ameliyathane dışı uygulamaların yapıldığı anesteziler. Toplam cerrahi puan 943-2500,therapeutic,
550346,Yeni doğan/geriatrik (75 yaş üstü ve ASA 3-4) hastalara birden fazla ameliyatın veya ameliyathane dışı uygulamaların yapıldığı anesteziler. Toplam cerrahi puan 0-942,therapeutic,
550350,"Atlantoaksial ve atlantooksipital enjeksiyon, ağrı tedavisi",therapeutic,
550360,"Eklem içi enjeksiyon, ağrı tedavisi",therapeutic,
550370,"Faset eklem içi enjeksiyon, ağrı tedavisi",therapeutic,
550380,Proloterapi,therapeutic,
550390,"Sakroiliyak eklem enjeksiyonu, ağrı tedavisi",therapeutic,
550400,"Tetik nokta veya tendon kılıfı veya ligament enjeksiyonu, tek seans",therapeutic,
550410,Aksiller pleksus sinir bloğu,therapeutic,
550420,Diğer periferik alt ekstremite sinir blokları,therapeutic,
550430,Diğer periferik üst ekstremite sinir blokları,therapeutic,
550440,"Faset mediyan sinir bloğu, tek",therapeutic,
550450,Fasiyal sinirin sinir bloğu,therapeutic,
550460,"Femoral sinir bloğu, üçlü",therapeutic,
550470,Gasser gangliyon sinir bloğu,therapeutic,
550480,Glossofaringeal/vagus/frenik/aksesoryus sinir bloğu,therapeutic,
550490,Greater ve lesser oksipital sinir bloğu,therapeutic,
550500,"İlave periferik alt ekstremite sinir bloğu, her biri",therapeutic,
550510,"İlave periferik üst ekstremite sinir bloğu, her biri",therapeutic,
550520,İliyoinguinal/genitofemoral/iliyohipogastrik sinir bloğu,therapeutic,
550530,"İnterkostal sinir bloğu, tek seviye",therapeutic,
550540,"İnterkostal sinir bloğu, ilave her seviye",therapeutic,
550550,İnterskalen sinir bloğu,therapeutic,
550560,Laringeal sup/rek sinir bloğu,therapeutic,
550570,Lateral femoral kutanöz/obturator sinir bloğu,therapeutic,
550580,Maksiller/mandibüler sinir bloğu,therapeutic,
550590,"Paraservikal sinir bloğu, tek",therapeutic,
550600,Peroneal/tibiyal/sural sinir bloğu,therapeutic,
550610,Pudental sinir bloğu,therapeutic,
550620,Radial/ulnar/medial sinir bloğu,therapeutic,
550630,Sakral/koksigeal sinir bloğu,therapeutic,
550640,"Selektif sinir kökü bloğu, tek",therapeutic,
550650,Servikal/brakiyal pleksus sinir bloğu,therapeutic,
550660,Siyatik sinir bloğu,therapeutic,
550670,Supraorbital/intraorbital/troklear sinir bloğu,therapeutic,
550680,Supraskapüler sinir bloğu,therapeutic,
550690,Çölyak/hipogastrik pleksus sinir bloğu,therapeutic,
550700,İmpar ganglion sinir bloğu,therapeutic,
550710,"Paravertebral torakal/lomber/psoas kompartman sinir bloğu, tek",therapeutic,
550720,Sfenopalatin gangliyon sinir bloğu,therapeutic,
550730,Splanknik blok,therapeutic,
550740,Stellat gangliyon sinir bloğu,therapeutic,
550750,Epidural blok (Kateter ve port veya pompa implantı),therapeutic,
550760,Epidural kan veya serum yaması,therapeutic,
550770,Kombine spinal epidüral analjezi veya blok (Kontinü),therapeutic,
550780,Lomber-kaudal epidural enjeksiyon veya kateterizasyon,therapeutic,
550790,Servikal-torakal epidural enjeksiyon veya kateterizasyon,therapeutic,
550800,"Spinal blok, kateter ve port veya pompa implantı ile",therapeutic,
550810,"Subaraknoid blok, lomber veya kaudal spinal blok ile",therapeutic,
550820,Subaraknoid kateterizasyon,therapeutic,
550830,Transforaminal anteriyor epidural enjeksiyon veya kateterizasyon,therapeutic,
550831,Perinöral kateterizasyon,therapeutic,
550840,Hipofiz adenolizisi,therapeutic,
550850,"Nörolitik sinir bloğu, subaraknoid",therapeutic,
550860,"Nörolitik sinir bloğu, epidural (Servikal-torakal)",therapeutic,
550870,"Nörolitik sinir bloğu, epidural (Lomber-kaudal)",therapeutic,
550880,"Nörolitik interkostal sinir bloğu, tek seviye",therapeutic,
550890,"Nörolitik interkostal sinir bloğu, ilave her seviye",therapeutic,
550900,Trigeminal/Gasser gangliyon sinir bloğu,therapeutic,
550910,Nörolitik Stellat gangliyon sinir bloğu,therapeutic,
550920,"Nörolitik sinir bloğu, paravertebral (Torakal-lomber)",therapeutic,
550930,Nörolitik Çölyak veya Hipogastrik sinir bloğu,therapeutic,
550940,Nörolitik İmpar gangliyon sinir bloğu,therapeutic,
550950,"Nörolitik periferik sinir bloğu, tek",therapeutic,
550960,Nörolitik Splanknik sinir bloğu,therapeutic,
550970,Anüloplasti RFT,therapeutic,
550981,"Faset Eklem RFT, tek",therapeutic,
550991,Glossofaringeal RFT,therapeutic,
551031,"Perkütan faset sinir denervasyon RFT, tek",therapeutic,
551032,"Perkütan faset sinir denervasyon Kriyoablasyon, tek",therapeutic,
551041,Perkütan intradiskal RFT,therapeutic,
551061,RFT Nörotomi,therapeutic,
551062,Kriyoablasyon Nörotomi,therapeutic,
551071,Sakroiliyak eklem RFT,therapeutic,
551072,Sakroiliyak eklem Kriyoablasyon,therapeutic,
551084,Servikal Dorsal Root Gangliyonu RFT,therapeutic,
551085,Torakal Dorsal Root Gangliyon (DRG)-RFT,therapeutic,
551086,Lomber Dorsal Root Gangliyon (DRG)-RFT,therapeutic,
551087,Sakral Dorsal Root Gangliyon (DRG) RFT,therapeutic,
551091,Spenopalatin gangliyon RFT,therapeutic,
551101,Stellat gangliyon RFT,therapeutic,
551110,Trigeminal veya Gasser gangliyon RFT,therapeutic,
551120,Epiduroskopi nöroplasti-adezyonolizis,therapeutic,
551130,Lomber-kaudal nöroplasti-adezyonolizis,therapeutic,
551140,Servikal-torakal nöroplasti-adezyonolizis,therapeutic,
551150,İmplantasyon port/rezervuar/pompa implant,therapeutic,
551160,İmplantasyon spinal-epidural,therapeutic,
551170,Nörostimülatör elektronik analiz/programlama,therapeutic,
551180,Nörostimülatör pulse jeneratör revizyonu/çıkartılması,therapeutic,
551190,Nörostimülatör pulse jeneratör yerleştirilmesi,therapeutic,
551200,Periferik sinir elektrot implantasyonu,therapeutic,
551210,Perkütan elektrot revizyonu veya çıkarılması,therapeutic,
551220,Perkütan nörostimülatör elektrot implantasyonu,therapeutic,
551230,Pompa veya port programlanması veya doldurulması,therapeutic,
551240,Port veya pompa revizyonu veya çıkarılması,therapeutic,
551250,Bispektral indeks (BİS) monitörizasyonu,therapeutic,
551251,Derin trakeal aspirasyon,therapeutic,
551260,"Epidural blok, kontinü",therapeutic,
551270,Epidural veya spinal diferensiyel blok,therapeutic,
551280,"Gastrik intramukozal pH, tonometri",therapeutic,
551290,Günlük yatan hasta ağrı takibi,therapeutic,
551300,İntravenöz lidokain testi,therapeutic,
551310,"İntraplevral kateterizasyon ile blok, kontinü",therapeutic,
551320,İntravenöz rejyonel blok (RİVA),therapeutic,
551330,Kontinü perinöral opiat analjezisi,therapeutic,
551340,SEDO-analjezi,therapeutic,
590001,Yenidoğan/Çocuk/ErişkinTedavisel soğutma (Terapötik hipotermi),therapeutic,
600010,"Dermabrazyon, bir alanda",surgical,
600020,"Dermabrazyon, tüm yüze",surgical,
600030,"İntralezyonel steroit enjeksiyonu, bir seans",surgical,
600040,Malign deri tümörlerinin eksizyonu,surgical,
600050,"Malign deri tümörlerinin eksizyonu, flep veya greft ile",surgical,
600060,"Malign deri tümörlerinin eksizyonu, primer sütür ile",surgical,
600070,"Seboreik keratoz gibi lezyonların tıraşlanarak çıkarılması, her bir seans",surgical,
600090,Yanıkta eskarektomi,surgical,
600091,Yanıkta toraks eskarektomisi,surgical,
600100,Yanıkta eskarotomi,surgical,
600110,Yanıkta fasiyotomi,surgical,
600111,Yanıkta fasiyotomi kapatma,surgical,
600120,Yanıkta tanjansiyel eksizyon ve deri grefti uygulaması,surgical,
600130,"Yanıkta tanjansiyel eksizyon ve deri grefti uygulaması, ilave her uygulama",surgical,
600140,Yaygın iyi huylu tümöral lezyonların elektrokoterizasyonu veya kriyoterapisi,surgical,
600150,"Yanaktan tümör eksizyonu, primer onarım",surgical,
600160,"Yanaktan tümör eksizyonu, flep ile onarım",surgical,
600170,Skar revizyonu,surgical,
600200,"Hemanjiyom, lenfanjiyom veya vasküler malformasyon eksizyonu",surgical,
600230,"Hemanjiyom, lenfanjiyom eksizyonu ve rekonstrüksiyonu, deri grefti ile",surgical,
600240,Vasküler malformasyonlar ve lenfanjiyom için sklerozan madde enjeksiyonu,surgical,
600250,"Split thickness deri grefti, küçük",surgical,
600260,"Split thickness deri grefti, orta",surgical,
600270,"Split thickness deri grefti, büyük",surgical,
600280,"Full thickness deri grefti, küçük",surgical,
600290,"Full thickness deri grefti, büyük",surgical,
600300,Kısmi kalınlıkta deri grefti ile defekt onarımı,surgical,
600330,"Kısmi kalınlıkta deri grefti ile defekt onarımı, ilave",surgical,
600350,Kompozit greft uygulaması,surgical,
600360,Mukoza grefti alınması,surgical,
600370,Tam kalınlıkta deri grefti ile defekt onarımı,surgical,
600400,Yağ grefti uygulaması,surgical,
600410,"Abbe flebi, birinci seans",surgical,
600420,"Abbe flebi, ikinci seans",surgical,
600430,Ada flep şeklinde fasiyokütan flepler,surgical,
600440,"Alın flebi, birinci seans",surgical,
600450,"Alın flebi, ikinci seans",surgical,
600460,Aynı alanda çoklu Z plasti teknikleri,surgical,
600470,"Çapraz bacak flebi, birinci seans",surgical,
600480,"Çapraz bacak flebi, ikinci seans",surgical,
600490,"Çapraz parmak flebi, birinci seans",surgical,
600500,"Çapraz parmak flebi, ikinci seans",surgical,
600510,"Dil flebi, birinci seans",surgical,
600520,"Dil flebi, ikinci seans",surgical,
600530,"Doku genişletme uygulamaları, birinci seans",surgical,
600540,"Doku genişletme uygulamaları, ikinci seans",surgical,
600550,Fasiyokütan flep,surgical,
600560,İki farklı doku içeren serbest kompozit flep,surgical,
600570,İki loblu flep,surgical,
600580,"İnterpolasyon flepleri, birinci seans",surgical,
600590,"İnterpolasyon flepleri, ikinci seans",surgical,
600600,Kas flebi,surgical,
600610,Kas flebi ile birlikte deri grefti,surgical,
600620,Kas-deri flebi,surgical,
600630,K-M plasti,surgical,
600640,"Limberg, Rhomboid, Karydakis flep ameliyatları",surgical,
600650,Mukoza flebi,surgical,
600660,Saçlı deri defektleri için rotasyon flebi,surgical,
600670,Saçlı deri defektleri için transpozisyon flebi ile birlikte deri grefti,surgical,
600680,Sakral defektler için bilateral V-Y ilerletme flebi,surgical,
600690,Tek bir doku içeren serbest flep,surgical,
600700,Tek loblu lokal deri flebi,surgical,
600710,Üç farklı dokuyu birlikte içeren serbest flep,surgical,
600720,V-Y ilerletme deri flebi,surgical,
600730,Z-Plasti (Bir tek Z-plasti),surgical,
600770,"Vasküler lezyon, eksizyonel lazer",surgical,
600800,Deri tümörlerinde eksizyonel lazer,surgical,
600830,"Pigmentli lezyon, eksizyonel olmayan lazer",surgical,
600860,"""Blow-out"" kırığı, orbita tabanına greft veya biyomateryal yerleştirilmesi",surgical,
600870,Etmoidal arter ligasyonu,surgical,
600880,"Frontal kemik kırığı, açık redüksiyon ve internal tespit",surgical,
600890,Fronto-orbital ilerletme,surgical,
600900,Habitüel Temporomandibüler (TME) dislokasyonları için eminektomi,surgical,
600910,Kafatası kemiği ekstensif tümör ameliyatları,surgical,
600920,Kafatası kemiği basit tümöral kitleleri,surgical,
600930,"Kalvaryal şekillendirme, total",surgical,
600940,Kistik lenfanjiyom eksizyonu,surgical,
600950,Kondilektomi,surgical,
600960,"Kraniyal ansefalosel ameliyatları, diğer",surgical,
600970,"Kraniyoplasti ameliyatları, otojen greft ile",surgical,
600980,"Kraniyoplasti ameliyatları, yabancı cisim implantasyonu ameliyatları",surgical,
600990,"Kraniyosinostoz ameliyatları, tek veya çok sayıda sütür ile",surgical,
601000,Kraniyal kemik defektlerinin kosta grefti ile rekonstrüksiyonu,surgical,
601010,Kraniyal kemik defektlerinin plaklar ile rekonstrüksiyonu,surgical,
601020,Le Fort II osteotomisi ve/veya kemik grefti,surgical,
601030,Le Fort I osteotomisi ve/veya kemik grefti,surgical,
601040,Le Fort III osteotomisi ve/veya kemik grefti,surgical,
601050,"Maksilla veya mandibula kırığı, açık redüksiyon ve internal tespit",surgical,
601060,"Maksilla veya mandibula kırığı, intermaksiller tespit",surgical,
601070,"Maksillektomi, parsiyel",surgical,
601080,"Maksillektomi, total",surgical,
601090,"Mandibula veya maksilla rekonstrüksiyonu, kemik grefti ile",surgical,
601100,Mandibula veya maksilladaki kistik oluşumlara küretaj,surgical,
601110,Mandibula veya maksilladan ameloblastoma rezeksiyonu,surgical,
601120,Mandibula veya maksilladan küçük çaplı tümör rezeksizyonu,surgical,
601130,Mandibuladan tümör rezeksiyonu ve plak ile rekonstrüksiyon,surgical,
601140,Mandibuladan tümör rezeksiyonu ve vaskülarize kemik grefti ile onarım,surgical,
601141,Maksillomandibüler ilerletme cerrahisi,surgical,
601150,Mandibuladan tümör rezeksiyonu ve eş zamanlı kemik grefti ile onarım,surgical,
601160,"Mandibüler osteotomi, deformite onarımı için",surgical,
601170,"Mandibüler osteotomi, tümör rezeksiyonu için",surgical,
601180,"Nazo-ethmoid-orbital kırık, açık redüksiyon ve internal tespit",surgical,
601190,Orbital distopi düzeltilmesi,surgical,
601200,Orbital hipertelörizm düzeltilmesi,surgical,
601210,Sonradan kazanılmış oronazal fistüllerin kapatılması,surgical,
601220,Tiroglossal kist veya fistül eksizyonu,surgical,
601230,TME ankilozu için ‘gap’ artroplastisi,surgical,
601240,TME artroplasti,surgical,
601250,TME lüksasyonu kapalı redüksiyon,surgical,
601260,Vaskülarize kemik grefti ile mandibula rekonstrüksiyonu,surgical,
601270,"Zigoma kırığı, açık redüksiyon ve internal tespit",surgical,
601280,"Zigoma kırığı, kapalı redüksiyon",surgical,
601290,Açık rinoplasti ile total septal rekonstrüksiyon,surgical,
601300,"Alın flebi ile total burun kaybı onarımı, ikinci seans",surgical,
601310,"Burun eksternal cerrahi onarımı, greft ve /veya flep ile",surgical,
601320,Burun eksternal cerrahisi,surgical,
601330,Burun içi konka elektrokoterizasyonu,surgical,
601331,Radyofrekans/plazma uygulaması ile konka küçültülmesi,surgical,
601340,Burun kırıklarının kapalı redüksiyonu,surgical,
601350,Burun mukozası koterizasyonu,surgical,
601360,"Burun rekonstrüksiyonu, parsiyel",surgical,
601370,"Burun rekonstrüksiyonu, total",surgical,
601390,"Burun tamponu konması, arka",surgical,
601400,"Burun tamponu konması, ön",surgical,
601410,Burundan yabancı cisim çıkarılması,surgical,
601420,"Burundan yabancı cisim çıkarılması, cerrahi",surgical,
601430,"Kemik ve kıkırdak kaybı içeren ağır ""saddle nos"" deformitesi onarımı",surgical,
601440,"Koanal atrezi düzeltilmesi, tek taraf",surgical,
601450,Konka lateralizasyonu,surgical,
601460,"Konka submukozal rezeksiyonu, iki taraf",surgical,
601470,"Konka submukozal rezeksiyonu, tek taraf",surgical,
601480,Septal fraktür onarımı,surgical,
601490,"Nazal ensefalosel, kraniyotomi ile",surgical,
601500,Nazal fraktür onarımı,surgical,
601510,Nazal polipektomi,surgical,
601520,Nazal septal perforasyon onarımı,surgical,
601530,Nazal septal buton tatbiki,surgical,
601540,"Nazal valv cerrahisi, iki taraf",surgical,
601550,"Nazal valv cerrahisi, tek taraf",surgical,
601560,"Rinofima eksizyonu ve alın flebi, birinci seans",surgical,
601570,"Rinofima eksizyonu ve alın flebi, ikinci seans",surgical,
601580,Rinofima eksizyonu ve deri grefti,surgical,
601590,Rinofima eksizyonu ve ikincil iyileşmeye bırakılması,surgical,
601600,"Rinoplasti komplike olmayan, greft kullanılmaksızın",surgical,
601610,"Rinoplasti komplike, greft ile",surgical,
601620,Septoplasti,surgical,
601630,Septorinoplasti,surgical,
601640,"Şinesi, veb açılması",surgical,
601650,"Total burun kaybı rekonstrüksiyonunda alın flebi ve iskelet yapı oluşturulması, birinci seans",surgical,
601660,"Yalnızca kıkırdak kaybı içeren ""saddle nose"" deformitesi onarımı",surgical,
601670,Alar defektlerin rekonstrüksiyonu,surgical,
601680,"Aritenoidektomi, endolaringeal",surgical,
601685,Aritenoid addüksiyonu,surgical,
601690,"Boyun diseksiyonu, radikal veya fonksiyonel, tek taraf",surgical,
601700,Boyun eksplorasyonu,surgical,
601710,Brankial kleft kisti veya sinüsü eksizyonu,surgical,
601720,Damak fistülü onarımı,surgical,
601730,Eksternal karotid arter ligasyonu,surgical,
601740,Endolaringeal lazer cerrahisi,surgical,
601750,Endolaringeal mikrocerrahi ile larinks poliplerine girişim,surgical,
601760,Faringolarinjektomi,surgical,
601770,Faringolaringoözefajektomi,surgical,
601780,Hiyoid suspansiyonu,surgical,
601790,İntralaringeal enjeksiyonla mediyalizasyon,surgical,
601800,Kordektomi veya stripping,surgical,
601810,Kosta grefti alınması,surgical,
601820,Krikotiroidopeksi,surgical,
601830,"Laringeal fraktür tedavisi, kapalı",surgical,
601840,"Laringeal reinnervasyon, nöromusküler flep ile",surgical,
601850,Laringofissür,surgical,
601860,Laringoplasti (Fraktür için açık redüksiyon),surgical,
601870,"Laringoplasti (Medializasyon, tek taraf)",surgical,
601880,"Laringoplasti (Yanıklar, rekonstrüksiyon)",surgical,
601881,Laringeal stenoz cerrahisi,surgical,
601885,Laringeal web açılması,surgical,
601890,Laringosel çıkarılması,surgical,
601900,"Laringoskopi, direkt",surgical,
601901,Laringoskopi ve biyopsi,surgical,
601910,"Laringoskopi, fleksible fiberoptik",surgical,
601920,Laringostroboskopi,surgical,
601930,"Larinjektomi, parsiyel",surgical,
601940,"Larinjektomi, total",surgical,
601950,"Larinks biyopsisi, indirekt laringoskopi ile",surgical,
601960,Larinks papillomu,surgical,
601970,Larinksten yabancı cisim çıkarılması,surgical,
601971,Larinksten radyofrekans ile kitle eksizyonu,surgical,
601972,Larinkste radyofrekans ile kordotomi veya kordektomi,surgical,
601980,Lateral rinotomi ile yaklaşım,surgical,
601990,Maksiller arter ligasyonu,surgical,
602000,Obturator tatbiki,surgical,
602010,Suprahyoid boyun diseksiyonu,surgical,
602020,Tirohyoid suspansiyon,surgical,
602030,Tiroplasti,surgical,
602031,"Trakeoözofajial fistül açılması, primer",surgical,
602032,"Trakeoözofajial fistül açılması, sekonder",surgical,
602040,Tortikollis düzeltilmesi,surgical,
602050,Antrokoanal polip eksizyonu,surgical,
602060,"BOS rinoresi cerrahisi, eksternal yaklaşım",surgical,
602070,"Caldwell-Luc ameliyatı, tek taraf",surgical,
602080,"Caldwell-Luc ameliyatı, iki taraf",surgical,
602090,Eksternal etmoidektomi,surgical,
602100,"Frontal sinozotomi, trepanasyon",surgical,
602110,"Frontal sinüs cerrahisi, osteoplastik flep ile, iki taraf",surgical,
602120,"Frontal sinüs cerrahisi, osteoplastik flep ile, tek taraf",surgical,
602130,Maksiller sinüs poksiyonu ve lavajı,surgical,
602140,Ozenaya cerrahi girişim,surgical,
602150,Piterigopalatin fossa cerrahisi,surgical,
602160,Transnazal etmoidektomi,surgical,
602180,Endoskopik BOS rinoresi cerrahisi,surgical,
602190,Endoskopik burun ve nazofarinks tümör cerrahisi,surgical,
602200,Endoskopik dakriyosistorinostomi (DSR),surgical,
602210,Endoskopik frontal sinüs cerrahisi,surgical,
602220,Endoskopik koanal atrezi açılması,surgical,
602230,Endoskopik konka bülloza rezeksiyonu,surgical,
602240,Endoskopik konka redüksiyonu,surgical,
602250,Endoskopik medial maksillektomi,surgical,
602260,"Endoskopik meningosel, ensefalosel cerrahisi",surgical,
602270,Endoskopik optik sinir dekompresyonu,surgical,
602280,Endoskopik orbita dekompresyonu,surgical,
602290,Endoskopik septoplasti,surgical,
602300,Endoskopik sfenoid sinüs cerrahisi,surgical,
602310,Fleksibl fiberoptik nazofaringoskopi,surgical,
602320,"Fonksiyonel endoskopik sinüs cerrahisi, iki taraf",surgical,
602330,"Fonksiyonel endoskopik sinüs cerrahisi, tek taraf",surgical,
602340,Maksiller sinüse endoskopik müdahale,surgical,
602350,Nazofarinks biyopsisi,surgical,
602360,"Temporomandibuler eklem endoskopisi, diyagnostik",surgical,
602370,"Temporomandibuler eklem endoskopisi, cerrahi",surgical,
602371,Sinüslerde invaziv mantar enfeksiyonu debritmanı,surgical,
602375,Endoskopik epistaksis kontrolü ile sfenopalatin arter ve dalları ligasyonu,surgical,
602380,Adenoidektomi,surgical,
602390,Adenoidektomi ve tüp,surgical,
602400,Ağız içi ve etrafı benign tümörlerinin rezeksiyonu,surgical,
602410,Ağız içinde malign tümörlerin eksizyonu ve lokal flep uygulaması,surgical,
602420,Ağız tabanı ve dil laserasyonları onarımı,surgical,
602430,Ağız ve çenenin kemik rezeksiyonu gerektiren malign tümörleri,surgical,
602440,"Ağız vestibülü apse, kist veya hematom drenajı",surgical,
602450,Ağız vestibülü mukozasının donör greft olarak eksizyonu ve onarımı,surgical,
602460,Ağız vestibülündeki lezyonların fizik yöntemlerle destrüksiyonu,surgical,
602470,Ağız vestibülünden mukoza ve submukoza eksizyonu ve onarımı,surgical,
602480,Alveolar yarık onarımı,surgical,
602490,Anterior damak fistülü onarımı,surgical,
602500,Damağa radyofrekans uygulanması,surgical,
602510,Damak ve uvula lezyonlarının eksizyonu,surgical,
602520,"Damak ve uvula lezyonlarının onarımı, flep ile",surgical,
602530,Damak yarığı onarımı ve faringeal flep,surgical,
602540,"Damak yarığı onarımı, inkomplet",surgical,
602550,"Damak yarığı onarımı, komplet",surgical,
602560,Deri grefti kullanarak sulkoplasti,surgical,
602570,Deri grefti kullanmaksızın posterior dudak sulkusu açılması,surgical,
602580,Dil köküne radyofrekans uygulanması,surgical,
602590,Dil kökü suspansiyonu ve/veya dil kökünden doku çıkarılması,surgical,
602600,Dil lezyonu eksizyonu,surgical,
602610,"Dil lezyonu eksizyonu ve onarımı, dil flebi ile",surgical,
602620,"Dil ve ağız tabanından apse, kist, hematom vb. çıkarılması",surgical,
602630,Dudak adezyonu,surgical,
602640,"Dudak malign tümör rezeksiyonu ve suprahyoid boyun diseksiyonu, Estlander, Berdnard vb. flep ile",surgical,
602650,"Dudak malign tümör rezeksiyonu veya biyopsisi ve Estlander, Berdnard vb. flep kullanımı",surgical,
602660,Dudak malign tümör wedge rezeksiyonu,surgical,
602670,Dudak veya dilden kama şeklinde doku rezeksiyonu ve primer onarım,surgical,
602680,"Dudak yarığı burnu onarımı, osteotomisiz",surgical,
602690,"Dudak yarığı burnu onarımı, osteotomi ile",surgical,
602700,"Dudak yarığı onarımı, tek taraf",surgical,
602710,"Dudak yarığı onarımı, iki taraf",surgical,
602720,Dudaktan büyük tümör rezeksiyonu ve lokal flepler ile onarımı,surgical,
602730,"Dudaktan büyük tümör rezeksiyonu, lokal flepler ile onarımı ve LAP biyopsisi",surgical,
602740,Faringeal flep,surgical,
602750,"Farinks duvarının rezeksiyonu ve onarımı, miyokütan flep ile",surgical,
602760,Frenilum linguale plastiği,surgical,
602770,Genioglossal ilerletme,surgical,
602780,"Genioplasti, implant ile",surgical,
602790,"Genioplasti, osteotomi ile",surgical,
602800,"Glossektomi, parsiyel",surgical,
602810,"Glossektomi, total",surgical,
602820,Hemiglossektomi,surgical,
602830,Hipertrofik lingual frenulum düzeltilmesi,surgical,
602840,Islık çalan ağız deformitesi onarımı,surgical,
602850,Kolumella uzatılması,surgical,
602860,"İntraoral tümör eksizyonu, mandibula rezeksiyonu ve boyun diseksiyonu (Komando ameliyatı)",surgical,
602870,Lateral faringeal duvar ve piriform sinüs rezeksiyonu,surgical,
602880,Lazer asiste uvulektomi,surgical,
602890,Lazer asiste uvulopalatofaringoplasti,surgical,
602900,Lingual tonsil eksizyonu,surgical,
602910,Mentoplasti,surgical,
602920,Nadir yüz yarığı onarımı,surgical,
602930,"Nazofaringeal lezyon eksizyonu, infratemporal fossaya yaklaşım",surgical,
602940,"Nazofaringeal lezyon eksizyonu, transpalatal",surgical,
602950,Nazolabial fistül onarımı,surgical,
602960,Onarılmış dudak yarığı revizyonu,surgical,
602970,Oro-antral fistüllerin onarımı,surgical,
602980,Orofaringeal ve nazofaringeal postoperatif kanama kontrolü,surgical,
602990,Peritonsiller apse açılması,surgical,
603000,Posterior damak fistülü onarımı,surgical,
603010,Premaksiller segmentin geri alınması,surgical,
603020,Ranulaya girişim,surgical,
603030,Retrofaringeal veya parafaringeal apse drenajı,surgical,
603040,"Sert damaktan tümör eksizyonu ve onarım, greft ile",surgical,
603050,"Sert damaktan tümör eksizyonu, primer onarım",surgical,
603060,Stiloid proçes elangasyonu eksizyonu,surgical,
603070,"Tonsil plikalar, retromolar trigon radikal rezeksiyonu, flepler ile",surgical,
603080,Tonsillektomi,surgical,
603090,Tonsillektomi ve adenoidektomi,surgical,
603100,Tonsillektomi ve adenoidektomi ve tüp,surgical,
603110,Tonsillektomi ve tüp,surgical,
603120,Transpalatal ilerletme,surgical,
603130,Uvulektomi,surgical,
603140,Uvulofaringoplasti,surgical,
603150,"Vestibüloplasti, tek veya iki taraf",surgical,
603160,Minör tükrük bezi dokularının eksizyonu,surgical,
603170,"Parotidektomi, total",surgical,
603180,"Parotidektomi, yüzeyel",surgical,
603190,Parotis apse drenajı,surgical,
603200,"Siyalolitotomi, cerrahi",surgical,
603210,Sublingual tükrük bezi eksizyonu,surgical,
603220,Submaksiller veya sublingual apse drenajı,surgical,
603230,Submandibuler tükrük bezi eksizyonu,surgical,
603240,"Tükrük bezinin plastik onarımı, sialodokoplasti",surgical,
603250,Geç sternal dehiscence onarımı,surgical,
603260,Fasiyatomi,surgical,
603270,Göğüs duvarından olan akciğer hernisinin onarımı,surgical,
603280,"Kot fraktürü tedavisi, açık",surgical,
603290,"Kot fraktürü tedavisi, kapalı",surgical,
603300,"Kot rezeksiyonu, ekstraplevral",surgical,
603310,"Kot rezeksiyonu, parsiyel",surgical,
603320,Mediastinal kist veya tümör eksizyonu,surgical,
603330,"Mediastinal tümör eksizyonu, malign",surgical,
603340,Mediastinoskopi,surgical,
603350,Mediastinotomi ile eksplorasyon,surgical,
603360,Sternal debritman,surgical,
603370,"Sternal rezeksiyon ve rekonstrüksiyon, protez ile",surgical,
603380,"Sternal rezeksiyon ve rekonstrüksiyon, protezsiz",surgical,
603390,Sternal tel çıkarılması,surgical,
603400,"Sternum fraktürü fiksasyonu, açık",surgical,
603410,"Sternum fraktürü fiksasyonu, kapalı",surgical,
603420,"Torakoplasti, bronkoplevral fistül kapatılması ile birlikte",surgical,
603430,"Torakoplasti, Schede tipi veya ekstraplevral",surgical,
603440,"Toraks duvarı deformiteleri, pectus excavatum, carinatum",surgical,
603450,"Toraks duvarı rezeksiyonu ve rekonstrüksiyonu, protez ile",surgical,
603460,"Toraks duvarı rezeksiyonu ve rekonstrüksiyonu, protezsiz",surgical,
603470,"TOS, trans aksiller girişim, servikal kot ve/veya 1. kot rezeksiyonu",surgical,
603480,"Tümör eksizyonu, intratorasik, ekstrapulmoner",surgical,
603490,Tümör veya kist eksizyonu,surgical,
603500,Abdominoplasti,surgical,
603510,Gastroşizis onarımı,surgical,
603520,Göbek granülomu veya polipi eksizyonu,surgical,
603530,Karın duvarı benign tümörleri için girişim,surgical,
603540,Karın duvarı malign tümörleri için girişim,surgical,
603550,Kloakal ekstrofi onarımı,surgical,
603560,Omfalomezenterik kanal açıklığı onarımı,surgical,
603570,Omfalomezenterik kanal kisti veya fistülü eksizyonu,surgical,
603580,Omfalosel primer onarımı,surgical,
603590,Rektus diyastazı onarımı,surgical,
603600,Rektus kılıfı hematomu için girişim,surgical,
603610,"Büyütme mammoplastisi, iki taraf",surgical,
603620,"Jinekomasti düzeltilmesi, iki taraf",surgical,
603630,"Jinekomasti düzeltilmesi, tek taraf",surgical,
603640,"Küçültme mammoplastisi, iki taraf",surgical,
603650,"Mastektomi, basit",surgical,
603660,"Mastektomi, radikal",surgical,
603670,"Mastektomi, modifiye radikal",surgical,
603680,Meme asimetrisinin düzeltilmesi,surgical,
603690,"Meme rekonstrüksiyonu, çift pediküllü TRAM flep ile",surgical,
603700,"Meme rekonstrüksiyonu,Latissimus dorsi kas deri flebi ve implant ile",surgical,
603710,"Meme rekonstrüksiyonu, mikrovasküler anastomozlu",surgical,
603720,"Meme rekonstrüksiyonu, sadece implant ile",surgical,
603730,"Meme rekonstrüksiyonu, tek pediküllü TRAM flebi ile",surgical,
603740,Meme ucu ve başı rekonstrüksiyonu,surgical,
603750,Segmental mastektomi,surgical,
603751,Memeden kist-benign tümör çıkarılması,surgical,
603752,Segmental mastektomi ile birlikte aksiller sentinel lenf nodu eksizyonu,surgical,
603753,Segmental mastektomi ile birlikte aksiler diseksiyon,surgical,
603754,Meme duktoskopi ve duktal lavaj,surgical,
603755,Meme duktus eksizyonu,surgical,
603760,Tüberoz meme onarımı,surgical,
603770,"Greftsiz inguinal herni onarımı, inkarsere veya strangüle",surgical,
603771,"Greftli inguinal herni onarımı, inkarsere veya strangüle",surgical,
603780,"Greftsiz inguinal herni onarımı, tek taraf",surgical,
603781,"Greftli inguinal herni onarımı, tek taraf",surgical,
603782,"Greftsiz inguinal herni onarımı, iki taraf",surgical,
603783,"Greftli inguinal herni onarımı, iki taraf",surgical,
603790,"İnguinal herni onarımı, tek taraf, laparoskopik",surgical,
603791,"İnguinal herni onarımı, iki taraf, laparoskopik",surgical,
603800,Greftsiz insizyonel herni onarımı,surgical,
603801,Greftli insizyonel herni onarımı,surgical,
603802,"Greftli femoral herni onarımı, tek taraf",surgical,
603803,"Greftsiz femoral herni onarımı, tek taraf",surgical,
603804,"Greftli femoral herni onarımı, iki taraf",surgical,
603805,"Greftsiz femoral herni onarımı, iki taraf",surgical,
603806,"Femoral herni onarımı, tek taraf, laparoskopik",surgical,
603807,"Femoral herni onarımı, iki taraf, laparoskopik",surgical,
603810,Lomber herni onarımı,surgical,
603820,Parastomal herniasyonda girişim,surgical,
603830,Spiegel hernisi onarımı,surgical,
603831,"Spiegel hernisi onarımı, laparoskopik",surgical,
603840,Greftsiz umblikal herni onarımı,surgical,
603841,Greftli umblikal herni onarımı,surgical,
603842,"Umblikal herni onarımı, laparoskopik",surgical,
603843,Greftli epigastrik herni onarımı,surgical,
603844,Greftsiz epigastrik herni onarımı,surgical,
603845,"Epigastrik herni onarımı, laparoskopik",surgical,
603846,Greftli perineal herni onarımı,surgical,
603850,Umblikal kord hernisi onarımı,surgical,
603851,Greft/Mesh çıkarılması,surgical,
603860,Ventral herni onarımı,surgical,
603870,"Bochdalek hernisi onarımı, abdominal",surgical,
603880,"Bochdalek hernisi onarımı, torakal",surgical,
603890,"Diyafragma laserasyonu, primer onarım",surgical,
603900,"Diyafragmatik herni onarımı, kombine, torakoabdominal yaklaşımla",surgical,
603910,"Diyafragmatik herni onarımı, transtorasik yaklaşımla",surgical,
603920,"Diyafragmatik herni onarımı (Travmatik, akut)",surgical,
603930,"Diyafragmatik herni onarımı (Travmatik, kronik)",surgical,
603940,"Diyafragmatik herni onarımı, greft ile (Travmatik, kronik)",surgical,
603950,"Diyafragma evantrasyonu, primer onarım",surgical,
603960,"Diyafragma rezeksiyonu ve rekonstrüksiyonu, protezli",surgical,
603970,"Diyafragma rezeksiyonu ve rekonstrüksiyonu, protezsiz",surgical,
603980,Diyafragmatik pace uygulaması,surgical,
603990,Diyafragmada evisserasyon veya evantrasyon düzeltilmesi,surgical,
604000,Morgagni hernisi onarımı,surgical,
604010,Apendiks epiploika torsiyonu,surgical,
604020,"Laparoskopi, tanısal",surgical,
604030,Laparostomi,surgical,
604040,"Laparostomi, fermuar-mesh/ negatif basınç yöntemi",surgical,
604050,"Laparotomi, intestinal obstrüksiyonlarda",surgical,
604060,"Laparotomi, organ biyopsisi amacıyla",surgical,
604070,"Laparotomi, tanısal",surgical,
604071,Laparotomi- packing,surgical,
604075,Batın içi abdomen (eviserasyon-evanterasyon) düzeltilmesi,surgical,
604080,Omentektomi,surgical,
604090,Omentum kisti veya tümörü eksizyonu,surgical,
604100,"Periton lavajı, tanısal",surgical,
604110,"Peritoneal tuvalet ve debritman, her bir seans",surgical,
604120,"Peritoneal veya mezenterik tümör, kist eksizyonu",surgical,
604130,Peritoneo-venöz şant yapılması,surgical,
604140,Plöroperitoneal şant uygulaması,surgical,
604150,"Radikal peritoneal debritman, her bir seans",surgical,
604155,Sitoredüktif cerrahi ile birlikte hipertermik intraperitoneal kemoterapi,surgical,
604160,Retroperitoneal tümörden biyopsi,surgical,
604170,Retroperitoneal kist veya tümör eksizyonu,surgical,
604180,Perikardiyosentez,surgical,
604190,Tüp perikardiyostomi,surgical,
604200,"Pıhtı veya yabancı cisim çıkartılması için perikardiyotomi, primer",surgical,
604210,Perikardiyal pencere açılması veya parsiyel rezeksiyon,surgical,
604220,"Perikardiyektomi, subtotal veya tam, kardiyopulmoner by-pass olmaksızın",surgical,
604230,"Perikardiektomi, kardiopulmoner by-pass ile",surgical,
604240,Perikardiyal kist veya tümör eksizyonu,surgical,
604250,"İntrakardyiak tümör eksizyonu, kardiyopulmoner by-pass ile",surgical,
604260,Eksternal kardiyak tümör rezeksiyonu,surgical,
604270,"Kardiyak kist hidatik eksizyonu, kardiyopulmoner bypass ile",surgical,
604280,"Kardiyak kist hidatik eksizyonu, kardiyopulmoner bypass olmaksızın",surgical,
604300,"Aritmojenik odağın veya yolun cerrahi ablasyonu, kardiopulmoner by-pass ile",surgical,
604310,Kalıcı pacemaker çıkartılması,surgical,
604320,"Kalıcı pil ve epikardiyal elektrot yerleştirilmesi, torakotomi ile",surgical,
604330,"Kalıcı pil ve epikardiyal elektrot yerleştirilmesi, xiphoid yaklaşımı ile",surgical,
604360,"Pacemaker onarımı, pulse jeneratörünün tekrar yerleştirilmesi ile birlikte",surgical,
604370,"Pacemaker onarımı, sadece elektrotlar",surgical,
604400,"Supraventriküler aritmojenik odağın veya yolun cerrahi ablasyonu, kardiyopulmoner by-pass olmaksızın",surgical,
604410,"Supraventriküler aritmojenik odağın veya yolun cerrahi ablasyonu, kardiyopulmoner by-pass ile birlikte",surgical,
604430,"Transvenöz elektrot çıkarılması, torakotomi ile, kardiyopulmoner by-pass birlikte",surgical,
604440,"Transvenöz elektrot çıkarılması, torakotomi ile",surgical,
604450,"Aort/büyük damarların sütür onarımı, kardiopulmoner by-pass ile birlikte",surgical,
604460,"Aort/büyük damarların sütür onarımı, kardiopulmoner by-pass olmaksızın",surgical,
604470,"Greft yerleştirilmesi, aort veya büyük damarlar, kardiyopulmoner by-pass ile",surgical,
604480,"Greft yerleştirilmesi, aort veya büyük damarlar, kardiyopulmoner by-pass olmaksızın",surgical,
604490,"Kalp yaralanması onarımı, kardiyopulmoner by-pass ile birlikte",surgical,
604500,"Kalp yaralanması onarımı, kardiyopulmoner by-pass olmaksızın",surgical,
604510,"Kalp yaralanması, koroner arter hasarı, koroner by-pass ile birlikte",surgical,
604520,"Kalp yaralanması, valvül hasarı, tamiri-replasmanı, koroner by-pass",surgical,
604530,"Kalp yaralanması, ventriküler septal defekt onarımı",surgical,
604540,"Kardiyotomi eksploratris, kardiyopulmoner by-pass ile birlikte",surgical,
604550,"Kardiyotomi eksploratris, kardiyopulmoner by-pass olmaksızın",surgical,
604560,Apiko-aortik konduit konstruksiyonu,surgical,
604570,"AVR, aortik anülüs genişletmesi ile birlikte, nonkoroner kusp",surgical,
604580,"AVR, transventriküler aortik anülüs genişletmesi ile birlikte",surgical,
604590,Diskret subvalvüler aort darlığında subvalvüler rezeksiyon veya insizyon,surgical,
604600,İHSS (Asimetrik septal hipertrofi) 'de ventrikülomyotomi (Myektomi),surgical,
604610,Aort kapağı replasmanı (AVR) (Kardiopulmoner by-pass ile birlikte),surgical,
604615,Otolog aortik kapak neoküspidizasyon/rekonstrüksiyonu (kardiyopulmoner by-pass ile birlikte),surgical,
604620,Ross ameliyatı,surgical,
604630,Supravalvüler stenozda aortoplasti,surgical,
604640,"Valvotomi, aort kapağı (Komissurotomi)",surgical,
604650,"Valvüloplasti, aort kapağı, açık",surgical,
604660,"Valvotomi, mitral kapak, kapalı",surgical,
604670,"Valvotomi, mitral kapak, açık",surgical,
604680,"Valvüloplasti, mitral kapak",surgical,
604690,"Valvüloplasti, mitral kapak, prostetik ring ile",surgical,
604700,"Valvüloplasti, mitral kapak, açık, radikal rekonstrüksiyon",surgical,
604710,"Replasman, mitral kapak (MVR)",surgical,
604711,Replasman mitral kapak ile birlikte triküspit annüloplasti,surgical,
604712,"Minimal invaziv replasman, mitral kapak (MVR)",surgical,
604713,Minimal invaziv replasman mitral kapak ile birlikte triküspit annüloplasti,surgical,
604714,Minimal invaziv çalışan kalpte mitral kapak tamiri,surgical,
604720,"Valvotomi, triküspit kapak",surgical,
604730,"Valvüloplasti veya annüloplasti, triküspit kapak",surgical,
604740,"Replasman, triküspit kapak",surgical,
604750,Ebstein anomalisinde triküspit kapak repozisyonu veya plikasyonu,surgical,
604760,Ana pulmoner arter veya dallarında darlık nedeniyle onarım,surgical,
604770,"Aort root genişletmesi ile birlikte aort replasmanı, mitral kapak rekonstruksiyonu",surgical,
604780,Aort root genişletmesi ile birlikte aort ve mitral kapak replasmanı,surgical,
604790,Çift kapak replasmanı,surgical,
604791,"Bir kapak replasmanı ile birlikte bir kapak valvüloplasti, ring ile birlikte veya değil",surgical,
604800,İnfundibüler stenozda sağ ventriküler rezeksiyon,surgical,
604810,Outflow trakt büyütmesi (Yama),surgical,
604820,Pulmoner arter anevrizması,surgical,
604830,Üç kapak replasmanı,surgical,
604831,"İki kapak replasmanı ile birlikte bir kapak valvüloplasti, ring ile veya değil",surgical,
604840,"Valvotomi, pulmoner kapak, açık",surgical,
604850,"Valvotomi, pulmoner kapak, açık, inflow oklüzyon ile",surgical,
604851,Pulmoner kapak replasmanı,surgical,
604860,"Valvotomi, pulmoner kapak, kapalı (Transventriküler)",surgical,
604870,"Anormal koroner arter, greft ile",surgical,
604880,"Anormal koroner arter, greft ile",surgical,
604890,"Anormal koroner arter, ligasyon",surgical,
604900,"Koroner anjiyoplasti, koroner by-pass ile birlikte",surgical,
604910,"Koroner arter by-pass, karotid endarterektomi ile birlikte patch plasti",surgical,
604920,"Koroner arter by-pass, otojen greft (Safen/IMA vb), dört ve daha çok koroner grefti",surgical,
604930,"Koroner arter by-pass, otojen greft (Safen/IMA vb), iki koroner grefti",surgical,
604940,"Koroner arter by-pass, otojen greft (Safen/IMA vb), tek koroner grefti",surgical,
604950,"Koroner arter by-pass, otojen greft (Safen/IMA vb), üç koroner grefti",surgical,
604960,"Koroner arter by-pass, otojen greft (Safen/IMA vb), beş koroner grefti, kardiyopulmoner by-pass ile",surgical,
604970,"Koroner arter by-pass, otojen greft (Safen/IMA vb), beşten fazla koroner grefti, kardiyopulmoner by-pass ile",surgical,
604980,"Koroner arter by-pass, otojen greft (Safen/IMA vb), dört koroner grefti, kardiyopulmoner by-pass ile",surgical,
604990,"Koroner arter by-pass, otojen greft (Safen/IMA vb), iki koroner grefti, kardiyopulmoner by-pass ile",surgical,
605000,"Koroner arter by-pass, otojen greft (Safen/IMA vb.), tek koroner grefti, kardiyopulmoner by-pass ile",surgical,
605010,"Koroner arter by-pass, otojen greft (Safen/IMA vb), üç koroner grefti, kardiyopulmoner by-pass ile",surgical,
605020,Koroner arteriyovenöz veya arteriyokardiak fistül onarımı,surgical,
605030,Myokardiyal rezeksiyon (ÖR/ Ventriküler anevrizmektomi),surgical,
605040,"Postinfarkt VSD onarımı, miyokardiyal rezeksiyon ile birlikte veya değil",surgical,
605050,Ventriküler küçültme ameliyatı (Batista),surgical,
605060,"Sekundum atriyal septal defekt onarımı, primer",surgical,
605070,"Sekundum atriyal septal defekt onarımı, yama ile",surgical,
605080,"Atriyal septal defekt ve sinüs venosus onarımı, primer veya yama ile",surgical,
605090,"Atriyal septal defekt ve VSD kombine onarımı, primer veya patch ile",surgical,
605100,"Parsiyel A-V kanal defekti onarımı, yama ile",surgical,
605110,"Parsiyel A-V kanal defekti ve VSD onarımı, yama ile",surgical,
605120,"Komplet atriyoventriküler kanal onarımı, prostetik kapak ile/olmaksızın",surgical,
605130,"Ventriküler Septal Defekt (VSD) kapatılması, primer",surgical,
605140,"Ventriküler Septal Defekt (VSD) kapatılması, yama ile",surgical,
605150,Asiyanotik VSD kapatılması ve pulmoner valvotomi/infund. rezeksiyonu,surgical,
605160,"VSD kapatılması ve pulmoner arter bandı çıkarılması, yama ile veya yama olmaksızın",surgical,
605170,Pulmoner arterin bantlanması,surgical,
605175,Kateter ile ASD ve VSD kapatılması,surgical,
605180,Cor triatriatum,surgical,
605190,"Triküspit atrezisi onarımı (ÖR/ Fontan, Modifiye Fontan işlemleri)",surgical,
605200,Korrekte TGA'da VSD,surgical,
605210,Korrekte TGA’da kapak plastisi,surgical,
605220,Korrekte TGA'da kapak replasmanı,surgical,
605230,Korrekte TGA'da PS ile birlikteVSD,surgical,
605240,"Fallot tetralojisi komplet onarımı, transannüler yama olmaksızın",surgical,
605250,"Fallot tetralojisi komplet onarımı, transannüler yama ile birlikte",surgical,
605260,"Fallot tetralojisi komplet onarımı, önceki shunt'ın kapatılması ile birlikte",surgical,
605270,Çift çıkışlı veya girişli sağ veya sol ventrikül cerrahisi,surgical,
605280,"Sinüs valsalva fistülü onarımı, kardiyopulmoner by-pass ile birlikte",surgical,
605290,"Sinüs valsalva fistülü onarımı, ventriküler septal defekt onarımı ile birlikte",surgical,
605300,Sinüs valsalva anevrizması onarımı,surgical,
605310,Aortikoventriküler tünel onarımı,surgical,
605320,Anormal venöz dönüşün komplet onarımı,surgical,
605330,"Atriyal septektomi veya septostomi, kapalı",surgical,
605340,"Atriyal septektomi, açık",surgical,
605350,"Shunt, subklavyen-pulmoner arter",surgical,
605360,"Shunt, asendan aorta-pulmoner arter",surgical,
605370,"Shunt, desendan aorta-pulmoner arter",surgical,
605380,"Shunt, santral, prostetik greft",surgical,
605390,"Shunt, vena cava-pulmoner arter",surgical,
605400,Bidirectional kavopulmoner anastomoz,surgical,
605410,"Büyük arterlerin transpozisyonu onarımı, Atriyal Baffle işlemi, kardiyopulmoner by-pass ile birlikte",surgical,
605420,"Büyük arterlerin transpozisyonu onarımı, Atriyal Baffle işlemi, pulmoner bant çıkartılması ile birlikte",surgical,
605430,"Büyük arterlerin transpozisyonu onarımı, Atriyal Baffle işlemi, ventriküler septal defekt kapatılması ile birlikte",surgical,
605440,"Büyük arterlerin transpozisyonu onarımı, Atriyal Baffle işlemi, subpulmonik darlık onarılması ile birlikte",surgical,
605450,"Büyük arterlerin transpozisyonu onarımı, arteryel rekonstruksiyon (Jaten)",surgical,
605460,"Büyük arterlerin transpozisyonu onarımı, pulmoner bant çıkarılması ile birlikte",surgical,
605470,"Büyük arterlerin transpozisyonu onarımı, ventriküler septal defekt kapatılması",surgical,
605480,"Büyük arterlerin transpozisyonu onarımı, subpulmonik darlık onarılması",surgical,
605490,Büyük arterlerin transpozisyonunda Rastelli operasyonu,surgical,
605500,İntraventriküler re-routing ameliyatları,surgical,
605510,"Trunkus arteriosus, total onarım, Rastelli tipi ameliyat",surgical,
605520,Aberan damar divizyonu,surgical,
605530,"Aberan damar divizyonu, reanastomoz ile birlikte",surgical,
605540,Aort koarktasyonu eksizyonu ve greft ile rekonstrüksiyon (PDA var veya yok),surgical,
605550,Aort koarktasyonu eksizyonu ve uç-uca anastomoz (PDA var veya yok),surgical,
605560,"Aort koarktasyonu onarımı, kardiyopulmoner by-pass ile birlikte",surgical,
605570,"Aort koarktasyonu, greft ile by-pass",surgical,
605580,"Aort koarktasyonu, prostetik materyal kullanarak plasti",surgical,
605590,"Aort koarktasyonu, sol subklavyen arter ile flep aortoplasti",surgical,
605600,"Aortopulmoner pencere kapatılması, kardiyopulmoner by-pass ile birlikte",surgical,
605610,"Aortopulmoner pencere kapatılması, kardiyopulmoner by-pass olmaksızın",surgical,
605620,Hipoplastik sol kalp sendromu onarımı,surgical,
605630,"Hipoplastik veya interrupted aortik ark, otojen veya prostetik materyal ile onarım",surgical,
605640,Patent Duktus Arteriosus (PDA) divizyonu,surgical,
605650,"Patent Duktus Arteriosus (PDA) divizyonu, by-pass ile birlikte",surgical,
605660,"Patent Duktus Arteriosus (PDA) ligasyonu, primer",surgical,
605670,Trakea dekompresyonu için aortik suspansiyon,surgical,
605680,"Asendan aorta grefti,koroner implant var,kapak replasmanı ile birlikte + transvers aort ark grefti",surgical,
605700,Asendan aort replasmanı ve kapak resüspansiyonu,surgical,
605701,Asendan aort replasmanı,surgical,
605710,"Asendan aort grefti,koroner implant yok,kapak replasmanı ile birlikte",surgical,
605720,"Asendan aort grefti,koroner implant var,kapak replasmanı ile birlikte",surgical,
605721,"Asendan aort grefti,koroner implant var",surgical,
605722,Asendan aort replasmanı ve hemiarkus replasmanı,surgical,
605730,"Asendan aort grefti,kapak süspansiyon var ve transvers aort ark grefti",surgical,
605740,"Asendan aort grefti,koroner implant yok,kapak replasmanı ile birlikte ve transvers aort ark grefti",surgical,
605750,Asendan aort grefti ve transvers aort ark grefti,surgical,
605760,"Asendan aort grefti,koroner implant var ve transversaort ark grefti",surgical,
605780,"Asendan aort grefti, transversaort ark grefti,arkus damarlarına bypassla birlikte",surgical,
605781,Asendan aorttan arkus dallarına by-pass/interpozisyon (debranching),surgical,
605790,"Total arkus replasmanı ve desenden aortaya arkus aorta içinden ulaşarak, greft implantasyonu",surgical,
605800,"Desendan torasik aorta grefti, kardiyopulmoner by-pass yok",surgical,
605801,"Asendan, arkus ve desandan aort replasmanı",surgical,
605802,Desandan aort ve distal arkus replasmanı,surgical,
605803,Desandan aort ve proksimal abdominal aort replasmanı (Visseral arter reimplantasyonu olmadan),surgical,
605804,Desandan aort ve abdominal aort replasmanı (Visseral/renal reimplantasyon var),surgical,
605805,Desandan ve abdominal aort ve iliyak arter replasmanı (Visseral/renal reimplantasyon var,surgical,
605820,Torasik aort anevrizmalarında endovasküler greft implantasyonu,surgical,
605840,"Transvers ark grefti, kardiyopulmoner by-pass ile",surgical,
605850,"Pulmoner arter embolektomi, kardiyopulmoner by-pass ile birlikte",surgical,
605860,"Pulmoner arter embolektomi, kardiyopulmoner by-pass olmaksızın",surgical,
605870,"Pulmoner tromboendarterektomi, kardiyopulmoner by-pass ile birlikte",surgical,
605910,"IABP, arter onarımını da içerecek şekilde balon çıkartılması, greftli veya greftsiz",surgical,
605920,İntraaortik balon kontrpulsasyonu (IABP),surgical,
605930,Kalp transplantasyonu,surgical,
605940,Kalp-akciğer transplantasyonu,surgical,
605960,"Kardiyopulmoner by-pass cerrahi işlemi, ilk gün pompa takibi dahil",surgical,
605962,"Sol veya sağ ventriküle uzun süreli, kalıcı, mekanik destek sistemi takılması",surgical,
605963,"Sol veya sağ ventriküle kısa süreli, geçici yardımcı destek cihazı takılması",surgical,
605966,"Sol ve sağ ventriküle (iki ventriküle birlikte) uzun süreli, kalıcı mekanik destek sistemi takılması",surgical,
605967,"Sol ve sağ ventriküle (iki ventriküle birlikte) kısa süreli, geçici yardımcı cihaz takılması",surgical,
605968,Sol ventriküle uzun sureli ve sağ ventriküle kısa süreli yardımcı cihaz takılması,surgical,
605969,Sol ventriküle uzun sureli yardımcı cihaz ve sağ ventriküle ECMO takılması,surgical,
605971,Total yapay kalp cihazı takılması,surgical,
605972,Sol ve/veya sağ ventrikülden kısa süreli yardımcı cihaz çıkarılması,surgical,
605973,"Sol veya sağ ventrikül, uzun süreli yardımcı cihazının değiştirilmesi (tromboz nedeni ile)",surgical,
605974,"Sol veya sağ ventrikül, kısa süreli yardımcı cihazının değiştirilmesi (tromboz nedeni ile)",surgical,
605975,Santral (Veno-arteriyel) VA-ECMO takılması veya çıkartılması,surgical,
605976,Perkütan (Veno-arteriyel) VA-ECMO takılması veya çıkartılması,surgical,
605977,Perkütan (Veno-venöz) VV-ECMO takılması veya çıkartılması,surgical,
605978,Perkütan (Veno-arteriyel-venöz) VAV-ECMO takılması veya çıkartılması,surgical,
605979,Arteriyal greft kullanılarak (Veno-arteriyel) VA-ECMO takılması veya çıkartılması,surgical,
605980,"Embolektomi veya trombektomi, karotid, subklavyen veya innominate arter boyun insizyonu ile, katater var veya yok",surgical,
605990,"Embolektomi veya trombektomi, karotid, subklavyen veya innominate arter torasik insizyon ile, katater var veya yok",surgical,
606000,"Embolektomi veya trombektomi, aksiller, brakiyal, innominate, subklavyen arter kol insizyonu ile, katater var veya yok",surgical,
606010,"Embolektomi veya trombektomi, radiyal veya ulnar arter kol insizyonu ile, katater var veya yok",surgical,
606020,"Embolektomi veya trombektomi, renal, çölyak, mezenter, aortoilyak arter abdominal insizyon ile, katater var veya yok",surgical,
606030,"Embolektomi veya trombektomi, femoropopliteal, aortoilyak arter bacak insizyonu ile, katater var veya yok",surgical,
606040,"Embolektomi veya trombektomi, popliteal, tibiyoperoneal arter, bacak insizyonu ile, kateter var veya yok",surgical,
606050,"Trombektomi, vena kava, ilyak ven, abdominal insizyon ile",surgical,
606060,"Trombektomi, vena cava, ilyak, femoropopliteal ven, bacak insizyonu ile",surgical,
606070,"Trombektomi, vena kava, ilyak ven, femoropopliteal ven, bacak insizyonu ve abdominal insizyon ile",surgical,
606080,"Trombektomi, subclavian ven, boyun insizyonu ile",surgical,
606090,"Trombektomi, aksiller ve subklavyen ven, kol insizyonu ile",surgical,
606091,"Trombektomi, diğer",surgical,
606100,"Valvüloplasti, femoral ven",surgical,
606110,"Venöz kapak transpozisyonu, herhangi bir donör ven",surgical,
606120,Venöz sisteme cross-over ven grefti,surgical,
606130,Safenopopliteal ven anastomozu,surgical,
606140,Vena kava superior sendromunda by-pass,surgical,
606150,Abdominal aort anevrizmalarında endovasküler greft implantasyonu,surgical,
606151,İliyak arter anevrizmalarında yan dallı greft implantasyonu,surgical,
606152,Aort anevrizmalarında fenestre endovasküler stent greft implantasyonu,surgical,
606153,Rüptüre torasik aort anevrizmalarında endovasküler greft implantasyonu,surgical,
606154,Rüptüre abdominal aort anevrizmalarında endovasküler greft implantasyonu,surgical,
606160,Abdominal aort dallarının veya periferik arterlerin anevrizmalarında endovasküler greft implantasyonu,surgical,
606170,"Anevrizma veya oklüziv hastalık, aksiller-brakiyal arter, kol insizyonu ile",surgical,
606180,"Anevrizma, false anevrizma veya oklüziv hastalık, visseral damarları da içeren abdominal aorta lezyonu",surgical,
606190,"Anevrizma, false anevrizma veya oklüziv hastalık",surgical,
606200,"Anevrizma, false anevrizma veya oklüziv hastalık, ilyak damarları da içeren abdominal aorta lezyonu",surgical,
606210,"Anevrizma, false anevrizma veya oklüziv hastalık, ilyak arter",surgical,
606220,"Anevrizma, false anevrizma veya oklüziv hastalık, vertebral arter",surgical,
606230,"Anevrizma, false anevrizma veya oklüziv hastalık, innominate arter, subklavyen arter, torasik insizyon ile",surgical,
606240,"Anevrizma,false anevrizma/oklusif hastalık,abdominal aorta",surgical,
606250,"Anevrizma, false anevrizma veya oklüziv hastalık, diğer arterler",surgical,
606260,"Anevrizma, false anevrizma veya oklüziv hastalık, hepatik, çölyak, renal, mezenterik arter",surgical,
606270,"Anevrizma, false anevrizma veya oklüziv hastalık, popliteal arter",surgical,
606280,"Anevrizma, false anevrizma veya oklüziv hastalık, radiyal, ulnar arter",surgical,
606290,"Anevrizma, false anevrizma veya oklüziv hastalık, splenik arter",surgical,
606300,"Direkt anevrizma veya false anevrizma onarımı veya eksizyonu, parsiyel veya total ve greft yerleştirilmesi, karotid veya subklavyen arterde anevrizma veya oklüziv hastalık, patch greft ile veya değil, boyun insizyonu ile",surgical,
606310,"Rüptüre anevrizma, common-profunda-süperfisyel-femoral arter",surgical,
606320,"Rüptüre anevrizma, abdominal aorta",surgical,
606330,"Rüptüre anevrizma, aksiller-brakiyal arter, kol insizyonu ile",surgical,
606340,"Rüptüre anevrizma, diğer arterler",surgical,
606350,"Rüptüre anevrizma, hepatik-çölyak-renal veya mezenterik arter",surgical,
606360,"Rüptüre anevrizma, ilyak arter",surgical,
606370,"Rüptüre anevrizma, ilyak damarları da içeren abdominal aorta lezyonu",surgical,
606380,"Rüptüre anevrizma, innominate, subklavyen arter, torasik insizyon ile",surgical,
606390,"Rüptüre anevrizma, karotit-subklavyen art, boyun insizyonu ile",surgical,
606400,"Rüptüre anevrizma, popliteal arter",surgical,
606410,"Rüptüre anevrizma, splenik arter",surgical,
606420,"Rüptüre anevrizma, visseral damarları da içeren abdominal aorta lezyonu",surgical,
606430,"Arteriyövenöz fistül onarımı, konjenital, baş ve boyun",surgical,
606440,"Arteriyövenöz fistül onarımı, konjenital, toraks ve abdomen",surgical,
606450,"Arteriyövenöz fistül onarımı, konjenital, ekstremiteler",surgical,
606460,"Arteriyövenöz fistül onarımı, edinsel veya travmatik, baş ve boyun",surgical,
606470,"Arteriyövenöz fistül onarımı, edinsel veya travmatik, toraks ve abdomen",surgical,
606480,"Arteriyövenöz fistül onarımı, edinsel veya travmatik, ekstremiteler",surgical,
606490,Arteriyövenöz fistüllerde endovasküler greft implantasyonu,surgical,
606500,"Damar onarımı, direkt, boyun",surgical,
606510,"Damar onarımı, direkt, üst ekstremite",surgical,
606520,"Damar onarımı, direkt, el, parmak",surgical,
606530,"Damar onarımı, direkt, intratorasik, by-pass ile",surgical,
606540,"Damar onarımı, direkt, intratorasik, by-pass ile değil",surgical,
606550,"Damar onarımı, direkt, intraabdominal",surgical,
606560,"Damar onarımı, direkt, alt ekstremite",surgical,
606570,"Ven grefti ile damar onarımı, boyun",surgical,
606580,"Ven grefti ile damar onarımı, üst ekstremite",surgical,
606590,"Ven grefti ile damar onarımı, intratorasik, by-pass ile",surgical,
606600,"Ven grefti ile damar onarımı, intratorasik, by-pass ile değil",surgical,
606610,"Ven grefti ile damar onarımı, intraabdominal",surgical,
606620,"Ven grefti ile damar onarımı, alt ekstremite",surgical,
606630,"Ven dışında başka bir greftle damar onarımı, boyun",surgical,
606640,"Ven dışında başka bir greftle damar onarımı, üst ekstremite",surgical,
606650,"Ven dışında başka bir greftle damar onarımı, intratorasik, by-pass ile",surgical,
606660,"Ven dışında başka bir greftle damar onarımı, intratorasik, by-pass yapılmaksızın",surgical,
606670,"Ven dışında başka bir greftle damar onarımı, intraabdominal",surgical,
606680,"Ven dışında başka bir greftle damar onarımı, alt ekstremite",surgical,
606690,"Tromboendarterektomi, karotit, vertebral, subklavyen, boyun insizyonu ile, patch greft ile veya değil",surgical,
606700,"Tromboendarterektomi, subklavyen, innominate, torasik insizyon ile",surgical,
606710,"Tromboendarterektomi, aksiller,brakiyal",surgical,
606720,"Tromboendarterektomi, abdominal aorta",surgical,
606730,"Tromboendarterektomi, mezenterik, çölyak veya renal",surgical,
606740,"Tromboendarterektomi, ilyak",surgical,
606750,"Tromboendarterektomi, ilyofemoral",surgical,
606760,"Tromboendarterektomi, kombine aortoilyak",surgical,
606770,"Tromboendarterektomi, kombine aortoilyofemoral",surgical,
606780,"Tromboendarterektomi, common femoral",surgical,
606790,"Tromboendarterektomi, derin (Profunda) femoral",surgical,
606800,"Tromboendarterektomi, femoral ve/veya popliteal ve/veya tibiyoperoneal",surgical,
606810,"Tromboendarterektomi, femoral süperfisyel, lokalize",surgical,
606820,"By-pass greft, ven ile, karotit",surgical,
606830,"By-pass greft, ven ile, karotit-subklavyen",surgical,
606840,"By-pass greft, ven ile,subklavyen-karotit",surgical,
606850,"By-pass greft, ven ile, karotit-subklavyen",surgical,
606860,"By-pass greft, ven ile, karotit-karotit",surgical,
606870,"By-pass greft, ven ile,subklavyen-subklavyen",surgical,
606880,"By-pass greft, ven ile,subklavyen-vertebral",surgical,
606890,"By-pass greft, ven ile,subklavyen-aksiller",surgical,
606900,"By-pass greft, ven ile, aksiller-aksiller",surgical,
606910,"By-pass greft, ven ile, aksiller-femoral",surgical,
606920,"By-pass greft, ven ile, aortosubklavyen veya karotit",surgical,
606930,"By-pass greft, ven ile, aortoçölyak veya aortomezenterik",surgical,
606940,"By-pass greft, ven ile, aksiller-femoral-femoral",surgical,
606950,"By-pass greft, ven ile, splenorenal",surgical,
606960,"By-pass greft, ven ile, aortoiliyak",surgical,
606970,"By-pass greft, ven ile, aortofemoral veya bifemoral",surgical,
606980,"By-pass greft, ven ile, aortoiliyofemoral, tek taraf",surgical,
606990,"By-pass greft, ven ile, aortoiliyofemoral, iki taraf",surgical,
607000,"By-pass greft, ven ile, aortofemoral-popliteal",surgical,
607010,"By-pass greft, ven ile, femoral-popliteal",surgical,
607020,"By-pass greft, ven ile, femoral-femoral",surgical,
607030,"By-pass greft, ven ile, aortorenal",surgical,
607040,"By-pass greft, ven ile, iliyoiliyak",surgical,
607050,"By-pass greft, ven ile, iliyofemoral",surgical,
607060,"By-pass greft, ven ile, femoral-anteriyor tibiyal, posteriyor tibiyal, peroneal arter veya distal damarlar",surgical,
607070,"By-pass greft, ven ile, popliteal-tibiyal, peroneal arter veya diğer distal damarlar",surgical,
607080,"İnsitu ven by-pass, aortofemoral-popliteal",surgical,
607090,"İnsitu ven by-pass, femoral-popliteal",surgical,
607100,"İnsitu ven by-pass, femoral-anteriyor tibiyal, posteriyor tibiyal veya peroneal arter",surgical,
607110,"İnsitu ven by-pass, popliteal-tibiyal, peroneal",surgical,
607120,"By-pass greft, ven dışındakilerle, karotit",surgical,
607130,"By-pass greft, ven dışındakilerle, karotit-subklavyen",surgical,
607140,"By-pass greft, ven dışındakilerle, subklavyen-subklavyen",surgical,
607150,"By-pass greft, ven dışındakilerle, subklavyen-aksiller",surgical,
607160,"By-pass greft, ven dışındakilerle, aksiller-femoral",surgical,
607170,"By-pass greft, ven dışındakilerle, aortosubklavyen veya karotit",surgical,
607180,"By-pass greft, ven dışındakilerle, aortoçölyak, aortomezenterik, aortorenal",surgical,
607190,"By-pass greft, ven dışındakilerle, splenorenal",surgical,
607200,"By-pass greft, ven dışındakilerle, vertebral-karotit transpozisyonu",surgical,
607210,"By-pass greft, ven dışındakilerle, vertebral-subklavyen transpozisyonu",surgical,
607220,"By-pass greft, ven dışındakilerle, aortoiliyak",surgical,
607230,"By-pass greft, ven dışındakilerle, karotit-vertebral",surgical,
607240,"By-pass greft, ven dışındakilerle, subklavyen-vertebral",surgical,
607250,"By-pass greft, ven dışındakilerle, aortofemoral veya bifemoral",surgical,
607260,"By-pass greft, ven dışındakilerle, aksiller-aksiller",surgical,
607270,"By-pass greft, ven dışındakilerle, aortofemoral-popliteal",surgical,
607280,"By-pass greft, ven dışındakilerle, aksiller-femoral-femoral",surgical,
607290,"By-pass greft, ven dışındakilerle, femoral-popliteal",surgical,
607300,"By-pass greft, ven dışındakilerle, femoral-femoral",surgical,
607310,"By-pass greft, ven dışındakilerle, iliyoilyak",surgical,
607320,"By-pass greft, ven dışındakilerle, iliyofemoral",surgical,
607330,"By-pass greft, ven dışındakilerle, femoral-anteriyor tibiyal, posteriyor tibiyal veya peroneal",surgical,
607340,"By-pass greft, ven dışındakilerle, popliteal-tibiyal veya peroneal arter",surgical,
607350,"By-pass greft, kompozit (Greft + ven)",surgical,
607360,"Eksplorasyon, cerrahi onarım yapılmayan, arter diseksiyonu ile birlikte/değil",surgical,
607370,"Eksplorasyon, cerrahi onarım yapılmayan, karotit arter",surgical,
607380,"Eksplorasyon, cerrahi onarım yapılmayan, femoral arter",surgical,
607390,"Eksplorasyon, cerrahi onarım yapılmayan, popliteal arter",surgical,
607400,"Eksplorasyon, cerrahi onarım yapılmayan, diğer damarlar",surgical,
607410,Arteriyel veya venöz greftle trombektomi ve/veya onarım,surgical,
607420,"Enfekte greftin eksizyonu, abdominal",surgical,
607430,"Enfekte greftin eksizyonu, ekstremite",surgical,
607440,"Enfekte greftin eksizyonu, revaskülarizasyon ile birlikte",surgical,
607450,"Enfekte greftin eksizyonu, revaskülarizasyon ile birlikte femoral-anteriyor tibiyal, posteriyor tibiyal veya peroneal arter",surgical,
607460,"Enfekte greftin eksizyonu, revaskülarizasyon ile birlikte popliteal-tibiyal veya peroneal arter",surgical,
607470,Greft-enterik fistül onarımı,surgical,
607480,"Postoperatif eksplorasyon, abdomen",surgical,
607490,"Postoperatif eksplorasyon, boyun",surgical,
607500,"Postoperatif eksplorasyon, ekstremite",surgical,
607510,"Postoperatif eksplorasyon, göğüs",surgical,
607530,Arteriyovenöz anevrizmanın plastik onarımı,surgical,
607560,"Arteriyovenöz fistül revizyonu, trombektomi ile veya değil, otojen veya nonotojen greft ile",surgical,
607600,Hemodiyaliz amacıyla A-V fistül/şant yapılması veya kapatılması,surgical,
607680,Ekstra/İntra -korporeal dolaşım desteği yapılan hastalarda ileri kardiyopulmoner bakım hizmeti,surgical,
607690,Transkateter biyopsi,surgical,
607700,"Transkateter tedavi, koroner dışında tromboliz için infüzyon",surgical,
607710,"Transkateter tedavi, tromboliz dışında başka bir amaç için infüzyon",surgical,
607720,"Eski-yüzeysel varis, sklerozan madde enjeksiyonu, her bir enjeksiyon",surgical,
607730,İnternal juguler ven ligasyonu,surgical,
607740,"İntravasküler/ekstravasküler yolla vena cavanın parsiyel/komplet interruption, sütür, ligasyon, plikasyon, klip",surgical,
607750,"İntravasküler cihaz ile femoral venin parsiyel/komplet interruption, ligasyonu",surgical,
607760,"İntravasküler cihaz ile iliyak venin parsiyel/komplet, interruption, ligasyonu",surgical,
607770,"Kanayan küçük arter, ven bağlanması",surgical,
607780,Karotit body tümör çıkarılması,surgical,
607790,"Ligasyon veya biyopsi, temporal arter",surgical,
607800,"Ligasyon, eksternal karotit arter",surgical,
607810,"Ligasyon, internal veya common karotit arter",surgical,
607820,"Ligasyon, internal veya common karotid arter",surgical,
607830,"Ligasyon, major arter, abdomen",surgical,
607840,"Ligasyon, major arter, boyun",surgical,
607850,"Ligasyon, major arter, ekstremite",surgical,
607860,"Ligasyon, major arter, göğüs",surgical,
607870,"Linton tipi deri grefti ile perforatör venlerin ligasyonu, subfasiyal",surgical,
607871,"Perforatör venlerin ligasyonu, subfasiyal, her biri",surgical,
607880,"Rekürren veya sekonder variköz venlerin ligasyon, ve/veya divizyonu",surgical,
607890,Safenofemoral birleşim yerinde vena safena magna ligasyon ve divizyonu veya distal intterruptionlar,surgical,
607900,"V. safena magna ve parvanın ligasyon (İkisi birden), divizyon ve komplet strippingi",surgical,
607910,"Varislerde lokal pake eksizyonu, her biri",surgical,
607920,"Varislerde sklerozan madde enjeksiyonu, her bir seans",surgical,
607930,"Vena safena magna/parvanın ligasyon, divizyon ve komplet strippingi",surgical,
607932,Vena safena magna ve /veya parvanın endovenöz ablasyonu RF,surgical,
607933,Vena safena magna ve /veya parvanın endovenöz ablasyonu lazer,surgical,
607934,Vena safena magna ve /veya parvanın endovenöz ablasyonu buhar,surgical,
607935,Vena safena magna ve/veya parvanın endovenöz termal olmayan ablasyonu,surgical,
607940,"Vena safena magna/parvanın ligasyon, divizyon ve komplet strippingi ile birlikte radikal ülser eksizyonu ve deri grefti ve/veya alt ekstremite kominikan venlerin bağlanması, derin fasiya eksizyonu ile birlikte",surgical,
607950,Vena safena parvanın safenopopliteal birleşim yerinde ligasyon ve divizyonu,surgical,
607960,Splenorafi,surgical,
607970,"Splenektomi, parsiyel",surgical,
607971,"Splenektomi, parsiyel, laparoskopik",surgical,
607980,"Splenektomi, total",surgical,
607981,"Splenektomi, total, laparoskopik",surgical,
607990,"Boyun diseksiyonu, tek taraf",surgical,
608000,İliyoinguinal lenf nodu disseksiyonu,surgical,
608010,Koltuk altı diseksiyonu,surgical,
608020,"Lenf nodu apsesi veya lenfadenit drenajı, basit",surgical,
608030,"Lenf nodu apsesi veya lenfadenit drenajı, yaygın",surgical,
608040,Lenfanjiyotomi veya lenf kanallarına diğer işlemler,surgical,
608050,Retroperitoneal lenf bezi diseksiyonu,surgical,
608060,Sentinel lenfadenektomi,surgical,
608070,"Torasik duktusun sütür ve/veya ligasyonu, abdominal yaklaşım ile",surgical,
608080,"Torasik duktusun sütür ve/veya ligasyonu, servikal yaklaşım ile",surgical,
608090,"Torasik duktusun sütür ve/veya ligasyonu, torasik yaklaşım ile",surgical,
608100,"Diseksiyon, derin jugüler nodlar",surgical,
608110,"Evrelendirme için sınırlı lenfadenektomi (Ayrı işlem), pelvik ve paraaortik",surgical,
608120,"Kistik higroma eksizyonu, basit",surgical,
608130,"Kistik higroma eksizyonu, kompleks",surgical,
608140,"Lenf nodları biyopsi veya eksizyonu, derin aksiller nodlar",surgical,
608150,"Lenf nodları biyopsi veya eksizyonu, internal mammary nodlar (Ayrı işlem)",surgical,
608160,"Lenf nodları biyopsi veya eksizyonu, skalen yağ yastıkçığı eksizyonu ile birlikte derin servikal nodlar",surgical,
608161,Yüzeyel lenf bezi biyopsisi veya eksizyonu,surgical,
608170,Tek yanlı süperfisiyel inguinal lenf bezi diseksiyonu,surgical,
608180,Tek yanlı süperfisiyel ile birlikte derin inguinal lenf bezi diseksiyonu,surgical,
608190,"Lenfödem tedavisi için Charles ameliyatı, tüm uyluk bölgesinde",surgical,
608200,"Lenfödem tedavisi için Charles ameliyatı, sınırlı bir alanda",surgical,
608210,Lenfödem tedavisi için Thompson ameliyatı,surgical,
608220,Lenfödemde lenfadenovenöz veya lenfatikovenöz şant,surgical,
608230,Lenfödem için Charles radikal eksizyon ve deri grefti,surgical,
608240,Lenfödem için omentum transpozisyonu,surgical,
608250,Damar onarımı,surgical,
608260,Damar grefti kullanılarak yapılan vasküler girişimler,surgical,
608270,Bronkobiliyer fistül onarımı,surgical,
608280,"Bronkoplasti, stenoz veya tümör eksizyonu ve anastomoz, greft onarımı var veya yok",surgical,
608290,"Bronkoplasti, travmatik rüptür",surgical,
608300,"Bronkoskopi, bronşiyal fistül kapama amaçlı",surgical,
608310,"Bronkoskopi, tanısal (Fleksble/rijit), bronşial lavaj ile birlikte veya değil",surgical,
608320,"Bronkoskopi, biyopsi veya yabancı cisim çıkarılması amacıyla",surgical,
608330,Bronkoskopik lazer veya koter veya diatermi veya kriyoterapi,surgical,
608340,"Bronkoskopi, eksizyon dışı bir metotla tümör destrüksiyonu veya stenozun açılması",surgical,
608350,"Bronkoskopi, trakeal dilatasyon ve trakeal stent yerleştirilmesi ile birlikte",surgical,
608360,"Bronkoskopi, trakeal veya bronşiyal dilatasyon ile birlikte",surgical,
608370,"Bronkoskopi, trakeobronşial ağacın terapötik aspirasyonu ile birlikte",surgical,
608371,Bronkoskopik volüm azaltıcı girişim,surgical,
608372,Bronkoskopik fırçalama,surgical,
608373,Transkarineal /bronşiyal iğne aspirasyonu,surgical,
608380,"Cerrahi trakeostomi veya fistül kapatılması, plastik onarım ile birlikte",surgical,
608390,"Cerrahi trakeostomi veya fistül kapatılması, plastik onarım olmadan",surgical,
608400,"Eksternal trakeal yaralanma, primer sütür",surgical,
608410,Karinal rekonstrüksiyon,surgical,
608420,Pretrakeal fasya açılması,surgical,
608430,"Trakeal stenoz eksizyonu ve anastomoz, servikal, greft onarımı var veya yok",surgical,
608440,"Trakeal stenoz eksizyonu ve anastomoz, torasik, greft onarımı var veya yok",surgical,
608450,"Trakeal tümör veya karsinoma eksizyonu,servikal, greft onarımı var veya yok",surgical,
608460,"Trakeal tümör veya karsinoma eksizyonu, torasik, greft onarımı var veya yok",surgical,
608470,Trakeofaringeal fistül onarımı,surgical,
608480,Trakeoözefagial fistül primer onarımı,surgical,
608490,Trakeostomi stenozu açılması,surgical,
608500,"Trakeotomi açılması, acil",surgical,
608510,"Trakeotomi açılması, planlı",surgical,
608520,"Akciğer ile birlikte karaciğer hidatik kisti, aynı seans, frenotomi ile",surgical,
608530,Akciğer rezeksiyonu ve mediastinal lenf nodu diseksiyonu,surgical,
608540,"Akciğer rezeksiyonu, göğüs duvarı rezeksiyonu ve rekonstrüksiyonu, protezli veya protezsiz",surgical,
608550,"Akciğer transplantasyonu, global",surgical,
608560,Ampiyem kesesi enükleasyonu (Ampiyemektomi),surgical,
608570,Bronkial sleeve lobektomi,surgical,
608580,Bronkovasküler sleeve lobektomi,surgical,
608590,"Dekortikasyon, pulmoner, parsiyel",surgical,
608600,"Dekortikasyon, pulmoner, total",surgical,
608620,Ekstended akciğer rezeksiyonları,surgical,
608630,"İntraplöral lavaj, her tür teknikle",surgical,
608640,"Kateter torakostomi, kapalı sistem uygulama",surgical,
608650,Kimyasal plörodez,surgical,
608660,"Kist hidatik ameliyatları, akciğer",surgical,
608670,"Kist hidatik ameliyatları, akciğer, mediyan sternotomi ile, iki taraf",surgical,
608680,Konjenital akciğer malformasyonları rezeksiyonu,surgical,
608690,"Lobektomi, konkomitan dekortikasyon ile birlikte",surgical,
608700,Lobektomi veya segmentektomi,surgical,
608710,Major bronşial fistülün açık cerrahi ile kapatılması,surgical,
608720,Neoadjuvan kemoradyoterapi sonrası akciğer rezeksiyonları,surgical,
608730,Pnömonektomi,surgical,
608740,Pnömonektomi ekstraplevral,surgical,
608750,Pnömonektomi ve major damar cerrahisi,surgical,
608760,"Pnömonostomi, apse veya kistin açık drenajı ile birlikte",surgical,
608770,Sleeve pnömonektomi,surgical,
608780,"Torakoskopi, eksploratris, biyopsi, drenaj ile birlikte",surgical,
608790,"Torakotomi, bül eksizyon-plikasyonu ile birlikte",surgical,
608800,"Torakotomi, intraplevral yabancı cisim",surgical,
608810,"Torakotomi, intrapulmoner yabancı cisim çıkartılması ile birlikte",surgical,
608820,"Torakotomi, kanama kontrolü ve/veya akciğer yırtığı onarımı",surgical,
608830,"Torakotomi, kardiyak masaj ile birlikte",surgical,
608840,"Torakotomi, major, eksplorasyon ve biyopsi ile birlikte",surgical,
608850,"Torakotomi, postoperatif kanama, hava kaçağı kontrolü",surgical,
608860,"Torakotomi, sınırlı, akciğer veya plevra biyopsisi için",surgical,
608870,"Torakotomi, volüm küçültücü ameliyat, tek taraf",surgical,
608880,"Tüp torakostomi, tek taraf (Göğüs tüpüyle su altı drenajı)",surgical,
608890,Tüp ve kateter torakostomi takibi,surgical,
608900,"Videotorakoskopi, bül eksizyonu ile birlikte",surgical,
608910,"Videotorakoskopi, ekploratris",surgical,
608920,"Videotorakoskopi, lobektomi",surgical,
608930,"Videotorakoskopi, pnömonektomi",surgical,
608940,"Videotorakoskopi, torakal sempatektomi",surgical,
608950,"Videotorakoskopi, wedge rezeksiyon",surgical,
608960,"Wedge rezeksiyon, tek veya çok sayıda",surgical,
608961,"Plevra biyopsisi, perkütan",surgical,
608962,Transbronşiyal akciğer biyopsisi,surgical,
608980,Hepatik arter ligasyonu veya kateterizasyonu,surgical,
608990,Hepatikojejunostomi,surgical,
609000,İntrahepatik biliyoenterik diversiyonlar,surgical,
609010,"Karaciğerin safra sistemi ile ilişkili çok sayıda apsesinin (Komplike) drenajı, laparatomi ile",surgical,
609020,"Karaciğer tek basit apse drenajı, laparotomi ile",surgical,
609030,Karaciğer Kist hidatiğinde dışa drenaj,surgical,
609040,Karaciğer Kist hidatiğinde internal drenaj,surgical,
609050,Karaciğer Kist hidatiğinde kistotomi veya kistektomi ile birlikte poş küçültücü işlemler,surgical,
609051,Karaciğer Kist hidatiğinde total perikistektomi,surgical,
609052,Karaciğer hemanjiyomunda enükleasyon,surgical,
609060,Karaciğer konjenital kistlerinde internal veya eksternal drenaj veya kistektomi,surgical,
609070,"Karaciğer segmentektomi, her bir segment",surgical,
609071,"Karaciğer segmentektomi, her bir segment, laparoskopik",surgical,
609080,Karaciğer Transplantasyonu,surgical,
609090,"Karaciğer basit yaralanmalarında primer sütür, tek laserasyon",surgical,
609100,"Karaciğerin büyük damar veya safra yolu ile ilişkili yaralanmalarında primer sütür, çok sayıda",surgical,
609101,Karaciğer tümörlerinde laparoskopi veya laparotomi ile radyofrekans ablasyonu,surgical,
609110,"Lobektomi veya hepatektomi, subtotal",surgical,
609111,"Lobektomi veya hepatektomi, subtotal, laparoskopik",surgical,
609120,"Metastazektomi, her bir metastaz",surgical,
609121,"Metastazektomi, her bir metastaz, laparoskopik",surgical,
609122,Karaciğer biyopsisi,surgical,
609130,Portoenterostomi,surgical,
609140,İntraoperatif kolanjiyografi,surgical,
609150,İntraoperatif koledokoskopi,surgical,
609160,İntraoperatif safra yolları basınç çalışması,surgical,
609170,İntraoperatif ultrasonografi,surgical,
609180,Koledok darlıkları ve kisti için girişimler,surgical,
609190,Koledokoenterostomi,surgical,
609191,Ekstrahepatik safra yolu tümörleri için rezeksiyon ve rekonstrüksiyon,surgical,
609200,Koledokotomi-koledokoduodenostomi,surgical,
609210,Koledokotomi-sfinkterotomi veya sfinkteroplasti,surgical,
609220,Koledokotomi ile birlikte T- drenaj,surgical,
609230,Kolesistektomi,surgical,
609235,"Kolesistektomi, laparoskopik",surgical,
609240,Kolesistoenterostomi,surgical,
609250,Kolesistostomi,surgical,
609260,"Safra fistülleri için girişimler, basit",surgical,
609270,"Safra fistülleri için girişimler, komplike",surgical,
609280,Safra kesesi ve safra yolları yaralanmaları için girişimler,surgical,
609290,Aberan pankreas eksizyonu,surgical,
609300,Adacık hücre transplantasyonu,surgical,
609310,"Akut pankreatitte, debritman, lavaj ve drenaj",surgical,
609320,"Distal pankreatektomi, parsiyel",surgical,
609330,Kronik pankreatitte pankretikojejunostomi,surgical,
609340,Pankreas adenomlarında total eksizyon,surgical,
609341,"Pankreas adenomlarında total eksizyon, laparoskopik",surgical,
609350,Pankreas fistülü onarımı,surgical,
609360,Pankreas kistlerinde eksternal drenaj,surgical,
609370,Pankreas kistlerinde internal drenaj,surgical,
609380,Pankreas kistlerinde total eksizyon,surgical,
609390,"Pankreas transplantasyonu, total",surgical,
609400,Pankreas yaralanmalarında drenaj,surgical,
609410,"Pankreas yaralanmalarında pankreatektomi, subtotal",surgical,
609420,"Pankreas yaralanmalarında pankreatektomi, total",surgical,
609430,Pankreas yaralanmalarında pankreatikojejunostomi,surgical,
609440,"Pankreatektomi, subtotal",surgical,
609450,"Pankreatektomi, total duodenektomiyle birlikte",surgical,
609451,"Pankreatektomi, total duodenektomiyle birlikte, laparoskopik",surgical,
609460,Whipple operasyonu,surgical,
609470,Asitte peritoneovenöz şant uygulaması,surgical,
609480,Distal özefagus rezeksiyonu ve rekonstrüksiyonu sol torakofrenotomi ve intratorasik anastomoz ile,surgical,
609490,"Özefajektomi, transhiatal",surgical,
609491,"Özefajektomi, laparoskopik",surgical,
609500,"Özefajiyal tüp veya balon uygulaması, özefagus varis kanamasında",surgical,
609510,"Özefagogastrik devaskülarizasyon, portal hipertansiyonda",surgical,
609520,Özefagogastromyotomi,surgical,
609521,"Özefagogastromyotomi, laparoskopik",surgical,
609530,"Özefagostomi, servikal",surgical,
609540,Özefagus atrezisi primer onarımı,surgical,
609550,"Özefagus cerrahisi, benign patolojiler için",surgical,
609551,Krikofaringeal myotomi,surgical,
609560,Özefagus darlıklarında cerrahi girişim,surgical,
609570,"Özefagus divertikül eksizyonu, servikal",surgical,
609580,"Özefagus divertikül eksizyonu, torakal",surgical,
609590,"Özefagus fistülü onarımı, servikal, torakal",surgical,
609600,"Özefagus perforasyonu onarımı, servikal, torakal",surgical,
609610,Özefagus replasmanı için interpozisyon ameliyatları,surgical,
609620,Özefagus varisinde koroner ven ligasyonu ve splenektomi,surgical,
609630,Özefagus varisinde özefajiyal transection,surgical,
609640,"Özefajektomi, transtorakal",surgical,
609650,Parsiyel özefajektomi ve rekonstrüksiyon,surgical,
609660,"Portosistemik şantlar, portal hipertansiyonda",surgical,
609670,Total faringolaringoözefajektomi ve gastrik veya kolon rekonstrüksiyonu,surgical,
609680,Totale yakın özefajektomi ve rekonstrüksiyon,surgical,
609690,Transözefajiyal varis ligasyonu,surgical,
609700,"Bezoar veya yabancı cisim çıkarılması, laparotomi ile",surgical,
609710,Peptik ülsere bağlı duodenum perforasyonunda primer onarım,surgical,
609711,"Peptik ülsere bağlı duodenum perforasyonunda primer onarım, laparoskopik",surgical,
609720,Travmatik duodenum perforasyonunda primer onarım,surgical,
609730,Dumping veya diyarede reverse loop operasyonları,surgical,
609740,Duodenoenterostomi,surgical,
609750,Duodenum divertikülü eksizyonu,surgical,
609760,Duodenum yaralanmasında primer onarım,surgical,
609770,Duodenumdan lokal tümör eksizyonu,surgical,
609780,Fundoplikasyon,surgical,
609781,"Fundoplikasyon, laparoskopik",surgical,
609782,"Hiyatal herni operasyonu, laparoskopik",surgical,
609790,"Gastrektomi radikal, total",surgical,
609791,"Gastrektomi radikal, subtotal",surgical,
609792,"Gastrektomi radikal, total, laparoskopik",surgical,
609800,Gastrektomi subtotal,surgical,
609801,"Gastrektomi subtotal, laparoskopik",surgical,
609810,Gastroenterostomi,surgical,
609820,"Gastropeksi, mide volvulusunda",surgical,
609830,"Gastrotomi veya gastrostomi, cerrahi",surgical,
609840,Mide divertikülü eksizyonu,surgical,
609850,Midede wedge rezeksiyon,surgical,
609851,"Midede wedge rezeksiyon, laparoskopik",surgical,
609860,Mideden benign tümör eksizyonu,surgical,
609871,"Obezite, by-pass",surgical,
609872,"Obezite, sleeve",surgical,
609873,"Obezite, banding",surgical,
609877,Duodenal switch-biliopankreatik diversiyon,surgical,
609880,"Nüks ülser, dumping veya reflu gastritte rezeksiyon",surgical,
609890,Peptik ülsere bağlı veya travmatik gastroduodenal perforasyonlarda primer onarım,surgical,
609891,"Peptik ülsere bağlı veya travmatik gastroduodenal perforasyonlarda primer onarım, laparoskopik",surgical,
609900,"Peptik ülsere bağlı perforasyonlarda primer onarım, trunkal vagotomi ve drenaj",surgical,
609910,"Piloromyotomi, hipertrofik pilor stenozunda",surgical,
609911,Gastroduodenal arter ligasyonu veya duodenotomi ile birlikte arter ligasyonu,surgical,
609920,Selektif vagotomi ve antrektomi,surgical,
609930,Selektif vagotomi ve drenaj,surgical,
609940,Yüksek selektif vagotomi,surgical,
609941,Trunkal vagotomi ve drenaj,surgical,
609950,"Konjenital atrezi düzeltilmesi, jejunal ve ileal",surgical,
609960,Beslenme jejunotomisi,surgical,
609961,"Beslenme jejunotomisi, laparoskopik",surgical,
609970,Bilier intestinal diversiyonlar,surgical,
609980,Enterokütan fistül ameliyatları,surgical,
609990,Gastrointestinal diversiyonlar,surgical,
610000,"Gastrointestinal fistül ameliyatları, internal",surgical,
610010,İnce barsak perforasyonunda primer sütür,surgical,
610020,İnce barsak transplantasyonu,surgical,
610025,Seri transvers enteroplasti,surgical,
610030,İnvajinasyon rezeksiyonu,surgical,
610040,İnvajinasyonda manüel redüksiyon,surgical,
610050,"Jejunum veya ileum duplikasyonları, total eksizyon",surgical,
610060,"Jejunum veya ileum rezeksiyonu, subtotal",surgical,
610061,"Jejunum veya ileum rezeksiyonu, segmenter",surgical,
610062,"Jejunum veya ileum rezeksiyonu, segmenter, laparoskopik",surgical,
610063,Striktüroplasti,surgical,
610070,"Jejunum, ileum enterostomi kapatılması",surgical,
610080,"Jejunum, ileum enterotomi veya enterostomi",surgical,
610090,"Ladd bantı eksizyonu, malrotasyonlarda",surgical,
610100,Brid ileusta laparatomi ve bridektomi,surgical,
610101,"Brid ileusta bridektomi, laparoskopik",surgical,
610110,"Laparatomi, ileusta",surgical,
610111,Midgut volvulus (Orta barsak) düzeltilmesi,surgical,
610120,Meckel divertikülü eksizyonu,surgical,
610130,Appendektomi,surgical,
610131,"Appendektomi, laparoskopik",surgical,
610150,"Hemikolektomi, sağ veya sol",surgical,
610151,"Hemikolektomi, sağ veya sol, laparoskopik",surgical,
610152,Segmenter kolon rezeksiyonu,surgical,
610153,"Segmenter kolon rezeksiyonu, laparoskopik",surgical,
610160,Kolektomi subtotal,surgical,
610170,Kolektomi subtotal ve ileoproktostomi,surgical,
610171,"Kolektomi subtotal ve ileoproktostomi, laparoskopik",surgical,
610180,Kolektomi total ve ileal poş yapılması,surgical,
610181,"Kolektomi total ve ileal poş yapılması, laparoskopik",surgical,
610190,Kolektomi total ve ileoanal anastomoz,surgical,
610191,"Kolektomi total ve ileoanal anastomoz, laparoskopik",surgical,
610200,Kolektomi total ve terminal ileostomi,surgical,
610201,"Kolektomi total ve terminal ileostomi, laparoskopik",surgical,
610210,Kolokütanöz fistül kapatılması,surgical,
610220,Kolon duplikasyonu total eksizyonu,surgical,
610230,Kolon invajinasyonunda manüel redüksiyon,surgical,
610240,Kolon perforasyonunda primer sütür,surgical,
610250,"Kolon Pull-through, abdominoperineal veya perineal yaklaşımla",surgical,
610260,"Kolon Pull-through, sakroabdominoperineal yaklaşımla",surgical,
610270,"Kolon Pull-through, sakroperineal yaklaşımla",surgical,
610280,Kolonda detorsiyon ve peksi operasyonları,surgical,
610290,Kolostomi açılması,surgical,
610291,Kolostomi revizyonu,surgical,
610300,Kolostomi bakımı,surgical,
610310,Kolostomi kapatılması,surgical,
610311,Hartmann kapatılması,surgical,
610320,Kolotomi ile polip veya yabancı cisim çıkarılması,surgical,
610330,Sigmoid volvulus redüksiyonu,surgical,
610340,Total barsak irrigasyonu,surgical,
610348,"Abdominoperineal rezeksiyon, laparoskopik",surgical,
610349,Abdominoperineal rezeksiyon,surgical,
610350,"Perirektal enjeksiyon, rektal prolapsusta",surgical,
610360,"Rektal polip eksizyonu, anal yolla",surgical,
610361,Rektal Myektomi- Hirschsprung Hst,surgical,
610370,Rektal tuşe ile yabancı cisim veya dışkı taşı çıkarılması,surgical,
610380,Rektosigmoid tümörlerde anteriyor rezeksiyon,surgical,
610390,Rektum tümöründe abdominosakral rezeksiyon,surgical,
610400,Rektum tümöründe lokal terapötik işlemler,surgical,
610410,Low anterior rezeksiyon,surgical,
610411,"Low anterior rezeksiyon, laparoskopik",surgical,
610420,Rektal prolapsusta sakroperineal onarım,surgical,
610430,Rektal prolapsusta sörklaj veya Tiersch ameliyatı,surgical,
610440,Rektal prolapsusta transabdominal onarım,surgical,
610441,"Rektal prolapsusta transabdominal onarım, laparoskopik",surgical,
610450,Transanal rektal prolapsus tamiri,surgical,
610460,Anal stenozda dilatasyon,surgical,
610461,Anal stenozda ilerletici flep,surgical,
610470,Anal ve perineal bening lezyonların lokal eksizyonu,surgical,
610480,Anoplasti,surgical,
610490,Fissürektomi,surgical,
610500,Hemoroidde elektrokoagülasyon,surgical,
610510,Hemoroidde lastik band ligasyonu,surgical,
610520,"Hemoroidde sklerozan madde ile tedavi, her biri",surgical,
610530,Hemoroidektomi,surgical,
610531,"Hemoroidektomi, sfinkterotomi",surgical,
610532,Hemoroidopeksi,surgical,
610533,Hemoroid ablasyonu (RF/lazer) veya embolizasyonu,surgical,
610540,İnfrared ile hemoroid tedavisi,surgical,
610550,İnkontinans tedavisinde kas transpozisyonu,surgical,
610560,Perianal apse drenajı,surgical,
610570,Perianal fistülotomi veya fistülektomi,surgical,
610575,Anal fistülde seton uygulaması,surgical,
610576,Anal fistülde ilerletici flep,surgical,
610580,Perianal sinüs eksizyonu,surgical,
610590,Perineoplasti,surgical,
610600,"Sfinkteroplasti, komplet perine yırtıklarında veya inkontinansta",surgical,
610610,Sfinkterotomi,surgical,
610620,Sfinkterotomi ile anüsten yabancı cisim çıkarma,surgical,
610621,Anal transpozisyon operasyonu,surgical,
610625,Pilonidal sinüs eksizyonu,surgical,
610630,Gövde alçısı (Minerva),surgical,
610640,Gövde-ekstremite alçısı,surgical,
610650,Pelvipedal alçı (10 yaş altı),surgical,
610660,Pelvipedal alçı (10 yaş üstü ),surgical,
610670,Kısa kol alçı (Dirsek altı),surgical,
610680,Kısa kol atel (Dirsek altı),surgical,
610690,Uzun kol alçı (Dirsek üstü),surgical,
610700,Uzun kol atel (Dirsek üstü),surgical,
610710,Kısa bacak alçı (Diz altı),surgical,
610720,Kısa bacak atel (Dizaltı),surgical,
610730,Uzun bacak alçı (Dizüstü),surgical,
610740,Uzun bacak atel (Diz üstü),surgical,
610750,Parmak ateli (Alüminyum) veya alçısı,surgical,
610760,Cast-brace,surgical,
610770,PTB alçısı,surgical,
610780,Alçı çıkarma,surgical,
610790,Sekiz bandajı,surgical,
610800,Velpeau (Kol gövde) Bandajı,surgical,
610810,U ateli veya atel + velpeau,surgical,
610820,ESWT,surgical,
610830,İskelet traksiyonu geçilmesi,surgical,
610840,Cilt traksiyonu uygulanması,surgical,
610850,Halo-femoral veya halo traksiyon,surgical,
610860,Küçük eklem çıkığı kapalı redüksiyonu,surgical,
610870,Orta eklem çıkığı kapalı redüksiyonu (Bakıcı dirseği dahil),surgical,
610880,Büyük eklem çıkığı kapalı redüksiyonu,surgical,
610890,Küçük kemik kırığı kapalı redüksiyonu,surgical,
610900,Orta kemik kırığı kapalı redüksiyonu,surgical,
610910,Büyük kemik kırığı kapalı redüksiyonu,surgical,
610920,Küçük eklemin anestezi altında mobilizasyonu,surgical,
610930,Orta eklemin anestezi altında mobilizasyonu,surgical,
610940,Büyük eklemin anestezi altında mobilizasyonu,surgical,
610950,"Açık kırıklarda kapalı kırık haline getirme, küçük",surgical,
610960,"Açık kırıklarda, debritman dahil kapatılması, büyük",surgical,
610970,"Açık kırıklarda, debritman dahil kapatılması, orta",surgical,
610980,Bimalleolar kırık cerrahi tedavisi,surgical,
610990,"Büyük kemik kırıkları cerrahi tedavisi, açık IMN",surgical,
611000,"Büyük kemik kırıkları cerrahisi, kapalı IMN",surgical,
611010,Büyük kemik kırıkları cerrahisi ve damar sinir eksplorasyonu,surgical,
611020,"Büyük kemik parçalı kırıkları cerrahisi, açık IMN",surgical,
611021,"Büyük kemik eklem içi kırıkları cerrahi tedavisi,açık",surgical,
611030,"Büyük kemik parçalı kırıkları cerrahisi, kapalı IMN",surgical,
611040,Büyük kemik psödoartrozu cerrahi tedavisi,surgical,
611050,Küçük kemik kırıkları cerrahi tedavisi,surgical,
611060,Küçük kemik parçalı kırıkları cerrahi tedavisi,surgical,
611070,Küçük kemik psödoartrozu cerrahi tedavisi,surgical,
611080,Orta kemik kırıkları cerrahi tedavisi,surgical,
611090,Orta kemik parçalı kırıkları cerrahi tedavisi,surgical,
611100,Orta kemik psödoartrozu cerrahi tedavisi,surgical,
611110,Önkol çift kemik kırığı,surgical,
611130,Tek malleol veya epikondil kırığı cerrahi tedavisi,surgical,
611131,"Pelvis/Asetabulum kırığı, basit",surgical,
611132,"Pelvis/Asetabulum kırığı, kompleks",surgical,
611140,Trimalleolar kırık cerrahi tedavisi,surgical,
611150,Küçük eklem çıkığı açık redüksiyon,surgical,
611160,Küçük eklem kırıklı çıkığı açık redüksiyon ve fiksasyon,surgical,
611170,Orta eklem çıkığı açık redüksiyon,surgical,
611180,Orta eklem kırıklı çıkık açık redüksiyon ve fiksasyon,surgical,
611190,Büyük eklem çıkığı açık redüksiyon,surgical,
611200,Büyük eklem kırıklı çıkık veya sinir eksplorasyonlu çıkık cerrahisi,surgical,
611210,"Çıkık, gecikmiş olgularda (3 hafta ve üzeri ) ilave edilecek puan",surgical,
611220,"Büyük kemik ve eklem amputasyonu, dezartikülasyonu",surgical,
611230,"Orta kemik ve eklem amputasyonu, dezartikülasyonu",surgical,
611240,"Küçük kemik ve eklem amputasyonu, dezartikülasyonu",surgical,
611250,"Kalça dezartikülasyonu amputasyonu, dezartikülasyonu",surgical,
611260,"Hindquarter amputasyon amputasyonu, dezartikülasyonu",surgical,
611270,"Hemipelvektomi, eksternal",surgical,
611280,"Hemipelvektomi, internal",surgical,
611290,Büyük kemik osteotomi ve fiksasyon,surgical,
611300,Orta kemik osteotomi ve fiksasyon,surgical,
611310,Küçük kemik osteotomi ve fiksasyon,surgical,
611320,Pin çıkarma,surgical,
611330,Eksternal fiksatör çıkarma,surgical,
611340,Büyük kemik implant çıkarma,surgical,
611350,Büyük kemik sinir eksplorasyonu gerektiren implantların çıkartılması,surgical,
611360,Orta kemik implant çıkarma,surgical,
611370,Küçük kemik implant çıkarma,surgical,
611380,"Yumuşak doku laserasyonu, cilt grefti ile fasiyotomi kapatılması",surgical,
611390,"Yumuşak doku laserasyonu, derin yabancı cisimler",surgical,
611400,"Yumuşak doku laserasyonu, fasiyatomi kapatma",surgical,
611410,"Yumuşak doku laserasyonu, tek kompartman fasiyatomisi",surgical,
611420,"Yumuşak doku laserasyonu, skopi eşliğinde yabancı cisim çıkarılması",surgical,
611430,"Yumuşak doku laserasyonu, yabancı cisim çıkarılması",surgical,
611450,Kemik grefti alınması,surgical,
611460,Kıkırdak/Osteoartiküler kemik grefti alınması,surgical,
611470,Akut düğme iliği deformitesi için santralizasyon,surgical,
611480,Ampute parmak için güdük onarımı,surgical,
611500,Ampute uzvun heterotopik revaskülarizasyonu,surgical,
611520,Ayaktan ele parmak nakli,surgical,
611530,Baş parmak veya parmak rekonstrüksiyonu,surgical,
611540,"Botulinium toksini uygulama derin kas, her bir kas için",surgical,
611550,"Botulinium toksini uygulama yüzeyel kas, her bir kas için",surgical,
611560,Bunion-Bunionette eksizyonu,surgical,
611570,"Butonier deformitesi, ""swan neck"" deformitesi cerrahisi",surgical,
611580,Çekiç parmak için açık redüksiyon,surgical,
611590,Çekiç parmak için kapalı redüksiyon,surgical,
611600,Eski ampute edilmiş ekstremitelerde güdük onarımı,surgical,
611620,Distal Radio-Ulnar Eklem (DRUE) operasyonları,surgical,
611630,"Dupuytren cerrahisi, basit, avuç içinde sınırlı, tek parmak",surgical,
611631,"Dupuytren cerrahisi, kompleks, birden fazla parmak",surgical,
611640,Eklem faresi çıkartılması,surgical,
611650,El bileği ganglion eksizyonu,surgical,
611680,Flep ayrılması,surgical,
611690,"Ganglion eksizyonu, büyük eklem",surgical,
611691,"Ganglion eksizyonu, küçük eklem",surgical,
611700,Güdük kapatılması,surgical,
611710,Halluks valgus yumuşak doku ameliyatları,surgical,
611720,Heterotopik revaskülarize uzvun ortotopik transplantasyonu,surgical,
611730,İnguinal ve subpektoral lambo,surgical,
611740,Karpal instabilite cerrahisi,surgical,
611750,Karpal kemik rezeksiyonları,surgical,
611760,"Kontraktür açılması, büyük eklem",surgical,
611770,"Kontraktür açılması, küçük eklem",surgical,
611780,"Kontraktür açılması, orta eklem",surgical,
611790,Majör replantasyonlar,surgical,
611800,Mallet finger cerrahisi,surgical,
611810,Minör replantasyonlar,surgical,
611840,"Parmak replantasyonu, tek bir parmak",surgical,
611850,"Parmak replantasyonu, ilave her parmak için",surgical,
611860,Parmak ucu amputasyonlarında lokal flep uygulamaları,surgical,
611870,Pediküllü kas ve kemik nakli,surgical,
611880,PEV rekurrens yumuşak doku ameliyatı,surgical,
611890,Pollisizasyon,surgical,
611900,Pulley rekonstrüksiyonu,surgical,
611910,Pulley sistemi kaybının onarımı,surgical,
611920,Rhizotomi,surgical,
611930,Serbest doku nakilleri,surgical,
611940,Servikal kosta ve diğer torasik çıkış sendromu girişimleri,surgical,
611950,"Tendon grefti ile onarım, tek bir tendon için",surgical,
611951,"Fleksör tendon onarımı, tek bir tendon için",surgical,
611952,"Ekstensör tendon onarımı, tek bir tendon için",surgical,
611960,"Aşil/patellar/quadriceps tendon onarımı, tek bir tendon için",surgical,
611961,"Tendon onarımı, ilave her tendon için",surgical,
611970,Tendon protezi uygulanması,surgical,
611980,"Tendon transferi, tek tendon",surgical,
611990,"Tendon transferi, ilave her tendon için",surgical,
612000,Tenodezler,surgical,
612010,Tenoliz,surgical,
612020,"Tenoplasti myoplasti, fasiya gevşetilmesi, tek",surgical,
612030,"Tenoplasti myoplasti, fasiya gevşetilmesi, çok",surgical,
612040,"Tenotomi, myotomi",surgical,
612050,Tetik parmak cerrahi tedavisi,surgical,
612060,"Tırnak çekilmesi, her biri",surgical,
612070,"Tırnak yatak revizyonu, her biri",surgical,
612080,Topuk defektleri için lateral kalkaneal flep,surgical,
612090,Topuk defektleri için ters akımlı sural flep,surgical,
612100,"Tuzak nöropati, cerrahi tedavi (Kübital ve tarsal tünel vb.)",surgical,
612110,Vasküler saplı ada flebi,surgical,
612120,Volkmann iskemik kontraktürü cerrahisi,surgical,
612130,Yerleşik düğme iliği deformitesi onarımı,surgical,
612140,Yumuşak doku sinovektomileri,surgical,
612150,Konjenital büyük eklem çıkığı rekonstrüksiyonu,surgical,
612160,Konjenital küçük eklem çıkığı rekonstrüksiyonu,surgical,
612170,Konjenital orta eklem çıkığı rekonstrüksiyonu,surgical,
612180,Makrodaktili cerrahi tedavileri,surgical,
612190,"Polidaktili eksizyonu, basit",surgical,
612200,"Polidaktili eksizyonu, komplike",surgical,
612210,Radial club hand cerrahi tedavileri,surgical,
612220,"Sindaktili düzeltilmesi, basit",surgical,
612230,"Sindaktili düzeltilmesi, komplike",surgical,
612235,"Yarık el, basit tip",surgical,
612236,"Yarık el, ağır tip",surgical,
612240,Ulnar agenezi cerrahi tedavileri,surgical,
612250,Yüksek skapula rekonstrüksiyonu,surgical,
612260,Antibiyotikli hazır spacer uygulanması,surgical,
612270,"Antibiyotikli imalat spacer uygulanması, ameliyathanede",surgical,
612275,"El bileği artroplastisi revizyonu, total",surgical,
612276,"El bileği artroplastisi, total",surgical,
612277,"El bileği artroplastisi, total, çıkartma",surgical,
612280,"Ayak bileği artroplastisi revizyonu, total",surgical,
612290,"Ayak bileği artroplastisi, total",surgical,
612300,"Ayak bileği artroplastisi, total, çıkartma",surgical,
612310,Basit Core-dekompresyon ameliyatı,surgical,
612320,"Büyük eklem parsiyel protezleri, primer",surgical,
612330,Büyük eklem rezeksiyon interpozisyon artroplastisi,surgical,
612340,"Kalça eklemi total protezleri, primer",surgical,
612341,"Kalça eklemi total protezleri, kompleks",surgical,
612350,Büyük trokanterin osteomisi ve transferi,surgical,
612360,Core-dekompresyon ve greftleme,surgical,
612370,Core-dekompresyon ve vaskülarize greft,surgical,
612380,"Dirsek artroplastisi çıkartma, total",surgical,
612390,"Dirsek artroplastisi revizyonu, total",surgical,
612400,"Dirsek artroplastisi, total",surgical,
612410,"Dirsek artroplastisi, total, 10 dereceden az hareketli dirsekte veya 20 dereceden fazla kemik deformitesi varsa",surgical,
612420,"Diz artroplastisi, total",surgical,
612421,"Diz artroplastisi, total, komplex",surgical,
612430,"Diz artroplastisi, total protez çıkarma",surgical,
612440,"Diz revizyon artroplastisi, total",surgical,
612441,"Diz revizyon artroplastisi, parsiyel",surgical,
612450,Büyük eklem yüzey artroplastisi,surgical,
612451,Orta/küçük eklem yüzey artroplastisi,surgical,
612460,"Diz artroplastisi, total, polietilen değiştirme",surgical,
612470,"Kalça artroplastisi, asetebular liner değiştirilmesi, total",surgical,
612471,"Kalça asetebular revizyonu, parsiyel",surgical,
612472,"Kalça femoral sistem revizyonu, parsiyel",surgical,
612480,"Kalça revizyon artroplastisi, total",surgical,
612490,"Kalça revizyon artroplastisi, total, her iki komponent allogreft veya metal kafesler kullanarak",surgical,
612500,Kalçadan hemiartroplasti protezi çıkartılması,surgical,
612501,Kalça total protezin çıkarılması,surgical,
612510,Kısaltma ve/veya asetabular greft ile yapılan kalça artroplastisi,surgical,
612520,"Küçük eklem rezeksiyon, interpozisyon artroplastisi",surgical,
612530,Omuz artroplastisi çıkartılması,surgical,
612540,Omuz artroplastisi revizyonu,surgical,
612550,Omuz total artroplastisi,surgical,
612551,Omuz ters (reverse) artroplastisi,surgical,
612560,"Orta eklem rezeksiyon, interpozisyon artroplastisi",surgical,
612570,"Orta eklem ve küçük eklem protezleri, primer",surgical,
612580,Unikompartmantal diz artroplastisi,surgical,
612590,Büyük eklem artrodezi,surgical,
612600,Orta eklem artrodezi,surgical,
612610,Küçük eklem artrodezi,surgical,
612620,Büyük kemik osteomyelit tedavisi,surgical,
612630,Orta kemik osteomyelit tedavisi,surgical,
612640,Küçük kemik osteomyelit tedavisi,surgical,
612650,"Artroskopi, tanısal",surgical,
612651,Girişimsel artroskopi,surgical,
612710,Artroskopik mozaikplasti,surgical,
612720,Artroskopik Osteo Kondritis Dissekans (OCD) fiksasyonu,surgical,
612730,Artroskopik eklem kıkırdağı debritmanı ile birlikte drill ya da mikrokırık,surgical,
612731,Artroskopik otolog kondrosit implantasyonu,surgical,
612732,Artroskopik hücresiz matriks/skafold ile kıkırdak tamiri,surgical,
612740,Artroskopik artrodez,surgical,
612750,Girişimsel kalça artroskopisi,surgical,
612751,Artroskopik kalça ekleminde labrum tamiri,surgical,
612760,"Artroskopik menisküs onarımı, diz",surgical,
612770,"Artroskopik menisküs transplantasyonu, diz",surgical,
612810,"Artroskopik lateral gevşetme ve mediyal plikasyon, diz",surgical,
612820,Artroskopik eklem içi kırık fiksasyonu,surgical,
612830,"Artroskopik ön çapraz bağ rekonstrüksiyonu, diz",surgical,
612840,"Artroskopik ön çapraz bağ rekonstrüksiyon revizyonu, diz",surgical,
612850,"Artroskopik arka çapraz bağ rekonstrüksiyonu, diz",surgical,
612860,"Artroskopik arka çapraz bağ rekonstrüksiyon revizyonu, diz",surgical,
612865,Girişimsel ayak bileği artroskopisi,surgical,
612870,"Artroskopik SLAP onarımı, omuz",surgical,
612880,"Artroskopik kapsüler kaydırma, omuz",surgical,
612890,"Artroskopik bankart onarımı, omuz",surgical,
612900,"Artroskopik rotator kılıf debritmanı, omuz",surgical,
612910,"Artroskopik rotator kılıf onarımı , omuz",surgical,
612920,"Artroskopik bursoskopi ve bursektomi, omuz",surgical,
612930,"Artroskopik akromiyoplasti, omuz",surgical,
612940,Artroskopik akromiyoklaviküler eklem rezeksiyonu,surgical,
612950,Artroskopik radius başı rezeksiyonu,surgical,
612960,Artroskopik Triangüler fibrokartilaj kompleks (TFCC) debritmanı,surgical,
612970,Artroskopik Triangüler fibrokartilaj kompleks (TFCC) onarımı,surgical,
612975,"Otolog Kondrosit implantasyonu cerrahisi, açık",surgical,
612976,"Hücresiz matriks/skafold ile kıkırdak tamiri, açık",surgical,
612977,Kalça kontrollü çıkık ile labrum tamir veya rekonstrüksiyonu,surgical,
612980,Akromiyoklaviküler eklem rezeksiyonu,surgical,
612990,Akromiyoplasti,surgical,
613000,Arka çapraz bağ rekonstrüksiyonu,surgical,
613001,"Arka çapraz bağ rekonstrüksiyonu,revizyonu, diz",surgical,
613010,Ayak bileği kollateral ligament primer onarımı,surgical,
613020,Ayak bileği kollateral ligament rekonstrüksiyonu,surgical,
613030,Büyük eklem debritmanı,surgical,
613031,Yara evantrasyonunda revizyon,surgical,
613040,Dirsek kollateral ligament rekonstrüksiyonu,surgical,
613050,Diz dış yan bağ primer onarımı,surgical,
613060,Diz dış yan bağ rekonstrüksiyonu,surgical,
613070,Diz iç yan bağ primer onarımı,surgical,
613080,Diz iç yan bağ rekonstrüksiyonu,surgical,
613090,Eklem ponksiyonu ve ilaç verme,surgical,
613100,Eminensiya kırık fiksasyonu,surgical,
613110,Greft alınması,surgical,
613120,Kondral debritman,surgical,
613130,Korakoakrominal ligament rekonstrüksiyonu,surgical,
613140,Küçük eklem debritmanı,surgical,
613150,Küçük eklem ligament rekonstrüksiyonu,surgical,
613160,Menisektomi,surgical,
613170,Menisküs kisti eksizyonu,surgical,
613180,Menisküs onarımı,surgical,
613190,Menisküs transplantasyonu,surgical,
613200,Mozaikplasti,surgical,
613210,Ön çapraz bağ rekonstrüksiyonu,surgical,
613211,"Ön çapraz bağ rekonstrüksiyon revizyonu, diz",surgical,
613220,Orta eklem debritmanı,surgical,
613230,Patella distal ve proksimal dizilim cerrahisi,surgical,
613240,Patella distal realinman,surgical,
613250,Patella proksimal dizilim cerrahisi,surgical,
613260,Rotator kılıf onarımı,surgical,
613261,"Bankart onarımı, omuz",surgical,
613270,Septik artrit büyük eklem cerrahisi,surgical,
613280,Septik artrit küçük eklem cerrahisi,surgical,
613290,Septik artrit orta eklem cerrahisi,surgical,
613300,"Sinovektomi, büyük eklem",surgical,
613310,"Sinovektomi, küçük-orta eklem",surgical,
613320,Büyük eklem habitüel çıkık onarımı,surgical,
613330,Orta eklem habitüel çıkık onarımı,surgical,
613340,Küçük eklem habitüel çıkık onarımı,surgical,
613350,Aşiloplasti,surgical,
613360,Aşiloplasti ve posteriyor kapsül gevşetmesi,surgical,
613370,Ayak komplet subtalar gevşetme,surgical,
613380,Ayak posteromediyal gevşetme,surgical,
613390,Chiari osteotomisi,surgical,
613400,"Gelişimsel kalça çıkığı, açık redüksiyon",surgical,
613410,Gelişimsel kalça çıkığı kapalı redüksiyonu ve pelvipedal alçı,surgical,
613420,Gelişimsel kalça çıkığında pelvik osteotomiler,surgical,
613430,Gelişimsel kalça çıkığında periasetabular osteotomiler,surgical,
613440,"Gelişimsel kalça çıkığı, radikal redüksiyon",surgical,
613450,Gelişimsel kalça çıkığında üçlü pelvik osteotomiler (Steel vb.),surgical,
613460,Osteoklazi,surgical,
613470,PEV manüplasyon dahil alçı,surgical,
613480,Plantar fasiya ve addüktör tendonların gevşetilmesi,surgical,
613490,Shelf osteotomisi,surgical,
613500,Üçlü artrodez,surgical,
613510,Trokanter majör transferi,surgical,
613520,Vertikal talus ameliyatları,surgical,
613530,"Tenotomi, kalça addüktörleri, kapalı, subkütan",surgical,
613540,"Tenotomi, kalça addüktörleri, açık",surgical,
613550,"Tenotomi, iliyopsoas, açık",surgical,
613560,Anteriyor girişim ile vertebra apse drenajı,surgical,
613570,Anteriyor girişim ile vertebra apse drenajı ve korpektomi ile birlikte strut greftleme,surgical,
613580,Anteriyor girişim ile vertebra apse drenajı ve anteriyor enstrümentasyon,surgical,
613590,Anteriyor girişim ile vertebra apse drenajı ve posteriyor enstrümentasyon,surgical,
613600,Posteriyor girişim ile vertebra apse drenajı,surgical,
613610,Posteriyor girişim ile vertebra apse drenajı ve korpektomi ile birlikte strut greftleme,surgical,
613620,Posteriyor girişim ile vertebra apse drenajı ve posteriyor enstrümentasyon,surgical,
613630,"Posteriyor elemanların osteotomisi, tek vertebra segmenti",surgical,
613640,Posteriyor elemanlar ve anterior korpusu da içeren osteotomiler,surgical,
613650,"Spinal osteotomi, tek vertebra segmenti, anteriyor yaklaşım ile",surgical,
613660,"Konkav veya konveks kosta osteotomisi, her seviye için",surgical,
613670,"Vertebra kırıklarının redüksiyonu, manipülasyon veya traksiyonsuz",surgical,
613680,"Vertebra kırıklarının kapalı tedavisi, manipülasyon veya traksiyonla",surgical,
613690,"Vertebra kırık veya çıkığı tek seviye, posteriyor yaklaşımla enstrümentasyon 4 seviyeye kadar",surgical,
613700,"Vertebra kırık veya çıkığı tek seviye, posteriyor yaklaşımla enstrümentasyon 4 seviyeden fazla",surgical,
613710,"Vertebra kırık veya çıkığı tek seviye, enstrümentasyon 4 seviyeye kadar, anteriyor yaklaşımla",surgical,
613720,"Vertebra kırık veya çıkığı tek seviye, anteriyor yaklaşımla enstrümentasyon 4 seviyeden fazla",surgical,
613730,"Vertebra kırığı veya çıkığı tek seviye, anteriyor dekompresyon- enstrümentasyon ve füzyon (4 seviyeye kadar) ile birlikte posteriyor enstrümentasyon ve füzyon",surgical,
613740,Otogreft alınması (İliyak kanat),surgical,
613750,Nonvaskülarize fibular strut greft alınması,surgical,
613760,"Anteriyor artrodez, transoral veya ekstraoral yolla",surgical,
613770,"Anteriyor artrodez, interbody tekniği ile",surgical,
613780,"Her ek vertebra segmenti için anteriyor artrodez, interbody tekniği ile",surgical,
613790,"Kraniyoservikal artrodez, posteriyor teknik ile",surgical,
613800,"Atlas-aksis artrodez, posteriyor teknik ile",surgical,
613810,"Servikal artrodez, posteriyor-posterolateral teknik ile",surgical,
613820,"Her ek vertebra için artrodez, posteriyor-posterolateral teknik ile",surgical,
613830,"Artrodez anteriyor, 3 vertebral segmente kadar",surgical,
613840,"Artrodez anteriyor, 4 veya daha fazla vertebral segment",surgical,
613850,Kifotik deformite için anteriyor trikortikal strut greftleme,surgical,
613860,Kifotik deformite için vaskülarize kosta ile greftleme,surgical,
613870,"Artrodez posteriyor, 7 vertebral segmente kadar",surgical,
613880,"Artrodez posteriyor, 8 veya daha fazla vertebral segment",surgical,
613890,"Artrodez posteriyor, tek disk aralığı",surgical,
613900,"Artrodez posteriyor, her disk aralığı",surgical,
613910,Spinal füzyon eksplorasyonu,surgical,
613920,Anteriyor enstrümantasyon; 3 vertebra segmentine kadar,surgical,
613930,Anteriyor enstrümantasyon; 4 veya daha fazla vertebra segmenti,surgical,
613940,Anteriyor odontoid fiksasyonu,surgical,
613950,Anteriyor sakroiliyak fiksasyon,surgical,
613960,Crutchfield takılması,surgical,
613970,"Enstrümantasyon çıkarılması, 6 seviyeden fazla",surgical,
613980,"Enstrümantasyon çıkarılması, 6 veya daha az vertebra segmenti",surgical,
613990,Halo fiksasyon uygulanması,surgical,
614000,"Pelvik fiksasyon, sakrum dışında",surgical,
614010,"Posteriyor C1-C2 enstrümantasyonu+ vida rod+ transartiküler vida + lamina, spinöz proses telleme",surgical,
614020,Posteriyor oksipitoservikal enstrümantasyon,surgical,
614030,Posteriyor sakroiliyak fiksasyon,surgical,
614040,Posteriyor segmental enstrümantasyon; 6 veya daha az vertebra segmenti,surgical,
614050,Posteriyor segmental enstrümantasyon; 7 veya daha fazla vertebra segmenti,surgical,
614060,Posteriyor segmental olmayan enstrümantasyon,surgical,
614070,Spinöz proseslerin tellenmesi ile internal spinal fiksasyon,surgical,
614080,"Translaminer faset eklem vida fiksasyonu, tek seviye",surgical,
614090,"Vertebra defektlerine, strüktürel, strut greft veya prostetik materyal yerleştirilmesi",surgical,
614100,Kifektomi,surgical,
614110,Spondilolizis pars kırık onarımı,surgical,
614120,"Sakrektomi, parsiyel",surgical,
614130,"Sakrektomi, total",surgical,
614140,"Vertebroplasti, tek seviye",surgical,
614150,Kifoplasti,surgical,
614160,Faset eklem blokajı,surgical,
614170,Spondilolistezis cerrahi redüksiyon,surgical,
614171,Perkütan omurga tümör ablasyon tedavisi,surgical,
614180,Büyük kemik bifokal,surgical,
614190,Büyük kemik defektli psödoartrozu,surgical,
614200,Büyük kemik psödoartrozu,surgical,
614210,Kemik-kemik defektli psödoartrozu,surgical,
614220,Küçük kemik psödoartrozu,surgical,
614230,Orta kemik defektli psödoartrozu,surgical,
614240,Orta kemik psödoartrozu,surgical,
614250,Büyük kemik kallo-hemikallotazis ile deformite düzeltilmesi,surgical,
614260,Orta kemik kallo-hemikallotazis ile deformite düzeltilmesi,surgical,
614270,Küçük kemik kallo-hemikallotazis ile deformite düzeltilmesi,surgical,
614280,"Hemikondrodiastazis, büyük kemik",surgical,
614290,Büyük eklem kontraktürünün eksternal fiksatör ile açılması,surgical,
614300,Küçük eklem kontraktürünün eksternal fiksatör ile açılması,surgical,
614320,Büyük kemik uzatma/ Deformite Düzeltme Cerrahisi,surgical,
614330,Orta kemik uzatma/Deformite Düzeltme Cerrahisi,surgical,
614340,Küçük kemik uzatma/Deformite Düzeltme Cerrahisi,surgical,
614350,Kemik tümörü açık biyopsisi (büyük kemik),surgical,
614351,"Kemik tümörü açık biyopsisi, (orta/küçük kemik)",surgical,
614353,Kapalı kemik biyopsisi,surgical,
614360,"Yumuşak doku tümörü açık biyopsisi, pelvis içi",surgical,
614370,"Yumuşak doku tümörü trokar veya iğne biyopsisi, pelvis içi",surgical,
614380,"Benign yumuşak doku tümörü, derin",surgical,
614390,"Benign yumuşak doku tümörü, kompleks",surgical,
614400,"Benign yumuşak doku tümörü, pelvis içi",surgical,
614410,"Benign yumuşak doku tümörü, yüzeyel",surgical,
614420,Büyük kemik malign tümörünün geniş veya radikal rezeksiyonu,surgical,
614430,Büyük kemik benign tümörü veya kistinin küretaj veya rezeksiyonu,surgical,
614440,Küçük kemik benign tümörü veya kistinin küretaj veya rezeksiyonu,surgical,
614450,Küçük kemik malign tümörünün geniş veya radikal rezeksiyonu,surgical,
614460,"Malign yumuşak doku tümörü rezeksiyonu, derin",surgical,
614470,"Malign yumuşak doku tümörü rezeksiyonu, kompleks",surgical,
614480,"Malign yumuşak doku tümörü rezeksiyonu, pelvis içi",surgical,
614490,"Malign yumuşak doku tümörü rezeksiyonu, yüzeyel",surgical,
614500,Orta kemik malign tümörünün geniş veya radikal rezeksiyonu,surgical,
614510,Orta kemik benign tümörü veya kistinin küretaj veya rezeksiyonu,surgical,
614520,Spine benign kemik tümörü veya kistinin küretaj veya rezeksiyonu,surgical,
614530,Spine malign kemik tümörünin geniş veya radikal rezeksiyonu,surgical,
614540,"Total kapalı eklem rezeksiyonu, büyük eklem",surgical,
614550,"Total kapalı eklem rezeksiyonu, orta eklem",surgical,
614551,Tümör rezeksiyon protezi ile diz artroplastisi,surgical,
614552,Tümör rezeksiyon protezi ile kalça artroplastisi,surgical,
614553,Tümör rezeksiyon protezi ile omuz artroplastisi,surgical,
614554,Tümör rezeksiyon protezi ile dirsek artroplastisi,surgical,
614555,Tümör rezeksiyon protezi ile total büyük kemik ve/veya eklem artroplastisi,surgical,
614556,Metastatik tümörlerde profilaktik fiksasyon,surgical,
614560,Damarlı kemik transplantasyonu,surgical,
614570,"Eklem transplantasyonu, total",surgical,
614580,Kemik defektlerinin yonga greft ile doldurulması,surgical,
614590,Kemik kaydırma yöntemi ile rekonstrüksiyon,surgical,
614600,Kısmi eklem transplantasyonu,surgical,
614610,Masif allogreft ile rekonstrüksiyon,surgical,
614620,"Rezeksiyon artrodezi, büyük eklem",surgical,
614630,"Rezeksiyon artrodezi, küçük eklem",surgical,
614640,"Rezeksiyon artrodezi, orta eklem",surgical,
614650,Segmental greft ile rekonstrüksiyon,surgical,
614660,Modüler tümör protezi ile rekonstrüksiyon,surgical,
614670,Subdural ponksiyon ve efüzyon aspirasyonu,surgical,
614680,Ventriküler ponksiyon,surgical,
614690,Eksternal ventriküler drenaj sistemi yerleştirilmesi,surgical,
614700,İntrakraniyal basınç monitörizasyon kateteri yerleştirilmesi,surgical,
614710,Eksternal lomber drenaj sistemi yerleştirilmesi,surgical,
614720,Uzun süreli video EEG için subdural elektrot konması için cerrahi girişim,surgical,
614730,Uzun süreli video EEG amaçlı Foramen ovale elektrotu için cerrahi girişim,surgical,
614740,Uzun süreli video EEG amaçlı derin elektrot konması için cerrahi girişim,surgical,
614750,Kortikal stimülasyon,surgical,
614760,Elektrokortikografi,surgical,
614770,"Vestibüler nörektomi, transkanal",surgical,
614780,MAI dekompresyonu,surgical,
614790,BOS fistüllerinin onarımı,surgical,
614800,Temporal kemik tümör eksizyonu,surgical,
614810,Akustik tümör eksizyonu,surgical,
614820,"Vestibüler nörektomi, retrosigmoid-retrolabirenter",surgical,
614830,Dekompresyon ameliyatı (AICA),surgical,
614840,Açık kordotomi,surgical,
614850,Baklofen pompa implantasyonu,surgical,
614860,"Derin beyin nörostimülatörü implantasyonu, iki taraf",surgical,
614870,"Derin beyin nörostimülatörü implantasyonu, tek taraf",surgical,
614880,Dorsal kolon stimülasyonu,surgical,
614890,Eksternal radyoşirürji,surgical,
614900,Faset denervasyonu,surgical,
614910,Mikroelektrot kayıt,surgical,
614920,"Mikroelektrot kayıt eşliğinde pallidotomi, iki taraf",surgical,
614930,"Mikroelektrot kayıt eşliğinde pallidotomi, tek taraf",surgical,
614940,"Mikroelektrot kayıt eşliğinde talamotomi, iki taraf",surgical,
614950,"Mikroelektrot kayıt eşliğinde talamotomi, tek taraf",surgical,
614960,Mikroelektrot kayıtla nörostimülatör implantasyonu,surgical,
614970,Mikrovasküler dekompresyon,surgical,
614981,İntraoperatif nöronavigasyon,surgical,
614990,Perkütan foramen ovale gasser gangliyon bloğu,surgical,
615000,Perkütan foramen ovale gasser gangliyonu RF termokoagülasyonu,surgical,
615010,Perkütan kordotomi,surgical,
615020,Perkütan sempatik blokaj,surgical,
615030,Perkütan traktotomi,surgical,
615040,Selektif dorsal rizotomi,surgical,
615050,Stereotaktik biyopsi,surgical,
615060,Stereotaktik brakiterapi,surgical,
615070,"Stereotaktik talamotomi, iki taraf",surgical,
615080,"Stereotaktik talamotomi, tek taraf",surgical,
615090,Stereotaktik kateterizasyon,surgical,
615100,Stereotaktik kraniyotomi,surgical,
615110,"Stereotaktik pallidotomi, iki taraf",surgical,
615120,"Stereotaktik pallidotomi, tek taraf",surgical,
615130,Stereotaktik singulotomi-kapsulotomi,surgical,
615140,Trigeminal nörektomi,surgical,
615150,Vestibüler nörotomi,surgical,
615160,Hidrosefali şant ameliyatları,surgical,
615161,Hidrosefali Şant Revizyonu,surgical,
615170,"Hidrosefali ameliyatları, 3.ventrikülostomi",surgical,
615171,Araknoid Kist Endoskopik Fenestrasyon,surgical,
615180,"BOS fistülünün kraniyotomi ile ameliyatları, transkraniyal yolla",surgical,
615190,"BOS fistülü ameliyatları, transsfenoidal yolla",surgical,
615200,"Kafa kaidesinde dura onarımı, kraniyotomi ile",surgical,
615201,Dekompresif Kraniektomi,surgical,
615202,Chiari malformasyonu dekompresyon+duraplasti,surgical,
615203,Kisto-peritoneal şant takılması,surgical,
615204,Eksternal ventriküler veya lomber drenaj seti uygulanması,surgical,
615205,Syringomyeli şantları,surgical,
615210,Endoskopik tümör biyopsisi,surgical,
615220,Endoskopik akuaduktoplasti,surgical,
615230,"Burr Hole eksplorasyonu, tek",surgical,
615240,"Burr Hole eksplorasyonu, her bir ilave için",surgical,
615250,"Epidural hematom drenajı, kraniyektomi ile",surgical,
615260,"Epidural hematom drenajı, kraniyotomi ile",surgical,
615270,"Subdural hematomun kraniyotomi ile drenajı, tek taraf",surgical,
615280,"Subdural hematomun kraniyotomi ile drenajı, iki taraf",surgical,
615290,"Subdural hematomun Burr Hole ile drenajı, tek taraf",surgical,
615300,"Subdural hematomun Burr Hole ile drenajı, iki taraf",surgical,
615310,"Depresyon fraktürü, basit",surgical,
615320,"Depresyon fraktürü, komplike",surgical,
615330,"Duraplasti, galeal greft ile",surgical,
615331,"Duraplasti, diğer greftler (Sentetik vb) ile",surgical,
615340,"Duraplasti, fasiya lata grefti ile",surgical,
615350,3. ventrikül içi tümörleri,surgical,
615351,Endoskopik ventrikül içi cerrahisi,surgical,
615360,"Anevrizma ameliyatları, aynı keside çoklu",surgical,
615370,"Anevrizma ameliyatları, ayrı keside çoklu",surgical,
615380,"Anevrizma ameliyatları, tek",surgical,
615390,Arteriyovenöz malformasyon ameliyatları,surgical,
615400,"Beyin apsesi, Burr Hole ile aspirasyon",surgical,
615410,"Beyin apsesi cerrahisi, kraniyotomi ile",surgical,
615420,Beyin intraparankimal kist hidatik çıkarılması,surgical,
615430,Glial tümör eksizyonu,surgical,
615440,"Glial tümör eksizyonu, mikroşirürjikal teknikle",surgical,
615441,Yüzeyel metastatik beyin tümörleri,surgical,
615442,Derin metastatik beyin tümörleri,surgical,
615450,"Glial tümör eksizyonu, lobektomi ilavesiyle",surgical,
615451,İnsüler bölge lezyonları (talamus bazal ganglion),surgical,
615460,"İntraorbital tümör eksizyonu, kraniyotomi ile",surgical,
615470,"İntraserebral hematom boşaltılması, Burr Hole ile",surgical,
615480,"İntraserebral hematom boşaltılması, kraniyotomi ile",surgical,
615490,Kaide tümörleri,surgical,
615500,Karotid endarterektomi,surgical,
615510,Karotikokavernöz fistül veya anevrizması,surgical,
615520,Konveksite tümörleri cerrahisi,surgical,
615530,Köşe tümörleri cerrahisi,surgical,
615540,Lateral ventrikül içi tümörleri cerrahisi,surgical,
615550,"Parasagital (İnterhemisferik), tentoriyel açıklık vb.yerleşimli tümörlerin cerrahisi",surgical,
615560,Pineal kitle ameliyatları,surgical,
615570,Posteriyor fossa tümörleri cerrahisi,surgical,
615571,4. Ventrikül tümör cerrahisi,surgical,
615572,Beyin sapı lezyonlar cerrahisi,surgical,
615580,Sellar ve parasellar tümörleri cerrahisi,surgical,
615581,Petroklival bölge tümör cerrahisi,surgical,
615582,Kavernöz sinus tümör cerrahisi,surgical,
615583,Kavernom ameliyatları,surgical,
615584,Mikrocerrahi kist fenestrasyonu,surgical,
615585,Subdural /epidural abse ameliyatları,surgical,
615586,Uyanık kraniyotomi ile tümör eksizyonu,surgical,
615590,Serebral by-pass ameliyatları,surgical,
615600,Transsfenoidal hipofizektomi,surgical,
615601,Endoskopik hipofiz cerrahisi,surgical,
615602,Endoskopik BOS fistülü cerrahisi,surgical,
615610,Ekstratemporal rezeksiyonlar,surgical,
615620,Hemidekortikasyon,surgical,
615630,Hemisferektomi,surgical,
615640,Korpus kallozotomi,surgical,
615650,Selektif amigdalohipokampektomi,surgical,
615660,Subpial insizyon,surgical,
615670,"Serebral lobektomi total, mediyal veya lateral",surgical,
615680,Vagal stimülatör takılması,surgical,
615690,Spinal meningosel eksizyonu,surgical,
615700,Spinal meningomyelosel eksizyonu,surgical,
615710,"Spinal disrafizm, kapalı ameliyatları",surgical,
615720,Sakrokoksigeal teratom eksizyonu,surgical,
615730,Diskografi tek seviye,surgical,
615750,"İntradural, intramedüller vertebra apsesi drenajı",surgical,
615760,Lomber intradural tümör eksizyonu,surgical,
615761,Lomber ekstradural tümör eksizyonu,surgical,
615770,Lomber spinal kord AVM eksizyonu,surgical,
615800,Servikal intradural ekstramedüller tümör eksizyonu,surgical,
615801,Servikal ekstradural tümör eksizyonu,surgical,
615810,Servikal intramedüller tümör eksizyonu,surgical,
615820,Servikal spinal kord AVM eksizyonu,surgical,
615830,Spinal syringomyeli drenajı eksizyonu,surgical,
615831,Servikal anterior oblik korpektomi tek omurga,surgical,
615840,Torakal intradural ekstramedüller tümör eksizyonu,surgical,
615841,Torakal ekstradural tümör eksizyonu,surgical,
615850,Torakal intramedüller tümör eksizyonu,surgical,
615860,Torakal spinal kord AVM eksizyonu,surgical,
615880,"Lomber diskektomi, tek seviye",surgical,
615881,"Lomber diskektomi, nüks",surgical,
615890,"Lomber diskektomi, tek seviye, iki taraf",surgical,
615891,Perkutan transpediküler biyopsi,surgical,
615895,Transsakral girişimle kamera eşliğinde lomber epidural diskoplasti,surgical,
615900,Lomber laminektomi ve iki taraflı diskektomi,surgical,
615910,Lomber laminektomi ve tek taraf diskektomi,surgical,
615920,"Lomber mikrocerrahi ile diskektomi, tek seviye",surgical,
615921,İnterlaminar yol ile Endoskopik lomber disk cerrahisi,surgical,
615922,Transforaminal yol ile Endoskopik lomber disk cerrahisi,surgical,
615930,"Lomber mikrocerrahi ile iki taraflı diskektomi, tek seviye",surgical,
615931,Dar spinal kanalda unilateral dekompresyon,surgical,
615940,"Anteriyor yaklaşım ve mikrocerrahi ile servikal diskektomi ,tek mesafe",surgical,
615941,"Posterior yaklaşım ile servikal diskektomi, nüks",surgical,
615950,"Anteriyor yaklaşım ve mikrocerrahi ile servikal diskektomi ve intervertebral greft-kafes-disk protezi uygulaması, tek mesafe",surgical,
615951,"Anteriyor yaklaşım ile servikal diskektomi, nüks",surgical,
615960,Servikal laminektomi ve disk boşaltılması,surgical,
615970,Torakal disk eksizyonu,surgical,
615971,"İnterbody füzyon ameliyatı ( ekstrem lateral, direkt lateral)",surgical,
615972,"Torakal disk eksizyonu, nüks",surgical,
615980,Torakal kostatransversektomi ile disk eksizyonu,surgical,
615990,Torakal transtorasik disk eksizyonu,surgical,
615991,Transsakral girişimle kamera eşliğinde lomber epidural adezyolizis,surgical,
615995,Minimal invaziv foraminoplasti tek taraflı/çift taraflı,surgical,
616000,Kraniyovertebral junction anomalisi ameliyatları veya dekompresyon,surgical,
616010,"Lomber hemilaminektomi - laminotomi, parsiyel /total, tek omurga",surgical,
616020,"Lomber laminektomi, tek omurga",surgical,
616030,"Lomber laminoplasti, tek omurga",surgical,
616040,"Lomber parsiyel korpektomi, tek omurga",surgical,
616050,"Servikal hemilaminektomi - laminotomi, tek omurga",surgical,
616060,"Servikal, torakal veya lomber korpektomi, tek omurga",surgical,
616070,"Servikal laminektomi, tek omurga",surgical,
616080,"Servikal laminoplasti, tek omurga",surgical,
616090,"Servikal veya torakal parsiyel korpektomi, tek omurga",surgical,
616100,"Torakal hemilaminektomi - laminotomi, tek omurga",surgical,
616110,"Torakal laminektomi, tek omurga",surgical,
616120,"Torakal laminoplasti, tek omurga",surgical,
616130,Total omurga rezeksiyonu,surgical,
616140,Transoral odontoidektomi,surgical,
616141,Endoskopik odontoid cerrahisi,surgical,
616150,Yalnızca deriye müdahale ile statik onarımlar,surgical,
616160,Fasiya veya tendon grefti ile askı ameliyatları,surgical,
616170,Kas transpozisyonu veya greft ile düzeltme,surgical,
616180,Fasiyal sinir onarımı,surgical,
616190,Fasiyal sinirin greftle onarımı,surgical,
616200,Hipoglossal sinir transpozisyonu,surgical,
616210,Mikronörovasküler teknik ile kas transferi,surgical,
616220,Yumuşak doku suspansiyonu,surgical,
616230,Nöroliz,surgical,
616231,"Sempatektomi aksiller, tek taraf",surgical,
616240,"Sempatektomi lomber, tek taraf",surgical,
616250,"Sempatektomi lomber, iki taraf",surgical,
616260,"Sempatektomi servikal, tek taraf",surgical,
616270,"Sempatektomi servikal, iki taraf",surgical,
616280,Periferik arter sklerizasyonu,surgical,
616290,"Torakal sempatektomi, tek taraf",surgical,
616300,"Torakal sempatektomi, iki taraf",surgical,
616310,Sinir grefti alınması,surgical,
616320,Sinir için torasik çıkım sendromu ameliyatları,surgical,
616330,Brakiyal pleksus eksplorasyonları,surgical,
616331,Brakiyal pleksus Erb Palsi rekonstrüksiyonu(Greft veya sinir transferleri ile 3 sinire kadar),surgical,
616332,Brakiyal pleksus Erb Palsi rekonstrüksiyonu(Greft veya sinir transferleri ile 4 sinir ve üzeri),surgical,
616340,Lomber pleksus eksplorasyonları,surgical,
616350,"Her türlü periferik sinir eksplorasyonu, tek bir sinir",surgical,
616360,Nervus medianusun dekompresyonu,surgical,
616370,Nervus ulnaris transpozisyonu,surgical,
616380,Supraskapüler sinir kompresyon sendromu ve dekompresyon cerrahisi,surgical,
616390,"Nervus radialis posterior interosseous kompresyon sendromu, dekompresyon cerrahisi",surgical,
616400,Meralgia parestetika dekompresyon ameliyatı,surgical,
616410,Tarsal tünel sendromu dekompresyon ameliyatı,surgical,
616420,Kraniyal sinirlerin mikrovasküler dekompresyon,surgical,
616430,"Dijital veya diğer saf duyu sinir onarımı,tek bir sinir",surgical,
616431,"Motor veya mikst sinir onarımı,tek bir sinir",surgical,
616440,"Dijital veya diğer saf duyu sinir onarımı, greft ile,tek bir sinir",surgical,
616441,"Motor veya mikst sinir onarımı,greft ile,tek bir sinir",surgical,
616450,"Dijital veya diğer saf duyu sinir onarımı, greft ile, ilave her bir sinir",surgical,
616451,"Motor veya mikst sinir onarımı, greft ile, ilave her bir sinir",surgical,
616460,Dijital sempatektomi,surgical,
616470,"Ayarlanabilir sütür, pitozis",surgical,
616480,"Blefaroplasti, her bir göz kapağı için",surgical,
616490,Dermoid kist eksizyonu,surgical,
616500,Distikiyaziste uygulanan elektroliz ameliyatı,surgical,
616510,Ektropiyum için cerrahi girişim,surgical,
616520,Entropiyum için cerrahi girişim,surgical,
616530,Epikantus onarımı,surgical,
616540,"Frontale asma teknikleri, pitozis",surgical,
616550,Görüş alanına engel yaratan psödopitoz tedavisi,surgical,
616560,Göz kapağı deri defektlerinin rekonstrüksiyonu,surgical,
616570,Göz kapağı tam kat defektlerinin rekonstrüksiyonu,surgical,
616580,Göz kapağına altın implantasyonu,surgical,
616590,Kantoplasti,surgical,
616600,"Kapak kesisi sütürasyonu, 1 cm'den fazla",surgical,
616610,"Kapak kesisi sütürasyonu, 1 cm'ye kadar",surgical,
616620,"Kapak kesisi sütüre edilmesi, kirpikli kenar, kaş veya tars onarımı",surgical,
616630,"Kapak rekonstrüksiyonu, greft veya flep ile",surgical,
616640,Kapak tümörü ameliyatı,surgical,
616670,Kapak veya konjonktiva biyopsisi,surgical,
616680,Kapaklara kriyo aplikasyonu,surgical,
616690,Kapakta kist ve şalazyon ameliyatı,surgical,
616700,Kemodenervasyon,surgical,
616710,"Levator prosedürleri, pitozis",surgical,
616720,Rejional oküler anestezi,surgical,
616730,Saçlı deriden ada flep yardımı ile kaş rekonstrüksiyonu,surgical,
616740,Saçlı derinin kompozit greft olarak kullanıldığı kaş rekonstrüksiyonu,surgical,
616750,Tarsorafi,surgical,
616760,Telekantüs onarımı,surgical,
616770,Alt konka kırılması,surgical,
616780,"Dakriosistorinostomi (DSR), eksternal",surgical,
616790,"Dakriosistorinostomi (DSR), endonazal",surgical,
616800,Göz yaşı yolları entübasyonu,surgical,
616810,Göz yaşı yolları entübasyonu ve alt konka kırılması,surgical,
616820,Kanalikül kesisi reperasyonu,surgical,
616830,Kese ablasyonu,surgical,
616840,Kese flegmonu drenajı,surgical,
616850,Lakrimal tıkaç yerleştirilmesi,surgical,
616860,Nazal mukoza ve cilt infiltrasyon anestezisi,surgical,
616870,Nazolakrimal balon uygulamaları,surgical,
616880,Nazolakrimal kanal oklüzyonuna girişim-probing,surgical,
616890,"Punktum açılması, dilatasyonu, lavajı",surgical,
616900,Tüp implantlı konjonktival rinostomi,surgical,
616910,"Rektuslara geriletme veya rezeksiyon, her biri",surgical,
616920,"Rektuslara geriletme ve rezeksiyon, aynı göz",surgical,
616930,Her iki gözde birer rektusa geriletme ve/veya rezeksiyon,surgical,
616940,"Tenotomi, myotomi, şaşılıkta",surgical,
616950,Botulinium toksini enjeksiyonu,surgical,
616960,Adele transpozisyonu,surgical,
616970,"Ayarlanabilir sütür, şaşılık",surgical,
616980,Faden ameliyatı,surgical,
616990,"Nistagmus cerrahisi, her iki gözde tüm horizontal kaslara geriletme",surgical,
617000,Amnion zarı ile yüzey rekonstrüksiyonu,surgical,
617010,Delici göz yaralanmaları tamiri,surgical,
617020,Fototerapötik keratektomi (PTK),surgical,
617030,İntraoküler yabancı cisimlerin çıkarılması,surgical,
617040,Keratoplasti,surgical,
617050,Keratoprotez uygulaması,surgical,
617051,Korneal Cross-Linking uygulaması,surgical,
617052,İntrakorneal halka uygulaması,surgical,
617060,Konjonktiva örtmesi,surgical,
617070,"Konjonktiva plastiği, greft ile",surgical,
617090,Konjonktivadan kist ve tümör çıkarılması,surgical,
617091,Konjonktiva kesisi sütürasyonu,surgical,
617100,Konjonktivadan yabancı cisim çıkarılması,surgical,
617110,Konkresyon küretajı,surgical,
617120,"Kornea hazırlanması, transplantasyon için",surgical,
617130,Kornea kesisi sütüre edilmesi,surgical,
617140,Korneadan yabancı cisim çıkarılması,surgical,
617150,Korneal debritman,surgical,
617160,Korneal-Skleral sütür alınması,surgical,
617170,Limbal kök hücre transplantasyonu,surgical,
617180,"Ön kamara ponksiyonu ve/veya enjeksiyonu, tanısal",surgical,
617190,"Ön kamara ile birlikte vitreus ponksiyon veya enjeksiyonu, tanısal",surgical,
617200,Ön kamara lavajı,surgical,
617210,Pterjium ameliyatı,surgical,
617211,Otogreftli Pterjium ameliyatı,surgical,
617220,Subkonjonktival ve subtenon enjeksiyon,surgical,
617230,Şeffaf lens ekstraksiyonu,surgical,
617240,Yüksek miyopide negatif lens implantasyonu,surgical,
617250,"Fotoretraktif keratoplasti (PRK), eximer lazer ile",surgical,
617260,"LASIK, LASEK",surgical,
617270,Radyal keratotomi,surgical,
617280,Astigmatik keratotomi,surgical,
617290,Açı revizyonu,surgical,
617300,Dissizyon veya kapsülektomi,surgical,
617310,Dissizyon-lens aspirasyonu,surgical,
617320,Dissizyon-lens aspirasyonu ile birlikte ön vitrektomi,surgical,
617330,Dissizyon-lens aspirasyonu ve ön vitrektomi ile birlikte intraoküler lens implantasyonu,surgical,
617340,Fakoemülsüfikasyon ve intraoküler lens implantasyonu,surgical,
617341,"Kataraktta fakoemilsifikasyon ve intraoküler lens implantasyonu (Multifokal, astigmatik veya torik, multifokal ve torik)",surgical,
617342,Femtosaniye lazer ile katarakt cerrahisi,surgical,
617350,"İridodiyaliz düzeltilmesi, 3 saat kadranı kadar",surgical,
617360,"İridodiyaliz düzeltilmesi, 4-6 saat kadranı kadar",surgical,
617370,"İridodiyaliz düzeltilmesi, 6 saat kadranından çok",surgical,
617380,Kapsül germe halkası yerleştirilmesi,surgical,
617390,Kapsül içine sekonder intraoküler lens implantasyonu,surgical,
617400,Lazer iridotomi,surgical,
617410,Lazer kapsülotomi-sineşiotomi,surgical,
617420,Lens ekstraksiyonu ve intraoküler lens implantasyonu,surgical,
617430,"Lens ekstraksiyonu, ekstrakapsüler",surgical,
617440,"Lens ekstraksiyonu, intrakapsüler",surgical,
617441,İntraoküler lens (IOL) repozisyonu işlemi,surgical,
617442,İntraoküler lens (IOL) çıkarılması,surgical,
617450,Ön kamara veya sulkusa sekonder intraoküler lens implantasyonu,surgical,
617451,Ön kamaradan silikon alınması,surgical,
617460,Parsplana lensektomi,surgical,
617470,Parsplana lensektomi ve intraoküler lens implantasyonu,surgical,
617480,Periferik iridektomi,surgical,
617490,Pupilloplasti,surgical,
617500,Sineşiotomi,surgical,
617510,Skleral fiksasyon ile sekonder intraoküler lens implantasyonu,surgical,
617520,Travmatik paralitik midriyazis için pupillaplasti,surgical,
617525,Vitreus Wick sendromunda YAG lazer uygulaması,surgical,
617530,Ankiste bleb revizyonu,surgical,
617540,Glokomla kombine katarakt ameliyatları,surgical,
617550,"Gonyotomi, trabekülotomi",surgical,
617560,"Lazer gonyoplasti, trabeküloplasti",surgical,
617570,"Seton ameliyatı (Tüp, molteno vb.)",surgical,
617580,Siklodiyaliz,surgical,
617590,Siklofotokoagülasyon,surgical,
617600,Siklokrioterapi,surgical,
617610,Trabekülektomi,surgical,
617620,Viskokanalostomi,surgical,
617630,"Fotokoagülasyon, her bir seans",surgical,
617631,Prematüre retinopatisinde lazer tedavisi,surgical,
617632,Yeni doğan fundoskopik inceleme,surgical,
617640,"Vitrektomi, anterior",surgical,
617650,"Vitrektomi, pars plana",surgical,
617660,"Vitroretinal cerrahi, tüm işlemler",surgical,
617661,Prematüre retinopatisinde vitroretinal cerrahi,surgical,
617670,Pnömatik retinopeksi,surgical,
617680,"Dekolman ameliyatları, kriyo aplikasyonu",surgical,
617690,"Dekolman ameliyatları, sörklaj, lokal",surgical,
617700,Makula dejenerasyonu için fotodinamik tedavi,surgical,
617710,Silikon yağı çıkarılması,surgical,
617720,İntravitreal ponksiyon ve/veya enjeksiyon,surgical,
617730,Ekvatoryel kriyoterapi,surgical,
617740,Deri veya mukoza grefti kullanarak soket onarımı,surgical,
617750,Ekzanterasyon ve alın flebi ile birlikte deri grefti,surgical,
617760,Ekzanterasyon ve deri grefti,surgical,
617770,Ekzanterasyon ve temporal kas flebi ile birlikte deri grefti,surgical,
617780,Ekzanterasyon ve ikincil iyileşmeye bırakmak,surgical,
617790,"Ekzoftalmus için orbital dekompresyon, iki taraf",surgical,
617800,Enükleasyon veya evisserasyon,surgical,
617810,Hidroksiapatit implant için peg takılması,surgical,
617820,İntraorbital tümör,surgical,
617830,İntraorbital yabancı cisimlerin çıkarılması,surgical,
617840,Mobil hidroksiapatit implantı,surgical,
617850,Mobil implantlı enükleasyon,surgical,
617860,Optik sinir dekompresyon operasyonu,surgical,
617870,Orbita dekompresyon operasyonu,surgical,
617880,Orbitotomi,surgical,
617890,Protez yapılması,surgical,
617900,Radyoaktif plak çıkarılması,surgical,
617910,Radyoaktif plak uygulaması,surgical,
617920,Retrobulber ve peribulber enjeksiyon,surgical,
617930,Soket revizyonu,surgical,
617940,Sr90 Göz Aplikasyonu,surgical,
617950,Stafilom tashihi,surgical,
617960,Ampute kulak kepçesinin kompozit greft olarak sütüre edilmesi,surgical,
617970,Aural polip eksizyonu,surgical,
617980,"Aurikula apse, hematom drenajı",surgical,
617990,"Aurikula eksizyonu, basit",surgical,
618000,"Aurikula eksizyonu, total",surgical,
618010,Basit mastoidektomi,surgical,
618020,"Buşon, lavaj ve manüplasyon",surgical,
618021,Canal Wall Down timpanoplasti,surgical,
618030,Dış kulak yolu atrezisi,surgical,
618040,Dış kulak yolu biyopsisi,surgical,
618050,"Dış kulak yolu, ekzositoz eksizyonu",surgical,
618060,"Dış kulak yolu, malign kısımların radikal eksizyonu",surgical,
618070,"Dış kulak yolu, yabancı cisim çıkarılması",surgical,
618080,"Dış kulak yolu, yabancı cisim çıkarılması, cerrahi",surgical,
618090,Eksploratis timpanotomi,surgical,
618100,"Endolenfatik sak operasyonu, şant ile",surgical,
618110,"Endolenfatik sak operasyonu, şant olmaksızın",surgical,
618120,Fasiyal sinir dekompresyonu,surgical,
618130,Fasiyal sinir sütürü,surgical,
618140,"Glomus tümör eksizyonu, genişletilmiş eksternal yaklaşım ile",surgical,
618150,"Glomus tümör eksizyonu, transmastoid yaklaşım ile",surgical,
618160,"Glomus tümör eksizyonu, transmeatal yaklaşım ile",surgical,
618170,İki loblu kulak memesinin onarımı,surgical,
618171,İnfratemporal fossa tip A cerrahisi,surgical,
618172,İnfratemporal fossa tip B cerrahisi,surgical,
618173,İnfratemporal fossa tip C cerrahisi,surgical,
618180,Kemik iletimi işitme dekompresyonu,surgical,
618190,"Kepçe kulak onarımı, tek taraf",surgical,
618200,Koklear implant yerleştirilmesi,surgical,
618201,Orta kulağa implante edilebilir işitme cihazları yerleştirilmesi,surgical,
618202,Kemiğe implante edilebilir işitme cihazı yerleştirilmesi,surgical,
618203,İşitsel beyin sapı implantı yerleştirilmesi,surgical,
618204,Koklear implant revizyonu,surgical,
618205,Kemiğe implante edilebilir işitme cihazı revizyonu,surgical,
618206,Kafa bandı uygulaması,surgical,
618207,Bilateral koklear implant yerleştirilmesi,surgical,
618208,Koklear implant çıkarılması,surgical,
618210,Kriptotia düzeltilmesi,surgical,
618220,Kulak kepçesi replantasyonu,surgical,
618230,Kulak kepçesinde yerleşik tümörler için tam kat rezeksiyon ve primer sütür,surgical,
618250,"Kulak rekonstrüksiyonu, tek aşamalı",surgical,
618260,Labirentektomi (TALK operasyonu),surgical,
618270,"Labirentektomi, mastoidektomi ile",surgical,
618280,"Labirentektomi, transkanal",surgical,
618290,Makrotia düzeltilmesi,surgical,
618300,Mastoidektomi kavitesi debritmanı,surgical,
618310,"Meatoplasti, stenozlarda",surgical,
618315,Dış kulak yolu kapatılması,surgical,
618320,Mikrotia onarımı için lobül transpozisyonu,surgical,
618330,Mikrotia onarımı için posterior sulkus oluşturulması,surgical,
618340,Mikrotia onarımı için kıkırdak çatı hazırlanması-yerleştirilmesi,surgical,
618350,Miringoplasti,surgical,
618360,Miringotomi,surgical,
618365,İntratimpanik enjeksiyon,surgical,
618370,Petröz apeks rezeksiyonu ve radikal mastoidektomi,surgical,
618380,Radikal veya çoklu modifiye radikal mastoidektomi,surgical,
618390,Stapedektomi,surgical,
618391,Koterizasyon ile kulak perforasyonu onarımı,surgical,
618400,Temporal kemik rezeksiyonu,surgical,
618410,Timpanoplasti,surgical,
618411,"Ventilasyon tüpü uygulaması, tek taraf",surgical,
618420,"Timektomi, basit",surgical,
618430,"Timektomi, maksimal",surgical,
618440,"Substernal tiroidektomi, intratorasik",surgical,
618450,"Tiroid biyopsisi, cerrahi",surgical,
618460,"Tiroidektomi subtotal, tek taraf",surgical,
618470,"Tiroidektomi subtotal, iki taraf",surgical,
618480,"Tiroidektomi total, tek taraf",surgical,
618490,"Tiroidektomi total, iki taraf",surgical,
618500,Tiroidektomi (Tek taraf total ve karşı taraf subtotal),surgical,
618510,"Tiroidektomi (Tamamlayıcı, total)",surgical,
618511,Nüks tiroidektomi,surgical,
618520,"Paratiroid kas implantasyonu, otogreft",surgical,
618530,"Paratiroidektomi, adenom için",surgical,
618540,"Paratiroidektomi, hiperplazi veya kanser için",surgical,
618550,"Sürrenalektomi transperitoneal, tek taraf",surgical,
618551,"Sürrenalektomi transperitoneal, tek taraf, laparoskopik",surgical,
618560,"Sürrenalektomi lomber, ekstra peritoneal, tek taraf",surgical,
618570,Nöroblastom eksizyonu,surgical,
618580,"Atnalı böbrek revizyonu, istmektomi",surgical,
618590,"Böbrek biyopsisi, açık cerrahi",surgical,
618600,Böbrek kisti rezeksiyonu,surgical,
618610,Böbrek transplantasyonu,surgical,
618620,Böbrek tümörü perkütan rezeksiyonu,surgical,
618630,Endopyelotomi,surgical,
618640,ESWL 1. seans,surgical,
618641,ESWL 2. seans,surgical,
618642,ESWL 3. seans,surgical,
618650,Laparoskopik nefrektomi,surgical,
618660,"Nefrektomi, basit",surgical,
618670,"Nefrektomi, canlı donör",surgical,
618680,"Nefrektomi, parsiyel",surgical,
618690,"Nefrektomi, radikal",surgical,
618700,"Nefrektomi, subkapsüler",surgical,
618710,Nefrokütanöz fistül onarımı,surgical,
618720,Nefrolitotomi,surgical,
618730,"Nefrolitotomi, anatrofik",surgical,
618740,"Nefrolitotomi, perkütan",surgical,
618750,Nefropeksi,surgical,
618760,Nefropyelolitotomi,surgical,
618770,Nefrostomi kapatılması,surgical,
618780,"Nefrostomi, açık cerrahi",surgical,
618790,Nefroüreterektomi,surgical,
618800,Nefroüreterektomi ve parsiyel sistektomi,surgical,
618810,"Nefrovezikal stent yerleştirilmesi, subkütan",surgical,
618820,"Perirenal apse drenajı, cerrahi",surgical,
618830,Piyelolitotomi,surgical,
618840,Piyeloplasti,surgical,
618850,Piyelostomi,surgical,
618860,Renal arter plastik operasyonu,surgical,
618861,Wilm’s tümörü çıkarılması,surgical,
618870,"Renal kist eksizyonu, laparoskopik",surgical,
618880,Renal rüptür onarımı,surgical,
618890,"Retrograd pyelografi, endoskopi dahil",surgical,
618900,Travmatik böbrek rüptüründe onarım,surgical,
618910,Endoskopik üreter taşı tedavisi,surgical,
618920,Retrograd üreteral kateterizasyon,surgical,
618930,Transüreteroüreterostomi,surgical,
618940,Urakus kist ve fistül eksizyonu,surgical,
618950,Üreter tümöründe üreterektomi ve anastomoz,surgical,
618960,Üreteral J Stent yerleştirilmesi,surgical,
618970,Üreteral balon dilatasyonu,surgical,
618980,Double J harici kalıcı üreteral stent yerleştirilmesi,surgical,
618990,Üreteral stent çıkarılması,surgical,
619000,Üreteral substitüsyonlar (İleal üreter),surgical,
619010,"Üretere basket konulması, transüreterolitotomi",surgical,
619020,Üreterektomi,surgical,
619030,Üreterokalisiyel anastamoz,surgical,
619040,Üreterokütaneostomi,surgical,
619050,Üreterokütaneostomi kapatılması,surgical,
619060,Üreterolitotomi,surgical,
619070,Üreterolizis,surgical,
619080,"Üreteroneosistostomi, iki taraf",surgical,
619090,"Üreteroneosistostomi, tek taraf",surgical,
619100,Üreteroplasti,surgical,
619110,"Üreteroplasti, megaüreterde",surgical,
619120,"Üreterorenoskopi, biyopsi",surgical,
619130,"Üreterorenoskopi, tanısal",surgical,
619140,"Üreterorenoskopi, tümör tedavisi",surgical,
619150,Üreterosel eksizyonu veya insizyonu,surgical,
619160,"Üreterosel, açık eksizyonel tedavi",surgical,
619170,"Üreterosel, endoskopik tedavi",surgical,
619180,Üreterosigmoidostomi,surgical,
619190,Üreterostomi,surgical,
619200,Üreteroüreterostomi,surgical,
619210,"Üriner diversiyon, ileal loop",surgical,
619220,"Üriner diversiyon, kontinan",surgical,
619230,"Üriner diversiyon, üreterokutanöz anastomoz",surgical,
619240,"Üriner diversiyon, üreterosigmoidostomi",surgical,
619250,Artifisyel sfinkter takılması,surgical,
619260,Artifisyel sfinkter çıkartılması,surgical,
619270,Augmentasyon sistoplasti,surgical,
619280,"Ekstrofi vezikalis, mesane boynu onarımı",surgical,
619290,"Ekstrofi vezikalis, primer onarım",surgical,
619300,"Ekstrofi vezikalis, üretroplasti",surgical,
619310,Barsaktan mesane substitüsyonları,surgical,
619320,Divertikülektomi,surgical,
619330,"Mesane suspansiyonu, laparoskopik",surgical,
619340,Mesane boynu rezeksiyonu,surgical,
619350,Mesane boynuna inkontinansta madde enjeksiyonu,surgical,
619360,Mesane divertikülü eksizyonu,surgical,
619370,Mesane perforasyon onarımı,surgical,
619380,"Mesane ponksiyonu, suprapubik",surgical,
619390,Mesane tümörü (TUR) (< 3 cm),surgical,
619400,Mesane tümörü (TUR) (≥ 3 cm),surgical,
619415,"Mesane TUR (Tümöral olmayan, reTUR, TUR biyopsi)",surgical,
619420,"Mesane tümörü rezeksiyonu, cerrahi",surgical,
619430,Mesane tümöründe lazerle tedavi,surgical,
619440,Mesanenin prekanseröz lezyonlarında fulgurasyon,surgical,
619450,Mitrofanof veya Monti prosedürü,surgical,
619460,Sakral implant yerleştirilmesi,surgical,
619470,"Sistektomi, basit",surgical,
619480,"Sistektomi, parsiyel",surgical,
619490,"Sistektomi, total",surgical,
619500,"Sistolitotomi, açık cerrahi",surgical,
619510,"Sistolitotomi, endoskopik",surgical,
619520,"Sistoskopi ve mesaneden ""punch"" biyopsi",surgical,
619530,"Sistoskopi, tanısal/ Sistoüretroskopi",surgical,
619540,"Sistostomi, açık",surgical,
619550,"Sistostomi, perkütan",surgical,
619570,Travmatik mesane rüptüründe onarım,surgical,
619580,Vezikoplasti,surgical,
619590,Vezikorektal fistül onarımı,surgical,
619600,Vezikoservikal fistül onarımı,surgical,
619610,Vezikovajinal fistül onarımı,surgical,
619620,Vezikostomi,surgical,
619630,Vezikostomi kapatılması,surgical,
619640,"Vezikoüreteral reflüde subüreterik enjeksiyon, iki taraf",surgical,
619650,"Vezikoüreteral reflüde subüreterik enjeksiyon, tek taraf",surgical,
619660,Epispadias onarımı,surgical,
619670,"Hipospadias onarımı, distal",surgical,
619681,"Hipospadias onarımı, penoskrotal",surgical,
619682,"Hipospadias onarımı, perineal",surgical,
619690,İnternal üretrotomi,surgical,
619700,Posterior üretral valv rezeksiyonu,surgical,
619710,Distal üretra yaralanmalarında primer onarım,surgical,
619720,Rail-road kateterizasyon (Travmatik üretra ruptüründe),surgical,
619730,Retropubik üretropeksi ve sling ameliyatları,surgical,
619740,Üretra yaralanmalarında transpubik onarım,surgical,
619750,Üretra dilatasyonu,surgical,
619760,Üretra veya mesaneden taş veya yabancı cisim çıkarılması,surgical,
619770,Üretral balon dilatasyonu ve/veya stent yerleştirilmesi,surgical,
619780,Üretral divertikülektomi,surgical,
619790,Üretral fistül onarımı,surgical,
619800,Üretral instilasyon,surgical,
619810,Üretral kordi onarımı,surgical,
619820,Üretrektomi,surgical,
619830,"Üretrolitotomi, açık",surgical,
619840,Üretrolizis,surgical,
619850,Üretroplasti,surgical,
619860,"Üretroplasti, flep ile",surgical,
619870,"Üretroplasti, transpubik",surgical,
619880,"Üretroplastiler, hipospadias-epispadias dışı",surgical,
619890,Üretrostomi,surgical,
619900,Üretrovajinal fistül operasyonu,surgical,
619910,Müdahaleli vajinal doğum,surgical,
619911,Müdahaleli vajinal doğum (İlk doğum),surgical,
619912,Müdahaleli vajinal doğum (Çoğul gebelik),surgical,
619913,Müdahaleli vajinal ilk doğum (Çoğul gebelik),surgical,
619920,Normal vajinal doğum,surgical,
619921,Normal vajinal doğum (İlk doğum),surgical,
619922,Epidural anestezi ile vajinal doğum,surgical,
619923,Epidural anestezi ile vajinal doğum (Çoğul gebelik),surgical,
619925,Suda vajinal doğum,surgical,
619926,Normal vajinal doğum (Çoğul gebelik),surgical,
619927,Normal vajinal ilk doğum (Çoğul gebelik),surgical,
619929,Sezaryen (Çoğul gebelik),surgical,
619930,Sezaryen,surgical,
619940,Amniyoinfüzyon,surgical,
619950,Amniyosentez,surgical,
619960,Fetal kan numunesi (Kordosentez),surgical,
619980,İntrauterin cerrahi,surgical,
619981,Fetal cerrahi ile spina bifida onarımı,surgical,
619982,Ultrason eşliğinde çoğul gebeliklerde fetal redüksiyon ya da selektif fetal redüksiyon,surgical,
619990,İntrauterin transfüzyon,surgical,
620000,Korion villus alınması,surgical,
620010,McDonald-Schirodkar,surgical,
620020,Bartholin kisti çıkarılması,surgical,
620030,Douglas ponksiyonu,surgical,
620040,Eksfoliatif sitoloji (Smear alınması),surgical,
620050,Endometriyal biyopsi,surgical,
620060,İmperfore himen açılması,surgical,
620070,Kolpotomi,surgical,
620080,"Kriyoterapi, jinekoloji",surgical,
620090,Labiyal füzyon açılması,surgical,
620101,Bumm küretaj,surgical,
620110,Servikal biyopsi,surgical,
620120,Servikal biyopsi ve tanısal küretaj,surgical,
620130,Servikal koterizasyon,surgical,
620140,Servikal polip çıkarılması,surgical,
620150,Servikal polipektomi ve tanısal küretaj,surgical,
620160,"Terapötik küretaj, teşhis ve tedavi amaçlı",surgical,
620170,Vajinadan yabancı cisim çıkarılması,surgical,
620190,Vulvar koterizasyon,surgical,
620200,Anal sfinkter yetmezliği operasyonu,surgical,
620210,Bartholin apse drenajı,surgical,
620220,"Bartholin kisti koterizasyonu, gümüş nitrat ile",surgical,
620230,Gartner veya inklüzyon kisti eksizyonu,surgical,
620240,Kolposkopi,surgical,
620250,Kondilom koterizasyonu,surgical,
620260,Konizasyon operasyonu,surgical,
620270,LEEP operasyonu,surgical,
620280,Mancherster-Fothergill operasyonu,surgical,
620290,Pelvis apsesinin vajinal yolla drenajı,surgical,
620300,Perinoplasti,surgical,
620310,Rektosel,surgical,
620320,Servikal stump çıkarılması,surgical,
620321,Servikosakropeksi,surgical,
620330,Sistorektosel operasyonu,surgical,
620340,Sistosel operasyonu,surgical,
620350,Skinning vulvektomi,surgical,
620360,Stumdorf operasyonu,surgical,
620370,Tıbbi nedenli tahliye (10 hafta ve daha üstü),surgical,
620380,Dilatasyon ve kürtaj (10 haftadan küçük),surgical,
620390,Üretral karunkül operasyonu,surgical,
620400,Üretral kist operasyonu,surgical,
620410,"Vajen darlığının genişletilmesi, cerrahi",surgical,
620411,Vajene doğmuş myomun çıkarılması,surgical,
620419,Vajinal histerektomi,surgical,
620420,Vajinal histerektomi rektosel operasyonu,surgical,
620421,Vajinal histerektomi ve sistosel operasyonu,surgical,
620430,Vajinal histerektomi ve salpingoooferektomi (Tek veya iki taraf),surgical,
620440,Vajinal histerektomi ve sistorektosel operasyonu,surgical,
620450,Vajinal yolla enterosel tamiri,surgical,
620460,Vajinektomi,surgical,
620461,Klitoroplasti,surgical,
620462,Labioplasti,surgical,
620470,"Vajina rekonstrüksiyonu, deri grefti ile",surgical,
620480,"Vajina rekonstrüksiyonu, deri flepleri ile",surgical,
620490,"Vajina rekonstrüksiyonu, barsak segmenti transferi ile",surgical,
620500,Baldy Webster suspansiyon,surgical,
620510,Dış gebelik operasyonu,surgical,
620520,Endometriyoma ve endometriyozis operasyonu,surgical,
620530,"Histerektomi, abdomial (TAH)",surgical,
620540,"Histerektomi ile birlikte salpingo-ooferektomi, abdomial (TAH+USO veya TAH+BSO)",surgical,
620560,Tüp ligasyonu,surgical,
620570,Myomektomi,surgical,
620580,Ooferektomi (Tek veya iki taraf),surgical,
620590,Over transpozisyonu,surgical,
620591,Over detorsiyonu,surgical,
620600,Overyel veya paraoveryel kist eksizyonu,surgical,
620610,Over Wedge rezeksiyon (Tek taraf veya iki taraf),surgical,
620620,Postpartum tüp ligasyonu,surgical,
620630,Salpingo-ooferektomi (Tek taraf veya iki taraf),surgical,
620640,Salpinjektomi (Tek taraf veya iki taraf),surgical,
620650,Sterilizasyon operasyonları,surgical,
620660,Subtotal histerektomi,surgical,
620661,Subtotal histerektomi ve salpingooforektomi (Tek taraf veya iki taraf),surgical,
620662,Uterus perforasyonunun / rüptürasyonunun onarımı,surgical,
620670,Uterosakral ligamentin kısaltılması,surgical,
620680,Abdominal ve kombine entorosel tamiri,surgical,
620690,Burch operasyonu,surgical,
620701,Debulking ameliyatı,surgical,
620710,Double needle operasyonu,surgical,
620720,Hipogastrik arter ligasyonu,surgical,
620730,Kuldoplasti,surgical,
620740,Laparoskopik histerektomi,surgical,
620750,Lash operasyonu,surgical,
620760,Le Forte operasyonu (Kolpokleizis),surgical,
620770,Marshall- Marchetti Kranz operasyonu,surgical,
620771,Paravajinal onarım,surgical,
620780,Pereyra operasyonu,surgical,
620790,Periaortik pelvik lenf diseksiyonu,surgical,
620800,Postoperatif cuff prolapsus tamiri (Abdominal fasiyal suspansiyon ile kolpopleksi),surgical,
620810,Vajinal sakrospinoz ligamentopeksi,surgical,
620820,Presakral nörektomi,surgical,
620821,Promontofiksasyon,surgical,
620830,Radikal anterior rezeksiyon,surgical,
620840,Radikal posterior rezeksiyon,surgical,
620850,Radikal vulvektomi,surgical,
620860,Raz operasyonu,surgical,
620870,Rektovajinal fistül,surgical,
620880,Richardson kompozit operasyonu,surgical,
620890,Sakrokolpopeksi,surgical,
620900,Shauta Emerichh operasyonu,surgical,
620910,Sling operasyonu (IVS-TVT dahil),surgical,
620920,Total pelvik rezeksiyon,surgical,
620921,Transobturator tape uygulaması,surgical,
620940,Vulvektomi,surgical,
620950,Wertheim ameliyatı (Radikal histerektomi),surgical,
620951,Radikal parametrektomi,surgical,
620960,William Dolores suspansiyon,surgical,
620970,"Histeroskopi, diyagnostik",surgical,
620980,"Histeroskopi, operatif",surgical,
620990,"Laparoskopi, tanısal",surgical,
621000,İnfertilitede laparoskopik cerrahi,surgical,
621010,"Metroplasti, her biri",surgical,
621020,"Mikrocerrahi ile miyomektomi, her biri",surgical,
621030,Tubaplasti,surgical,
621040,Vajinal rekonstrüksiyon (Mc Indoe),surgical,
621043,Sağlam çocuk doğmasına yönelik invitro fertilizasyon (IVF),surgical,
621044,Kök hücre vericisi kardeş doğmasına yönelik invitro fertilizasyon (İVF),surgical,
621045,İnvitro fertilizasyon (İVF),surgical,
621046,Freezing işlemi uygulanan embriyonun transferi,surgical,
621050,Ekspoze olmuş penil implantın çıkarılması,surgical,
621060,Ekspoze olmuş penil implantın üzerinin örtülmesi,surgical,
621070,Fimozis açılması,surgical,
621071,Sünnet,surgical,
621080,Korpus kavernozum drenajı (Priapismus),surgical,
621090,Meatotomi,surgical,
621100,Mikrocerrahi ile penis rekonstrüksiyonu ve penil implant yerleştirilmesi,surgical,
621110,Parafimozis redüksiyonu,surgical,
621120,"Penektomi, parsiyel",surgical,
621130,Penil dorsal ven ligasyonu,surgical,
621140,Penil fraktür onarımı,surgical,
621150,Penil plikasyon,surgical,
621160,Çok parçalı penil protezin çıkarılması,surgical,
621170,Tek parçalı penil protezin çıkarılması,surgical,
621180,Çok parçalı penil protez implantasyonu,surgical,
621190,Tek parçalı penil protez implantasyonu,surgical,
621200,Penil revaskülarizasyon,surgical,
621210,"Penis rekonstrüksiyonu, mikrocerrahi gerektiren bir teknik ile",surgical,
621220,"Penis rekonstrüksiyonu, rejyonel flep ile",surgical,
621230,Penis replantasyonu,surgical,
621240,Penis uzatma,surgical,
621250,Peyronie plak eksizyonu,surgical,
621260,"Peyronie plak eksizyonu, greft ile",surgical,
621270,Radikal penektomi,surgical,
621280,Rejyonel flep ile penis rekonstrüksiyonu ve penil protez implantasyonu,surgical,
621290,Safeno-kavernozal şant (Priapismus),surgical,
621300,Spongio-kavernozal şant (Priapismus),surgical,
621310,Prostat apsesinin perineal drenajı,surgical,
621320,"Prostat iğne biyopsisi, çoklu",surgical,
621330,"Prostat iğne biyopsisi, ultrason kılavuzluğunda, çoklu",surgical,
621340,"Prostat kanserinde laparoskopik lenfadenektomi, iki taraf",surgical,
621350,"Prostat masajı, her bir seans",surgical,
621360,Prostata lazer tedavisi,surgical,
621370,Prostata termoterapi,surgical,
621380,Prostata TUNA,surgical,
621390,"Prostatektomi, unipolar TUR",surgical,
621391,"Prostatektomi, bipolar TUR",surgical,
621400,"Prostatektomi, açık",surgical,
621410,"Prostatektomi, radikal",surgical,
621420,Transüretral prostat insizyonu,surgical,
621430,İntraprostatik stent yerleştirilmesi,surgical,
621440,Ejakülatör kanal rezeksiyonu,surgical,
621450,Epididim kisti eksizyonu,surgical,
621460,Epididimektomi,surgical,
621470,Fournier gangreni için debritman,surgical,
621480,Funiküler kist eksizyonu,surgical,
621490,Hematoselektomi,surgical,
621500,Hemiskrotektomi,surgical,
621510,"Hidroselektomi, tek taraf",surgical,
621520,Hidroselektomi ve herniyoplasti,surgical,
621530,İnguinal eksplorasyon,surgical,
621540,"İnguinal orşiyektomi, tek taraf",surgical,
621550,İnmemiş testis cerrahisi,surgical,
621560,"İnmemiş testis cerrahisi iki taraf, herni onarımı iki taraf",surgical,
621570,"İnmemiş testis cerrahisi iki taraf, herni onarımı tek taraf",surgical,
621580,"İnmemiş testis cerrahisi tek taraf, herni onarımı iki taraf",surgical,
621590,Kord eksizyonu,surgical,
621600,Laparoskopik ektopik testis araştırılması,surgical,
621610,Laparoskopik orşiyopeksi,surgical,
621620,Mikrocerrahi epididimal sperm aspirasyonu,surgical,
621630,Perkütan epididimal sperm aspirasyonu,surgical,
621640,Ön üretradan papillom koterizasyonu,surgical,
621650,Seminal vezikülektomi,surgical,
621651,"Skrotal orşiyektomi, tek taraf",surgical,
621652,"Skrotal orşiyektomi, iki taraf",surgical,
621660,Spermatoselektomi,surgical,
621670,"Testiküler fiksasyon, iki taraf",surgical,
621680,"Testiküler fiksasyon, tek taraf",surgical,
621690,Testiküler sperm ekstraksiyonu (TESE),surgical,
621700,"Testis biyopsileri, açık (tek, bilateral)",surgical,
621710,"Testis detorsiyonu, açık",surgical,
621720,"Testis detorsiyonu, kapalı",surgical,
621730,Testis protezi yerleştirilmesi,surgical,
621740,"Varikoselektomi, tek taraf",surgical,
621770,"Varikoselektomi, iki taraf",surgical,
621780,Vazektomi,surgical,
621790,Vazoepididimostomi,surgical,
621800,Vazovazostomi,surgical,
700010,"Akne tedavisi, komedon, kist ve püstül temizlenmesi",therapeutic,
700020,"Botulinium toksin enjeksiyonu, bölgesel",therapeutic,
700030,"Deri lezyonlarının küretajı, her bir seans",therapeutic,
700040,"Deri pH ölçülmesi, deri tipi tayini",therapeutic,
700050,Deri prick testi,diagnostic,
700060,Deri ve mukozada mantar aranması,therapeutic,
700070,Deri ve mukoza smearleri,therapeutic,
700080,"Deri yama testi, her biri",diagnostic,
700090,"Dermatolojik banyo tedavisi, her bir seans",therapeutic,
700100,Dermatoskopi,therapeutic,
700130,"Elektro/Lazer epilasyon, cm² başına",therapeutic,
700140,"Elektrokoterizasyon, her bir seans",therapeutic,
700160,"Fotodinamik tedavi, her bir seans",therapeutic,
700170,"Fotokemoterapi (PUVA) genel, her bir seans",therapeutic,
700180,"Fotokemoterapi (PUVA) lokal, her bir seans",therapeutic,
700190,"Fototerapi (dbUVB) genel, her bir seans",therapeutic,
700200,"İlaç ve gıdalarla provakasyon testi, her biri",diagnostic,
700201,İlaç/besin desensitizasyonu,therapeutic,
700210,"İntralezyoner enjeksiyon, bir seans günlük",therapeutic,
700220,İontoforez (Hiperhidrozis tedavisi için),therapeutic,
700230,Karanlık saha testi (Spiroket aranması),diagnostic,
700240,Kimyasal koterizasyon,therapeutic,
700250,"Kimyasal peeling bölgesel, her bir seans",therapeutic,
700260,"Kimyasal peeling tüm yüz, her bir seans",therapeutic,
700270,"Kriyoterapi benign lezyonlar, her bir seans",therapeutic,
700280,"Kriyoterapi malign lezyonlar, her bir seans",therapeutic,
700290,"Kültür, fungal izolasyon, her bir bölge",therapeutic,
700350,Minimal eritem dozu tayini,therapeutic,
700360,Paterji testi,diagnostic,
700370,"Triklorasetik asit, podofilin atuşmanı veya benzeri uygulamalar, her bir seans",therapeutic,
700380,"Trikogram, her biri",therapeutic,
700390,Wood ışığı muayenesi,therapeutic,
700400,Enfekte periferik vaskülit tıbbi tedavisi,therapeutic,
700410,"Jobbst uygulaması, her bir seans",therapeutic,
700420,Kardiyoversiyon,therapeutic,
700430,Elektriksel kardiyoversiyon,therapeutic,
700440,Noninvaziv Kardiyak Hemodinami,therapeutic,
700450,NİKAH + SaO2,therapeutic,
700460,NİKAH + SaO2 + ET CO2,therapeutic,
700470,Ambulatuar kan basıncı ölçümü (24 saat),diagnostic,
700480,Ankle-Branchial İndeksi (ABİ),therapeutic,
700490,"Elektrokardiyogram, evde çekim",diagnostic,
700491,"Elektrokardiyogram, < 4 yaş çocuk",diagnostic,
700500,Telefonik ya da telemetrik ritm EKG (1 kez),diagnostic,
700510,Telemetrik kardiyak monitorizasyon (24 saat),diagnostic,
700520,Telefonik kardiyak monitorizasyon (1 kez),diagnostic,
700530,Kardiyovasküler stress test,diagnostic,
700540,24 saat EKG kaydı (Holter),diagnostic,
700550,Head-up tilt test,diagnostic,
700560,Geç potansiyel (LP) ve/veya kalp hızı değişkenliği (HRV),diagnostic,
700570,Event recorder (Gün başına),diagnostic,
700580,Kalp pili veya ICD kontrolü,diagnostic,
700590,Kontrast ekokardiyografi,diagnostic,
700600,Transtorasik ekokardiyografi,diagnostic,
700601,"Transtorasik ekokardiyografi, < 4 yaş çocuk",diagnostic,
700610,Transözefajiyal ekokardiyografi,diagnostic,
700611,"Transözefajiyal ekokardiyografi, çocuk",diagnostic,
700620,Ekzersiz (Eforlu) veya farmakolojik stres ekokardiyografi,diagnostic,
700630,Fötal ekokardiyografi,diagnostic,
700640,"Geçici transvenöz kalp pili; atriyal veya ventriküler, ilk işlem",therapeutic,
700650,"Geçici kalp pili elektrotunun yeniden yerleştirilmesi, her bir uygulama",therapeutic,
700660,"Kalıcı kalp pili takılması, atriyal veya ventriküler, ilk işlem",therapeutic,
700670,"Kalıcı kalp pili takılması, atriyoventriküler",therapeutic,
700680,"Kalıcı kalp pili takılması biventriküler, 3 elektrotlu",therapeutic,
700690,"Kalıcı kalp pili değiştirilmesi, jeneratör",therapeutic,
700692,Kalıcı kalp pili elektrotu değiştirilmesi,therapeutic,
700700,"ICD (Implantable Cardioverter Defibrillator) takılması, tek elektrot",therapeutic,
700710,"ICD (Implantable Cardioverter Defibrillator) takılması, iki elektrot",therapeutic,
700711,ICD tek elektrot revizyonu,therapeutic,
700712,ICD iki elektrot revizyonu,therapeutic,
700713,ICD üç elektrot revizyonu,therapeutic,
700714,ICD tek elektrot çıkarılması,therapeutic,
700715,ICD iki elektrot çıkarılması,therapeutic,
700716,ICD üç elektrot çıkarılması,therapeutic,
700717,ICD tek elektrot değiştirilmesi,therapeutic,
700718,ICD iki elektrot değiştirilmesi,therapeutic,
700719,ICD üç elektrot değiştirilmesi,therapeutic,
700720,ICD batarya değiştirilmesi,therapeutic,
700721,ICD elektrot/elektrotlarının ekstraksiyon cihazı ile değiştirilmesi,therapeutic,
700722,ICD elektrot/elektrotlarının ekstraksiyon cihazı ile çıkarılması,therapeutic,
700723,ICD batarya ve elektrotlarının (tüm sistemin) çıkarılması,therapeutic,
700724,ICD batarya ve elektrotlarının (tüm sistemin) ekstraksiyon cihazı ile çıkarılması,therapeutic,
700730,"Biventriküler ICD takılması, üç elektrot",therapeutic,
700731,Kalıcı kalp pili lead çıkarılması,therapeutic,
700732,Pil cebinin revizyonu ve relokasyonu,therapeutic,
700733,ICD cebinin revizyonu ve relokasyonu,therapeutic,
700740,Sağ kalp kateterizasyonu,therapeutic,
700750,Endomiyokardiyal biyopsi,diagnostic,
700755,Intravasküler görüntüleme koroner,therapeutic,
700760,Sol kalp kateterizasyonu,therapeutic,
700770,Transseptal sol kalp kateterizasyonu,therapeutic,
700780,Sağ ve sol kalp kateterizasyonu,therapeutic,
700800,Kardiyak debi ve indeks ölçümü,diagnostic,
700801,Pulmoner vasküler reaktivite değerlendirilmesi,therapeutic,
700810,Selektif koroner anjiyografi,therapeutic,
700811,Basınç veya Doppler teli ile intrakoroner hemodinamik çalışma,therapeutic,
700820,Selektif koroner anjiyografi ve ventrikülografi ve/veya aortografi,therapeutic,
700830,Selektif sağ-sol koroner anjiyografi ve by-pass kontrolü,therapeutic,
700840,"Selektif koroner anjiyografi, sağ ve sol kalp kateterizasyonu",therapeutic,
700841,Asiyanotik doğumsal kalp hastalığında tanısal kalp kateterizasyonu,therapeutic,
700842,Siyanotik doğumsal kalp hastalığında tanısal kalp kateterizasyonu,therapeutic,
700843,2 yaş altı doğumsal kalp hastalıklarında tanısal kalp kateterizasyonu,therapeutic,
700844,Yenidoğan doğumsal kalp hastalıklarında tanısal kalp kateterizasyonu,therapeutic,
700845,Doğumsal kalp hastalıklarında tanısal kalp kateterizasyonu ve selektif koroner anjiyografi,therapeutic,
700846,Kardiyak debi ve indeks ölçümü,diagnostic,
700847,Pulmoner vasküler reaktivite değerlendirilmesi,therapeutic,
700850,"Trombolitik (Fibrinolitik) tedavi, intrakoroner",therapeutic,
700860,Trombolitik tedavi (Diğer arterler-pulmoner vb.),therapeutic,
700870,"Trombolitik tedavi uygulaması, venöz yoldan",therapeutic,
700880,"Perkütan transluminal koroner anjiyoplasti, tek damar (Balon)",therapeutic,
700890,"Perkütan transluminal koroner anjiyoplasti, ilave her damar için",therapeutic,
700900,"Perkütan transluminal koroner aterektomi, balon anjiyoplasti dahil",therapeutic,
700910,"Perkütan transluminal koroner anjiyoplasti ve stent, tek damar",therapeutic,
700920,"Perkütan transluminal koroner anjiyoplasti ve stent, ilave her damar için",therapeutic,
700921,Perkütan transluminal koroner artere direkt stent,therapeutic,
700922,"Perkütan transluminal koroner artere direkt stent, ilave her damar için",therapeutic,
700923,"Perkütan transkateter antiembolik filtre uygulaması, balon ve/veya stente ek olarak",therapeutic,
700924,Perkütan endovasküler yabancı cisim çıkarılması,therapeutic,
700930,"Perkütan balon valvüloplasti, mitral kapak için",therapeutic,
700940,"Perkütan balon valvüloplasti, edinsel aort stenozu için",therapeutic,
700942,Perkütan perikart sıvısı drenajı (Floroskopi veya ekokardiyografi altında),therapeutic,
700943,Perkütan mitral kapak onarımı,therapeutic,
700944,Transkateter protez aortik kapak implantasyonu (Replasmanı),therapeutic,
700945,Transkateter protez pulmoner kapak implantasyonu (Replasmanı),therapeutic,
700946,Paravalvüler leak kapama,therapeutic,
700990,"Lazer anjiyoplasti, koroner arter",therapeutic,
700991,"Perkütan septal alkol ablasyonu, hipertrofik kardiyomyopatide",therapeutic,
700992,Perkütan sol appendiks kapatılması,therapeutic,
701000,Perkütan intraaortik balon yerleştirilmesi,therapeutic,
701001,Perkütan pulmoner balon valvüloplasti,therapeutic,
701002,"Perkütan pulmoner balon valvüloplasti, yenidoğan",therapeutic,
701003,Perkütan aort balon valvüloplasti,therapeutic,
701004,"Perkütan aort balon valvüloplasti, yenidoğan",therapeutic,
701005,"Doğumsal kalp hastalıklarında perkütan balon anjiyoplasti, preoperatif veya postoperatif",therapeutic,
701006,"Doğumsal kalp hastalıklarında perkütan balon anjiyoplasti, yenidoğan, preoperatif veya postoperatif",therapeutic,
701007,"Doğumsal kalp hastalıklarında perkütan balon anjiyoplasti ve stent uygulaması, preoperatif veya postoperatif",therapeutic,
701008,Balon atriyal septostomi,therapeutic,
701009,Balon atriyal septoplasti ve septostomi,therapeutic,
701010,Temel tanısal elektrofizyolojik çalışma,therapeutic,
701011,Transözefajiyal elektrofizyolojik çalışma,therapeutic,
701012,Blade atriyal septostomi ve balon septostomi,therapeutic,
701013,Perkütan transkateter PDA kapatılması (Ductus oklüzyonu),therapeutic,
701014,"Perkütan trans kateter aortopulmoner kollateral, venovenöz kollateral veya arteriyövenöz fistül oklüzyonu",therapeutic,
701015,Perkütan transkateter koroner-kameral fistül oklüzyonu,therapeutic,
701016,Perkütan transkateter guide-wire ile atretik kapak perforasyonu ve balon valvüloplasti,therapeutic,
701017,Perkütan transkateter atretik kapak perforasyonu ve balon valvüloplasti ile duktal stent implantasyonu,therapeutic,
701018,Perkütan duktus arteriyozusa stent implantasyonu,therapeutic,
701019,Perkütan transkateter device ile ASD veya PFO kapatılması,therapeutic,
701021,Perkütan transkateter device ile VSD kapatılması,therapeutic,
701022,Periventriküler transkateter device ile VSD kapatılması,therapeutic,
701030,"Radyofrekans kateter ile ablasyon, supraventriküler",therapeutic,
701031,"Kriyoablasyon, supraventriküler",therapeutic,
701040,"Radyofrekans kateter ile ablasyon, ventriküler",therapeutic,
701041,"Kriyoablasyon, ventriküler",therapeutic,
701050,AV nod ablasyonu,therapeutic,
701061,Kompleks haritalama yöntemiyle yapılan RF kateter ablasyonu,therapeutic,
701062,"Kriyobalon ile ablasyon, atriyal fibrilasyon, pulmoner ven izolasyonu",therapeutic,
701063,Kompleks haritalama yöntemiyle yapılan kriyoablasyon,therapeutic,
701064,Kompleks haritalama eşliğinde radyofrekans ablasyon katateri ile yapılan pulmoner ven izolasyonu ile atriyal fibrilasyon ablasyonu,therapeutic,
701065,Kompleks haritalama eşliğinde radyofrekans katater ile yapılan sol atriyal taşikardi ablasyonu,therapeutic,
701066,Ventriküler taşikardi nedeniyle mükerrer ICD şok varlığında kompleks haritalama eşliğinde radyofrekans ablasyon katateri ile endokardial ventriküler taşikardi ablasyonu,therapeutic,
701067,Ventriküler taşikardi nedeniyle mükerrer ICD şok varlığında kompleks haritalama eşliğinde radyofrekans ablasyon katateri ile endokardial ablasyona ilavaten epikardial ventriküler taşikardi ablasyonu,therapeutic,
701075,Astımlı hasta eğitimi,therapeutic,
701076,KOAH’lı hasta eğitimi,therapeutic,
701077,İnhaler cihaz eğitimi,therapeutic,
701078,Konsantratör cihazı eğitimi,therapeutic,
701079,"Noninvazif cihaz eğitimi (BiPAP, CPAP, OTO-CPAP vs.)",therapeutic,
701080,Bronkoalveoler lavaj,therapeutic,
701081,Total akciğer lavajı,therapeutic,
701090,İntrabronşiyal kateter yerleştirilmesi,therapeutic,
701100,Buhar tedavisi,therapeutic,
701110,"COhb, METhb ve SULFhb düzeyleri",therapeutic,
701120,Eforlu solunum testi,diagnostic,
701130,Egzersiz testi (6 dakika),diagnostic,
701131,Ekspiryum havasında karbonmonoksit,therapeutic,
701140,Göğüs içi basınç ölçülmesi,therapeutic,
701150,Helyum dilüsyon testi,diagnostic,
701160,İnvitro Bazofil Degranülasyon testi,diagnostic,
701161,Karbonmonoksit diffüzyon testi,diagnostic,
701170,Plörodezis,therapeutic,
701180,Plevra boşluğunun lavajı,therapeutic,
701190,"Plevral drenaj, pleurocan ile",therapeutic,
701200,PPD testi uygulaması ve değerlendirmesi,diagnostic,
701210,Provakasyonlu solunum testleri,therapeutic,
701220,Solunum fonksiyon testleri,therapeutic,
701221,İndükte balgam örneği alınması,therapeutic,
701222,Endobronşial Ultrasonografi (Tanısal),therapeutic,
701223,Endobronşial Ultrasonografi (Biyopsi veya yabancı cisim çıkarılması amacıyla),diagnostic,
701230,Solunum fonksiyonları ile reversibilite testi,diagnostic,
701250,24 saatlik pH monitörizasyon veya 24 saatlik empedans ölçümü uygulaması,diagnostic,
701260,Akalazyada balon dilatasyonu,therapeutic,
701270,Alt ve/veya üst GİS kanamalarında heater prob veya injeksiyon tedavisi veya klip uygulaması,therapeutic,
701280,"Duodenum, ince barsak (Özel kapsülle) biyopsisi",diagnostic,
701281,Kapsül endoskopi,therapeutic,
701282,Balonlu enteroskopi,therapeutic,
701290,Endoskopik beslenme tüpü yerleştirilmesi,therapeutic,
701300,Endoskopik biliyer dilatasyon,therapeutic,
701310,Endoskopik biliyer endoprotez yerleştirilmesi,therapeutic,
701320,Endoskopik biliyer stend yerleştirilmesi,therapeutic,
701330,Endoskopik kisto-duodenostomi,therapeutic,
701340,Endoskopik kisto-gastrostomi,therapeutic,
701350,Endoskopik perkütan gastrostomi,therapeutic,
701360,Endoskopik retrograd kolanjiyopankreotografi,therapeutic,
701370,Endoskopik sifinkterotomi,therapeutic,
701380,Endosonografi eşliğinde aspirasyon biyopsisi,diagnostic,
701390,Rektoskopi ve/veya sigmoidoskopi,therapeutic,
701400,Rektoskopi ve /veya sigmoidoskopi ile biyopsi,diagnostic,
701410,Gastroskopik polipektomi,therapeutic,
701411,Endoskopik mukoza rezeksiyonu,therapeutic,
701420,Gastrointestinal sistem darlıklarında balon veya buji dilatasyonu,therapeutic,
701430,GİS darlıklarında stent yerleştirilmesi,therapeutic,
701440,Koledokdan balon veya basketle taş çıkarılması,therapeutic,
701450,"Kolonoskopi, total",therapeutic,
701460,Kolonoskopik polipektomi,therapeutic,
701470,Mekanik litotiripsi,therapeutic,
701480,Mide/ Safra tubajı,therapeutic,
701490,Nasobiliyer drenaj,therapeutic,
701500,Nazo pankreatik drenaj,therapeutic,
701510,"Özel kolon temizliği (Lavman hariç),",therapeutic,
701520,Özefajiyal motilite,therapeutic,
701530,"Özefagoskopi, gastroskopi ile yabancı cisim çıkarılması",therapeutic,
701540,"Özefagoskopi, gastroskopi, duodenoskopi (biri veya hepsi)",therapeutic,
701545,Konfokal lazer endomikroskopik üst GİS endoskopi,therapeutic,
701550,"Özefagoskopi, gastroskopi, duodenoskopi ile biyopsi alınması",diagnostic,
701560,Özofagus /Mide/ İntestinal / Kolon/ Anal motilitesi ve basınç çalışması,therapeutic,
701570,"Özefagus varislerinde sklerozan tedavi, her bir seans",therapeutic,
701572,Özefagus varislerinde bant ligasyonu,therapeutic,
701580,Adale testi,diagnostic,
701590,Ampute değerlendirmesi,diagnostic,
701600,Bilgisayarlı izokinetik test,diagnostic,
701610,Denge/koordinasyon testleri,diagnostic,
701620,Duyu-algı-motor değerlendirmesi,diagnostic,
701630,Eklem hareket açıklığı ölçümü,diagnostic,
701640,El beceri testleri,diagnostic,
701650,Elektrodiagnostik testler,diagnostic,
701660,Günlük yaşam aktiviteleri testi,diagnostic,
701670,Kas gücünün dinamometre ile ölçümü (tek ekstremite),diagnostic,
701680,Mesleki değerlendirme,diagnostic,
701690,Nörofizyolojik değerlendirme,diagnostic,
701700,Postur analizi,diagnostic,
701710,Skolyoz değerlendirmesi,diagnostic,
701720,Yürüme analizi,diagnostic,
701730,Yürüme analizi (bilgisayar sistemli kinetik-kinematik analiz),diagnostic,
701740,Coldpack,therapeutic,
701741,Soğuk tedavi termik şok yöntemi,therapeutic,
701750,Diyadinamik akım,therapeutic,
701760,Dört hücre galvani,therapeutic,
701770,Enfraruj,therapeutic,
701780,"Fango, lokal",therapeutic,
701790,Faradizasyon,therapeutic,
701800,Fonksiyonel elektriksel stimülasyon (FES),therapeutic,
701810,Fluidoterapi,therapeutic,
701820,Galvanik akım,therapeutic,
701830,Hotpack,therapeutic,
701840,Işık banyosu (Baker),therapeutic,
701850,İnterferansiyel akım,therapeutic,
701860,İyontoforez,therapeutic,
701870,Kısa dalga diatermi,therapeutic,
701880,Lazer,therapeutic,
701890,"Klasik masaj, bölgesel",therapeutic,
701900,"Klasik masaj, tüm vücut",therapeutic,
701910,Konnektif doku masajı,therapeutic,
701920,Mikrodalga (Radar),therapeutic,
701930,Paleidoterapi (çamur tedavisi),therapeutic,
701940,Parafin,therapeutic,
701950,TENS,therapeutic,
701960,Terapötik elektrik stimülasyon,therapeutic,
701970,"Traksiyon, elektrikli",therapeutic,
701980,"Traksiyon, mekanik",therapeutic,
701990,Ultrason,therapeutic,
702000,Ultraviyole,therapeutic,
702010,Vibrasyon masajı,therapeutic,
702020,Banyo-kaplıca,therapeutic,
702030,Girdap banyosu,therapeutic,
702040,Kontrast banyo,therapeutic,
702050,Sauna ve tazyikli duş,therapeutic,
702060,Stangerbath,therapeutic,
702070,Su içi basınçlı masaj,therapeutic,
702080,Su içi egzersiz,therapeutic,
702090,Ampute rehabilitasyonu,therapeutic,
702100,Biofeedback,therapeutic,
702110,Bel - Boyun Okulu,therapeutic,
702120,EMG biofeedback,therapeutic,
702130,Denge/koordinasyon eğitimi,therapeutic,
702140,Devamlı pasif hareket cihazı ile egzersiz,therapeutic,
702150,Ergometrik egzersizi,therapeutic,
702160,Eklem enjeksiyonları,therapeutic,
702170,Eklem hareket açıklığı egzersizi,therapeutic,
702180,Eklem lavajı,therapeutic,
702190,El rehabilitasyonu,therapeutic,
702200,Elektroterapi,therapeutic,
702210,Ev programı/aile eğitimi,therapeutic,
702220,Geriatrik rehabilitasyon,therapeutic,
702230,Germe egzersizi,therapeutic,
702240,Gevşeme egzersizleri,therapeutic,
702250,Görme engelli rehabilitasyonu,therapeutic,
702260,Gözetmeli grup egzersizi,therapeutic,
702270,İzokinetik egzersizler,therapeutic,
702280,İş ve uğraşı tedavisi,therapeutic,
702290,Kardiyak rehabilitasyon,therapeutic,
702300,Kognitif (Bilişsel) rehabilitasyon,therapeutic,
702310,Mekanik egzersiz istasyonu,therapeutic,
702311,Üst ekstremite rehabilitasyon iş istasyonu (robotik olmayan),therapeutic,
702320,Manipülasyon,therapeutic,
702330,Nörofizyolojik egzersizler,therapeutic,
702340,Nörolojik rehabilitasyon,therapeutic,
702350,Obstetrik / Jinekolojik rehabilitasyon,therapeutic,
702360,Ortopedik rehabilitasyon,therapeutic,
702370,Protez eğitimi,therapeutic,
702380,Postür egzersizi,therapeutic,
702390,Postüral drenaj,therapeutic,
702400,Progresif dirençli egzersiz,therapeutic,
702410,Propioseptif eğitim,therapeutic,
702420,Propioseptif nöromusküler fasilitasyon (PNF),therapeutic,
702430,Pulmoner rehabilitasyon,therapeutic,
702440,Rehabilitasyon hizmetlerinde kullanılan yardımcı cihaz eğitimi,therapeutic,
702450,Romatizmal hastalıklarda rehabilitasyon,therapeutic,
702460,Serebral palsi rehabilitasyonu,therapeutic,
702470,Skolyoz egzersizleri,therapeutic,
702480,Solunum egzersizleri,therapeutic,
702490,Spor sakatlıkları rehabilitasyonu,therapeutic,
702500,Yutma rehabilitasyonu,therapeutic,
702510,Yürüme egzersizleri,therapeutic,
702520,"Rekompresyon tedavisi, Tip I Dekompresyon Hastalığı",therapeutic,
702530,"Rekompresyon tedavisi, Tip II Dekompresyon Hastalığı, birinci seans",therapeutic,
702550,"Rekompresyon tedavisi, karışım gazla Tip I Dekompresyon Hastalığı",therapeutic,
702560,"Rekompresyon tedavisi, karışım gazla Tip II Dekompresyon Hastalığı",therapeutic,
702570,"Rekompresyon tedavisi, arteriyel gaz embolisi",therapeutic,
702580,"Hiperbarik oksijen tedavisi, 1-2 ATA seansı",therapeutic,
702590,"Hiperbarik oksijen tedavisi, 2-3 ATA seansı",therapeutic,
702591,"Karbonmonoksit zehirlenmesinde hiperbarik oksijen tedavisi, birinci seans",therapeutic,
702600,Hiperbarik ortamda transkutanöz pO2 (TcpO2) ölçümü,therapeutic,
702610,Oksijen tolerans testi,therapeutic,
702620,Basınç testi,therapeutic,
702630,"Tüp havası analizi, her parametre",therapeutic,
702640,Sualtı hekimliği danışmanlık saati,therapeutic,
702650,İntermittan basınç siplinti her ekstremite,therapeutic,
702660,Aile görüşme-değerlendirme,therapeutic,
702670,Aile tedavisi,therapeutic,
702680,"Aile, iş yeri ya da okul ziyareti",therapeutic,
702690,"Anestezili EKT protokolü, EKT+EEG",therapeutic,
702700,"Bireysel psikoterapi, her bir seans",therapeutic,
702710,"Elektrokonvülsiv tedavi, EKT",therapeutic,
702711,EKT sonrası bilinç ve oryantasyon takibi,therapeutic,
702712,Transkraniyal manyetik stimülasyon (TMS),therapeutic,
702720,"Gelişim testler, her biri",therapeutic,
702730,"Grup psikoterapisi, kişi başına her biri",therapeutic,
702740,"Kişilik testleri, her biri",therapeutic,
702750,"Klinik değerlendirme ölçekleri, her biri",therapeutic,
702760,Nöropsikolojik test bataryası,therapeutic,
702770,"Nöropsikolojik testler, her biri",therapeutic,
702780,"Projektif testler, her biri",therapeutic,
702790,Psikiyatrik değerlendirme,therapeutic,
702800,Psikiyatrik tanı koydurucu ölçekler,therapeutic,
702810,"Zeka testleri, her biri",therapeutic,
702820,Poligrafik uyku tetkiki,diagnostic,
702830,Poligrafik uyku tetkiki + Solunum kayıtları,diagnostic,
702840,Poligrafik uyku tetkiki + Bacak EMG kaydı,diagnostic,
702850,Poligrafik uyku tetkiki + Solunum kayıtları + CPAP titrasyonu,diagnostic,
702860,Poligrafik uyku tetkiki + Noktürnal Penil Tümesans (NPT),diagnostic,
702870,Poligrafik uyku tetkiki + Aktivasyon amaçlı EEG,diagnostic,
702880,Poligrafik uyku tetkiki + Solunum kayıtları + Bacak EMG kaydı,diagnostic,
702890,Poligrafik uyku tetkiki + Solunum kayıtları + NPT,diagnostic,
702900,Poligrafik uyku tetkiki + Solunum kayıtları + Aktivasyon amaçlı EEG,diagnostic,
702910,Poligrafik uyku tetkiki + Bacak EMG kaydı + NPT,diagnostic,
702920,Poligrafik uyku tetkiki + Bacak EMG kaydı + Aktivasyon amaçlı EEG,diagnostic,
702930,Poligrafik uyku tetkiki + Aktivasyon amaçlı EEG + NPT,diagnostic,
702940,İlk Gece uyku apnesi tanısı alanların CPAP/ BPAP titrasyonu yönüyle izlemi,diagnostic,
702950,NR-EE 1400 (Brain mapping),diagnostic,
702960,2 – 4 kanal arası poligrafik uyku tetkiki,diagnostic,
702970,5 – 8 kanal arası poligrafik uyku tetkiki,diagnostic,
702980,8 kanaldan fazla poligrafik uyku tetkiki,diagnostic,
702990,Auto-CPAP ile titrasyon,diagnostic,
703000,Aktivasyonlu EEG (Farmakolojik aktivasyon),diagnostic,
703010,Ameliyatta EEG monitörizasyonu (Elektrokortikografi),diagnostic,
703020,Rutin EEG (Çocuk-büyük),diagnostic,
703050,EEG veya Serebral fonksiyon (aEEG)monitörizasyonu,diagnostic,
703060,Uyku aktivasyonu,diagnostic,
703090,Noninvaziv Video-EEG monitörizasyon,diagnostic,
703100,İnvaziv Video-EEG monitörizasyon,diagnostic,
703110,Video-EEG + kortikal stimülasyon ve beyin haritalaması,diagnostic,
703120,Wada testi sırasında EEG kaydı,diagnostic,
703130,"EMG, genel tarama (Üç ekstremite)",diagnostic,
703140,"EMG, hareket hastalığı protokolü",diagnostic,
703150,"EMG, kraniyal nöropati protokolü",diagnostic,
703160,"EMG, motor nöron hastalığı protokolü",diagnostic,
703170,"EMG, myasteni protokolü",diagnostic,
703180,"EMG, myopati protokolü",diagnostic,
703190,"EMG, periodik paralizi protokolü",diagnostic,
703200,"EMG, polinöropati protokolü",diagnostic,
703210,"EMG, radikülopati ve pleksus protokolü",diagnostic,
703220,"EMG tuzak nöropati protokolü, iki taraf",diagnostic,
703230,"EMG, distoni protokolü",diagnostic,
703240,Refleks çalışmaları,diagnostic,
703250,Repetetif sinir uyarımı,diagnostic,
703260,R-R interval varyasyonu analizi,diagnostic,
703270,Rutin EMG taraması / Elektrodiyagnostik konsültasyon,diagnostic,
703280,Sempatik deri cevapları,diagnostic,
703290,Sinir iletim çalışması,diagnostic,
703300,Tek lif EMG’si,diagnostic,
703310,Tremor kaydı,diagnostic,
703320,Tremor kaydı ve spektral frekans analizi,diagnostic,
703365,Intraoperatif nöromonitörizasyon,diagnostic,
703370,İşitsel beyinsapı UP (BAEP),diagnostic,
703371,Vestibüler uyarılmış myojenik potansiyeller (VEMP),diagnostic,
703372,İşitsel devamlı durum cevapları (ASSR),diagnostic,
703380,Kraniyal sinir SEP,diagnostic,
703390,"Motor uyarılmış potansiyeller (MEP), üst ve alt ekstremiteler",diagnostic,
703400,"Motor uyarılmış potansiyeller (MEP), üst veya alt ekstremiteler",diagnostic,
703410,P 300,diagnostic,
703420,"Somatosensoryel UP (SEP), üst ve alt ekstremiteler",diagnostic,
703430,"Somatosensoryel UP (SEP), üst veya alt ekstremiteler",diagnostic,
703440,"Vizüel UP (VEP) (tek, bilateral)",diagnostic,
703450,Penil Uyarılmış Potansiyeller,diagnostic,
703460,"Botulinium toksini enjeksiyonu, bölgesel",therapeutic,
703470,"Botulinium toksini enjeksiyonu, EMG eşliğinde",therapeutic,
703480,"Kas biyopsisi, herhangi bir kastan",diagnostic,
703490,Kas-sinir biyopsisi,diagnostic,
703500,Prostigmin / Tensilon testi,diagnostic,
703510,Sinir lifi ayrımı (Nerve teasing),therapeutic,
703520,Tensilon testi,diagnostic,
703530,Pozisyonel nistagmus araştırılması,therapeutic,
703540,Okulo-motor testler,therapeutic,
703550,100 Hue testi,diagnostic,
703560,Az görenlere yardım cihazı muayenesi,therapeutic,
703570,Bilgisayarlı görme alanı incelemesi,diagnostic,
703580,Biyometri,therapeutic,
703590,"Cam terapi, toplam tedavi",therapeutic,
703600,Çocuklarda görme muayeneleri,therapeutic,
703610,Ekzoftalmometri,therapeutic,
703620,"Elektroretinografi (ERG)-VER-EOG, herhangi biri",therapeutic,
703630,ERG-VER-EOG (İkisi birden),therapeutic,
703640,ERG-VER-EOG (Üçü birden),therapeutic,
703650,"Fluorescein Fundus Anjiyografi (FFA), iki göz",therapeutic,
703660,Fresnel Prizması Uygulaması,therapeutic,
703670,"Gonyoskopi ve kornea çapı ölçümü, bebek için",diagnostic,
703680,Gonyoskopi,therapeutic,
703690,Görme alanı incelemesi (Manuel perimetri),diagnostic,
703700,"Göz içi basıncı ölçümü, bebek için",diagnostic,
703710,"Göz muayenesi, ultrason eşliğinde",therapeutic,
703720,"Göz muayenesi, bebek için, genel anestezi altında",therapeutic,
703730,Hess perdesi incelemesi,diagnostic,
703740,"ICG anjiyografisi, iki göz",therapeutic,
703750,"Terapötik Kontakt Lens muayene ve uygulaması, iki göz",therapeutic,
703760,Kontrast Duyarlılık Testi,diagnostic,
703770,Kornea topografisi,therapeutic,
703780,"Kuru göz teşhis testleri, her biri",therapeutic,
703790,Nerve Fiber Analyzer (NFA),therapeutic,
703800,OCT (Optik Koherens Tomografisi),therapeutic,
703810,"Ön segment anjiyografisi, iki göz",therapeutic,
703820,Ön ve arka segment renkli resmi,therapeutic,
703830,"Ortoptik tedavi, her bir seans",therapeutic,
703840,Pakimetri,therapeutic,
703850,"Renk hissi muayenesi, iki göz",therapeutic,
703860,Scanning lazer oftalmoskopi,therapeutic,
703870,"Sinoptophor muayenesi iki göz, her bir seans",therapeutic,
703880,Speküler mikroskopi,therapeutic,
703890,Tonografi,therapeutic,
703900,"Oküler ultrason ve biyometri, iki göz",therapeutic,
703910,Ultrasonografik biyomikroskopi,therapeutic,
703920,Aerodinamik ses analizi,therapeutic,
703930,Akustik rinometri,therapeutic,
703940,Akustik ses analizi (Akustik refrektometri),therapeutic,
703950,"Bekesy odyometresi, iki kulak",therapeutic,
703960,"Beyin sapı uyarılmış yanıt odyometresi (BERA), iki taraf",therapeutic,
703970,Çocuk odyometresi (Komple),therapeutic,
703980,Elektrokokleografi,therapeutic,
703990,ENG,therapeutic,
703991,Videonistagmografi (VNG),therapeutic,
704000,ENOG,therapeutic,
704010,İşitme cihazı tatbiki,therapeutic,
704020,"Çocuk işitme eğitimi, her bir seans",therapeutic,
704030,"Kalorik test (ENG kayıtlı), iki taraf",therapeutic,
704040,Koku testleri,therapeutic,
704050,"Komple vestibüler inceleme, iki taraf",diagnostic,
704060,"Konuşma, protez değiştirilmesi",therapeutic,
704070,"Konuşma, protez uygulaması",therapeutic,
704080,Konuşma terapisi ve fonasyon eğitimi (Seansı),therapeutic,
704090,Larenjektomi uygulanmış hastada konuşma tedavisi,therapeutic,
704100,"Mikroskopik kulak muayenesi, iki taraf",therapeutic,
704110,"Odiyometri ve timpanometri, iki taraf",therapeutic,
704120,"Odyolojik tetkik komple, iki taraf",diagnostic,
704130,"Otoakustik emisyon, iki taraf",therapeutic,
704140,Posturografi,therapeutic,
704150,"Rinomanometri, iki taraf",therapeutic,
704160,"Odyolojik araştırma, iki taraf (Saf ses, tone decay ve sisi dahil)",therapeutic,
704170,"Saf ses odyometrisi, iki taraf",therapeutic,
704180,Tinnitus tedavisi,therapeutic,
704190,"Timpanometrik inceleme, iki taraf",diagnostic,
704200,Vestibüler rehabilitasyon,therapeutic,
704210,Acil hemodiyaliz,therapeutic,
704230,Hemodiyaliz,therapeutic,
704231,Hemodiyaliz için kateter yerleştirilmesi,therapeutic,
704232,Kalıcı tünelli kateter yerleştirilmesi,therapeutic,
704233,Ev hemodiyalizi,therapeutic,
704240,Hemoperfüzyon,therapeutic,
704250,İzole ultrafiltrasyon,therapeutic,
704260,Periton diyalizi takibi,therapeutic,
704270,Peritoneal eşitlenme testi (PET),therapeutic,
704280,Rejyonel heparinizasyon,therapeutic,
704290,Sürekli hemodiafiltrasyon/ hemofiltrasyon tedavisi,therapeutic,
704300,Basınç akım çalışması,therapeutic,
704310,Boney ve Q tip testleri,therapeutic,
704320,Elektroejakülasyon,therapeutic,
704330,Empotansta nörolojik değerlendirmeler (BCP-SEPP),therapeutic,
704340,Empotansta uyku çalışmaları (NPT),therapeutic,
704350,"İnkontinans tedavisinde magnetik innervasyon, her bir seans",therapeutic,
704360,İntrakavernozal ilaç enjeksiyonu,therapeutic,
704370,İntrakaviter kemo veya immünoterapi,therapeutic,
704380,Kavernozografi,therapeutic,
704390,Kavernozometri,therapeutic,
704400,Penil arter basınç ölçümü (PBI),therapeutic,
704410,"Perkütan sinir incelemesi (PNE), mesane için",therapeutic,
704420,Seminal vezikülografi,therapeutic,
704430,Sistometri,therapeutic,
704440,Sistometri ve EMG,therapeutic,
704450,Sistometri ve Üroflowmetri,therapeutic,
704460,Ürodinamik çalışma,therapeutic,
704470,Üroflowmetri,therapeutic,
704480,"Vaza vezikülografi, iki taraf",therapeutic,
704490,Videoürodinami,therapeutic,
704491,Prostat Mikrodalga Termoterapisi,therapeutic,
704500,Fötal akustik stimülasyon,diagnostic,
704510,Fötal elektrokardiyogram,diagnostic,
704520,Fötal kan gazları,diagnostic,
704530,Nonstres Test (NST),diagnostic,
704540,Oksitosin challenge test (OCT),diagnostic,
704541,Sürekli fötal monitörizasyon,diagnostic,
704550,Antisperm antibody (ASA),diagnostic,
704560,"Artifisiel inseminasyon, her bir seans",diagnostic,
704570,Kruger testi,diagnostic,
704580,Özel sperm tektiki,diagnostic,
704590,Postkoital test,diagnostic,
704600,Sperm mar testi,diagnostic,
704610,Sperm penetrasyon testi (SPT),diagnostic,
704620,Sperm yıkama,diagnostic,
704630,Sperma değerlendirilmesi (Bilgisayarla),diagnostic,
704631,Spermiogram (tam otomatize),diagnostic,
704640,Spermogram,diagnostic,
704641,Oosit Aspirasyonu,diagnostic,
704642,Sperm- oosit hazırlanması ve inkübasyonu,diagnostic,
704643,Embriyo Transferi,diagnostic,
704644,ICSI (Mikro enjeksiyon),diagnostic,
704645,Embriyo Freeezing,diagnostic,
704650,CD 34/ T hücresi/ B hücresi/ Natural Killer (NK) hücresi seleksiyon işlemi,therapeutic,
704680,"İmmünoadsorbsiyon, her bir seans",therapeutic,
704691,Manuel infüzyon kemoterapisi,therapeutic,
704692,Yarı otomatik infüzyon kemoterapisi,therapeutic,
704693,Otomatik/robotik infüzyon kemoterapisi,therapeutic,
704700,"İntrakaviter ve rejyonel kemoterapi, her bir seans",therapeutic,
704710,"İntratekal tedavi, her bir seans",therapeutic,
704720,Kemik iliği aspirasyon değerlendirmesi,therapeutic,
704730,Kemik iliği aspirasyonu,therapeutic,
704740,Kemik iliği biyopsisi,therapeutic,
704750,Kemik iliği imprint değerlendirilmesi,therapeutic,
704760,Lenf bezi aspirasyonu-ponksiyonu,therapeutic,
704770,Periferik kan yayması değerlendirilmesi,therapeutic,
704780,Steril ünitede bakım hizmeti,therapeutic,
704790,"Terapötik flebotomi, her bir seans",therapeutic,
704800,Turnike testi,therapeutic,
704810,"Aferez, donör trombosit aferezi (1 seans)",therapeutic,
704820,"Aferez, donör granülosit aferezi (1 seans)",therapeutic,
704830,"Aferez, donör eritrosit aferezi (1 seans)",therapeutic,
704840,"Aferez, lökosit (1 seans)",therapeutic,
704850,"Aferez, donör plazma aferezi (1 seans)",therapeutic,
704860,"Aferez, Hasta başı (acil) hemaferezis işlemi farkı",therapeutic,
704870,"Aferez, IgG ( 1 seans)",therapeutic,
704880,"Aferez, lipid ( 1 seans)",therapeutic,
704890,"Aferez, Stem hücre toplanması ( 1 seans)",therapeutic,
704900,"Aferez, Terapötik eritrositoferez (1 seans)",therapeutic,
704910,"Aferez, Terapötik lökoferez (1 seans)",therapeutic,
704920,"Aferez, Terapötik plazma değişimi (1 seans)",therapeutic,
704930,"Aferez, Terapötik trombositoferez (1 seans)",therapeutic,
704931,Adsorbtif Sitaferez 1 Seans,therapeutic,
704940,"Aferez, Fotoferezis (1 seans)",therapeutic,
704941,Ekstrakorpereal Fotoferez Tedavisi (1 seans),therapeutic,
704942,İmmün plazma tedarik ve uygulama,therapeutic,
704943,Viral İnaktivasyon İşlemi,therapeutic,
704950,Ameliyathanede genel anestezi altında allojeneik kemik iliği alınması,therapeutic,
704960,Hematopoietik kök hücre ayrımı,therapeutic,
704970,"Hematopoietik hücre nakli, allojenik (Kardeş veya akrabadan, HLA tam uyumlu)",therapeutic,
704971,"Hematopoietik hücre nakli, allojenik (Akraba dışından, HLA tam uyumlu)",therapeutic,
704972,"Haploidentik nakil, allojenik (En az 2 HLA antijeni uyumsuz nakiller)",therapeutic,
704973,"Kordon kanı nakli, allojenik",therapeutic,
704974,"Kordon kanı nakli, otolog",therapeutic,
704980,"Hematopoietik hücre nakli, otolog",therapeutic,
704981,Mezenkimal kök hücre nakli (Mezenkimal kök hücre üretimi dahil),therapeutic,
704990,Kemik iliği nakli amaçlı hematopoietik kök hücre pozitif seleksiyonu,therapeutic,
705000,Kemik iliği nakli amaçlı kullanılmak üzere hematopoietik kök hücrelerin kanser hücrelerinden arıtılması,therapeutic,
705010,Kemik iliği nakli-operasyon aşaması,therapeutic,
705020,Kemik iliği ürününden eritrosit deplesyonu,therapeutic,
705030,Kordon kanından kök hücre nakli,therapeutic,
705040,Kök hücre dondurulması,therapeutic,
705060,Kök hücre saklanması (Kord kanına uygulanmaz),therapeutic,
705070,Kök hücre infüzyonu,therapeutic,
705080,Kök hücre mobilizasyonu,therapeutic,
705090,Yurt içi doku veri bankalarınca uluslararası doku veri bankalarında akraba olmayan kemik iliği verici taraması,therapeutic,
705100,Yurt içi doku veri bankalarınca uluslararası doku veri bankalarında akraba olmayan kemik iliği verici taraması,therapeutic,
705110,Yurt içi doku veri bankalarınca yurt içindeki doku veri bankalarında akraba olmayan kemik iliği verici taraması,therapeutic,
705120,Yurt içi doku veri bankalarınca yurt içindeki doku veri bankalarında akraba olmayan kemik iliği verici taraması,therapeutic,
705130,ABO+Rh tayini (Forward gruplama)+ABO reverse gruplama,therapeutic,
705140,ABO+Rh tayini (Forward gruplama),therapeutic,
705150,Adsorbsiyon testi,therapeutic,
705160,Alt kan grup tiplendirmesi (Her bir grup),therapeutic,
705170,"Anti-A, anti-B, veya Anti D-titrajı",therapeutic,
705180,Antikor tanımlama,therapeutic,
705190,"Buffy coat deplesyonu, her bir ünite",therapeutic,
705200,Cross match,therapeutic,
705210,Direkt coombs testi (Polispesifik),therapeutic,
705220,Direkt coombs testi (Ig G),therapeutic,
705230,Direkt coombs (Kompleman),therapeutic,
705240,Donör muayenesi,therapeutic,
705250,Elüsyon testi,therapeutic,
705260,Eritrosit süspansiyonu yıkama,therapeutic,
705270,Fibrin glue hazırlama,therapeutic,
705280,Hemoglobin küveti ile otomatik sistemde hemoglobin tayini,therapeutic,
705290,İndirekt coombs testi,therapeutic,
705300,"Lökositten arındırılmış kan ürünü hazırlama, her bir ünite",therapeutic,
705310,"Sellüler kan ürünlerinin ışınlanması, her bir ünite",therapeutic,
705320,Soğuk aglütininler,therapeutic,
705330,"Steril tüp birleştirme, her bir bağlantı",therapeutic,
705340,"Taze donmuş plazma - kriyopresipitat eritilmesi, her bir ünite",therapeutic,
705350,Aferez trombosit süspansiyonu,therapeutic,
705351,"Tek donörden çift aferez trombosit süspansiyonu, tek ünite",therapeutic,
705352,"Aferez trombosit süspansiyonu pediatrik (ikiye bölünmüş), tek ünite",therapeutic,
705353,"Aferez trombosit süspansiyonu pediatrik (üçe bölünmüş), tek ünite",therapeutic,
705354,"Tek donörden çift aferez trombosit süspansiyonu, pediatrik (ikiye bölünmüş), tek ünite",therapeutic,
705355,"Tek donörden çift aferez trombosit süspansiyonu, pediatrik (üçe bölünmüş), tek ünite",therapeutic,
705360,Aferez granülosit süspansiyonu,therapeutic,
705370,Eritrosit Süspansiyonu,therapeutic,
705371,"Eritrosit Süspansiyonu, Kızılay'dan temin edilen",therapeutic,
705372,"Pediatrik eritrosit süspansiyonu, üçlü transfer torba ile hazırlanan, tek ünite",therapeutic,
705373,"Pediatrik eritrosit süspansiyonu, dörtlü transfer torba ile hazırlanan, tek ünite",therapeutic,
705380,"Granülosit süspansiyonu (Random donor, 1 ünite)",therapeutic,
705390,Kriyopresipitat,therapeutic,
705400,Otolog tam kan,therapeutic,
705410,Otolog fibrin yapıştırıcı,therapeutic,
705420,Tam kan (Torbada),therapeutic,
705430,Taze donmuş plazma,therapeutic,
705431,"Taze donmuş plazma pediatrik (ikiye bölünmüş), tek ünite",therapeutic,
705432,"Taze donmuş plazma pediatrik (üçe bölünmüş), tek ünite",therapeutic,
705440,Trombosit süspansiyonu (1 ünite random donör trombositi),therapeutic,
705441,Random trombosit süspansiyonu filtrelenmiş (pediatrik),therapeutic,
705442,"Havuzlanmış trombosit süspansiyonu, dörtlü",therapeutic,
705443,"Havuzlanmış trombosit süspansiyonu, altılı",therapeutic,
750000,Ekstremite nakli (Tek kol veya tek bacak),therapeutic,
750010,Yüz Nakli,therapeutic,
800010,10 tedavi günü ve altındaki tedaviler,therapeutic,
800020,11-20 tedavi günü süreli tedaviler,therapeutic,
800030,21-30 tedavi günü süreli tedaviler,therapeutic,
800040,30 tedavi gününden uzun süreli tedaviler,therapeutic,
800050,Brakiterapi,therapeutic,
800060,Streotaktik radyoterapi,therapeutic,
800070,a) Basit eksternal radyoterapi tasarımı,therapeutic,
800080,b) Orta eksternal radyoterapi tasarımı,therapeutic,
800090,c) Kompleks eksternal radyoterapi tasarımı,therapeutic,
800100,d) Konformal eksternal radyoterapi tasarımı,therapeutic,
800110,e) IMRT veya volumetrik ark tedavisi/helikal ark terapi uygulamalarında eksternal radyoterapi tasarımı,therapeutic,
800111,a) Basit brakiterapi tasarımı,therapeutic,
800112,b) Orta brakiterapi tasarımı,therapeutic,
800113,c) Kompleks brakiterapi tasarımı,therapeutic,
800114,d) Konformal brakiterapi tasarımı,therapeutic,
800120,a) Basit radyoterapi planlama,therapeutic,
800130,b) Orta radyoterapi planlama,therapeutic,
800140,c) Kompleks radyoterapi planlama,therapeutic,
800150,d) Üç boyutlu (Konformal) radyoterapi planlama,therapeutic,
800160,e) IMRT veya volumetrik ark tedavisi/helikal ark terapi uygulamalarında radyoterapi planlama,therapeutic,
800170,a) Temel radyasyon doz hesapları,therapeutic,
800180,b) Basit eksternal radyoterapi doz hesapları,therapeutic,
800190,c) Orta eksternal radyoterapi doz hesapları,therapeutic,
800200,d) Kompleks eksternal radyoterapi doz hesapları,therapeutic,
800210,e) Konformal eksternal radyoterapi doz hesapları,therapeutic,
800220,f) IMRT veya volumetrik ark tedavisi/helikal ark terapi uygulamalarında eksternal radyoterapi doz hesapları,therapeutic,
800230,g) Özel eksternal radyoterapi doz hesapları,therapeutic,
800235,a) Temel radyasyon doz hesapları,therapeutic,
800240,b) Basit brakiterapi doz hesapları,therapeutic,
800250,c) Orta brakiterapi doz hesapları,therapeutic,
800260,d) Kompleks brakiterapi doz hesapları,therapeutic,
800270,"Özel dozimetre: TLD, mikrodozimetre",therapeutic,
800280,Basit tedavi aletleri tasarım ve yapımı,therapeutic,
800290,Orta tedavi aletleri tasarım ve yapımı,therapeutic,
800300,Kompleks tedavi aletleri tasarım ve yapımı,therapeutic,
800310,Film,therapeutic,
800320,Digital,therapeutic,
800330,Basit eksternal radyoterapi uygulaması,therapeutic,
800340,Orta eksternal radyoterapi uygulaması,therapeutic,
800350,Kompleks eksternal radyoterapi uygulaması,therapeutic,
800360,Tek fraksiyonlu radyoterapi uygulaması,therapeutic,
800370,Özel tedavi uygulamaları: tüm vücut/ yarım vücut ışınlamaları,therapeutic,
800380,Basit lineer akseleratör radyoterapi uygulaması,therapeutic,
800390,Orta lineer akseleratör radyoterapi uygulaması,therapeutic,
800400,Kompleks lineer akseleratör radyoterapi uygulaması,therapeutic,
800410,Konformal lineer akseleratör radyoterapi uygulaması,therapeutic,
800420,Tek fraksiyonlu lineer akseleratör radyoterapi uygulaması,therapeutic,
800430,Özel tedavi uygulaması: tüm veya yarım vücut ışınlamaları,therapeutic,
800440,"e) Lineer akseleratör radyoterapi ile IMRT veya volumetrik ark tedavisi/helikal ark terapi uygulamaları, her bir seans",therapeutic,
800450,Eksternal yüzeyel hipertermi,therapeutic,
800460,Eksternal derin hipertermi,therapeutic,
800470,İntertisiyel hipertermi (5 veya daha az aplikatör),therapeutic,
800480,İntertisiyel hipertermi (5' den fazla aplikatör),therapeutic,
800490,İntrakaviter hipertermi,therapeutic,
800500,Basit intrakaviter brakiterapi uygulaması,therapeutic,
800510,Orta intrakaviter brakiterapi uygulaması,therapeutic,
800520,Kompleks intrakaviter brakiterapi uygulaması,therapeutic,
800530,Basit intertisiyel brakiterapi uygulaması,therapeutic,
800540,Orta intertisiyel brakiterapi uygulaması,therapeutic,
800550,Kompleks intertisiyel brakiterapi uygulaması,therapeutic,
800560,After-loading brakiterapi uygulaması:1-4 arası kaynak pozisyonlu uygulamaların seansı,therapeutic,
800570,After-loading brakiterapi uygulaması:5-8 arası kaynak pozisyonlu uygulamaların seansı,therapeutic,
800580,After-loading brakiterapi uygulaması: 9-12 arası kaynak pozisyonlu uygulamaların seansı,therapeutic,
800590,After-loading brakiterapi uygulaması:12’den fazla kaynak pozisyonlu uygulamaların seansı,therapeutic,
800600,Yüzeyel radyoaktif element uygulaması,therapeutic,
800610,Radyoaktif elementin hazırlanması ve uygulanması,therapeutic,
800615,Kobalt-60 kaynaklı Teleterapi Cihazları ile yapılan Stereotaktik Radyoterapi/Radyocerrahi İşlemleri,therapeutic,
800616,Robotik Lineer Akselaratör ile yapılan Stereotaktik Radyoterapi/Radyocerrahi İşlemleri,therapeutic,
800620,"Akciğer perfüzyon sintigrafisi, planar",imaging,
800640,"Akciğer Perfüzyon Sintigrafisi, SPECT",imaging,
800641,"Akciğer Perfüzyon Sintigrafisi, Kantitatif",imaging,
800660,"Akciğer Ventilasyon Sintigrafisi, Planar (Aerosol)",imaging,
800661,"Akciğer Ventilasyon Sintigrafisi, SPECT (Aerosol)",imaging,
800670,"Akciğer Ventilasyon Sintigrafisi, Planar (Technegas)",imaging,
800671,"Akciğer Ventilasyon Sintigrafisi, SPECT (Technegas)",imaging,
800680,Beyin Perfüzyon SPECT (Tc-99m HMPAO),imaging,
800681,Beyin Perfüzyon SPECT (Tc-99m ECD),imaging,
800682,"Beyin Perfüzyon SPECT, iktal çalışma (Tc-99m ECD)",imaging,
800690,Beyin PET,imaging,
800710,Konvansiyonel Beyin Sintigrafisi,imaging,
800720,Sisternografi (In-111 DTPA),imaging,
800730,Sisternografi (Tc-99m DTPA),imaging,
800735,"Beyin Reseptör Çalışması, SPECT",imaging,
800740,Ventriküler Şant Açıklığının Araştırılması,imaging,
800750,Miyokard Perfüzyon SPECT (Tl-201),imaging,
800755,Miyokard Sempatik İnervasyon Sintigrafisi (I-123 MIBG),imaging,
800760,"Radyonüklid Ventrikülografi (MUGA), istirahat",imaging,
800770,"Radyonüklid Ventrikülografi (MUGA), SPECT",imaging,
800781,"Miyokard Perfüzyon SPECT, reenjeksiyon (Tl-201)",imaging,
800800,"Miyokard Perfüzyon SPECT, GATED (Tc-99m kompleksleri)",imaging,
800810,"Miyokard Perfüzyon SPECT, GATED (Tl-201)",imaging,
800830,Miyokard Perfüzyon SPECT (Tc-99m kompleksleri),imaging,
800840,"Miyokard PET, viabilite çalışması",imaging,
800841,"Miyokard PET, perfüzyon çalışması",imaging,
800843,"Kardiyak Amiloidoz Sintigrafisi (99mTc-PYP, DPD veya HMDP ile)",imaging,
800851,Radyonüklid Venografi,imaging,
800860,"Radyonüklid Ventrikülografi (MUGA), stres",imaging,
800861,"Radyonüklid Ventrikülografi (MUGA)SPECT, stres",imaging,
800862,Farmakolojik STRES,imaging,
800863,Miyokard Attenüasyon düzeltme,imaging,
800870,Artrosintigrafi,imaging,
800880,"Kemik Sintigrafisi, üç fazlı",imaging,
800890,"Kemik Sintigrafisi, tüm vücut",imaging,
800900,"Kemik Sintigrafisi, SPECT",imaging,
800901,Kemik PET (F-18 NaF),imaging,
800902,Anatomik korelasyon,imaging,
800920,Perklorat kovma testi,imaging,
800930,Adrenal Korteks Sintigrafisi (I-131 Norkolesterol),imaging,
800940,"Paratiroid Sintigrafisi, Dual Faz (Tc-99m MIBI)",imaging,
800942,"Paratiroid Sintigrafisi, SPECT (Tc-99m MIBI)",imaging,
800950,Tiroid Sintigrafisi,imaging,
800951,"Tiroid ince iğne aspirasyon biyopsisi, görüntüleme yöntemleri eşliğinde",imaging,
800960,Tiroid Uptake Çalışması (Tc-99m Perteknetat),imaging,
800970,Tiroid uptake çalışması (I-131 veya I-123),imaging,
800971,Anatomik korelasyon tiroid ve paratiroid sintigrafileri için,imaging,
800990,Gastrointestinal Kanama Çalışması (Tc-99m Kolloid),imaging,
800991,Gastrointestinal Kanama Çalışması (Tc-99m RBC),imaging,
800995,Gastrointestinal Protein Kaybı Çalışması,imaging,
801010,Gastroözefajiyal Reflü Çalışması,imaging,
801020,Hepatobiliyer Sintigrafi,imaging,
801030,"Karaciğer Dalak Sintigrafisi, Planar",imaging,
801031,"Karaciğer Dalak Sintigrafisi, SPECT",imaging,
801040,Mekkel Divertikülü Araştırması,imaging,
801050,Mide Boşalma Çalışması,imaging,
801060,Özefagus Transit Çalışması,imaging,
801070,Tükrük Bezi Sintigrafisi,imaging,
801090,"Böbrek Sintigrafisi, Dinamik (Tc-99m DTPA)",imaging,
801091,"Böbrek Sintigrafisi, Dinamik (Tc-99m MAG-3)",imaging,
801092,"Böbrek Sintigrafisi, Dinamik (Tc-99m EC)",imaging,
801110,"Böbrek Parankim Sintigrafisi, SPECT (Tc-99m DMSA)",imaging,
801120,"GFR Ölçümü, İn vitro (Tc-99m kompleksleri)",imaging,
801121,"GFR Ölçümü, Kamera Metodu (Tc-99m kompleksleri)",imaging,
801122,"GFR Ölçümü, İn vitro (Cr-51 EDTA)",imaging,
801140,"Böbrek Sintigrafisi, ACE İnhibitörlü (Tc-99m MAG-3)",imaging,
801141,"Böbrek Sintigrafisi, ACE İnhibitörlü (Tc-99m DTPA)",imaging,
801150,"Vezikoüreteral Reflü Sintigrafisi, direkt",imaging,
801160,"Vezikoüreteral Reflü Sintigrafisi, indirekt",imaging,
801170,"Böbrek Parankim Sintigrafisi, Planar (Tc-99m DMSA)",imaging,
801180,Testis Sintigrafisi,imaging,
801190,"Enfeksiyon Odağı Araştırması, İşaretli Lökosit",imaging,
801191,"Enfeksiyon Odağı Araştırması, SPECT",imaging,
801200,Enfeksiyon Odağı Araştırması (Tc-99m HIG),imaging,
801210,Enfeksiyon Odağı Araştırması (Tc-99m Nanokolloid),imaging,
801211,Lökosit İşaretlemesi,imaging,
801220,Dalak Sekestrasyon Çalışması,imaging,
801230,Eritrosit Yaşam Süresi Saptanması,imaging,
801240,Eritrosit/Plazma/Total Kan Volümü Tayini,imaging,
801260,Hepatik Arter Perfüzyon Çalışması,imaging,
801271,"Hemanjiyom görüntüleme, SPECT, işaretli eritrosit ile",imaging,
801280,Kemik iliği sintigrafisi,imaging,
801290,Lenfosintigrafi,imaging,
801310,Selektif Dalak Sintigrafisi (Tc-99m işaretli denatüre eritrosit),imaging,
801330,"Tümör Görüntüleme, tüm vücut (Tc-99m V-DMSA)",imaging,
801331,"Tümör Görüntüleme, SPECT (Tc-99m V-DMSA)",imaging,
801340,"Tümör Görüntüleme, tüm vücut (Ga-67)",imaging,
801341,"Tümör Görüntüleme, SPECT (Ga-67)",imaging,
801350,"İyot-131 veya I-123 tüm vücut tarama, tanısal",imaging,
801351,"Tüm vücut tarama, tedavi sonrası (gama kamera veya PET)",therapeutic,
801360,"Tümör Görüntüleme, Tüm Vücut (In-111 Oktreotid)",imaging,
801361,"Tümör Görüntüleme, SPECT (In-111 Oktreotid)",imaging,
801362,"Tümör Görüntüleme, tüm vücut (Tc-99m işaretli peptid)",imaging,
801363,"Tümör Görüntüleme, SPECT (Tc-99m işaretli peptid)",imaging,
801364,Onkolojik PET (Ga-68 işaretli somatostatin analog peptid bileşikler),imaging,
801365,Onkolojik PET (Ga-68 işaretli PSMA),imaging,
801370,İntraoperatif Gama Prop Uygulaması,imaging,
801380,"Tümör Görüntüleme, Tüm Vücut (I-131 MIBG)",imaging,
801381,"Tümör Görüntüleme, SPECT (I-131 MIBG)",imaging,
801382,"Tümör Görüntüleme, Tüm Vücut (I-123 MIBG)",imaging,
801383,"Tümör Görüntüleme, SPECT (I-123 MIBG)",imaging,
801390,"Tümör Görüntüleme, tüm vücut (Tc-99m Kompleksleri ile)",imaging,
801391,"Tümör Görüntüleme, SPECT (Tc-99m Kompleksleri ile)",imaging,
801400,"Radyoimmünosintigrafi, tüm vücut",imaging,
801401,"Radyoimmünosintigrafi, SPECT",imaging,
801410,Sentinel Lenf Nodu Çalışması,imaging,
801412,Radyonüklid İşaretleme İle Lezyon Saptama,imaging,
801420,Meme Sintigrafisi,imaging,
801430,"Tümör Görüntüleme, tüm vücut (Tl-201)",imaging,
801431,"Tümör Görüntüleme, SPECT (Tl-201)",imaging,
801440,Onkolojik PET (F-18 FDG),imaging,
801455,Radyonüklid Tedavi Değerlendirme,therapeutic,
801460,Radyonüklid Sinovektomi,therapeutic,
801470,"Radyonüklid Tedavi, I-131, 5 mCi",therapeutic,
801471,"Radyonüklid Tedavi, I-131, 10 mCi",therapeutic,
801472,"Radyonüklid Tedavi, I-131, 15 mCi",therapeutic,
801473,"Radyonüklid Tedavi, I-131, 20 mCi",therapeutic,
801474,"Radyonüklid Tedavi, I-131, 30 mCi",therapeutic,
801475,"Radyonüklid Tedavi, I-131, 50 mCi",therapeutic,
801476,"Radyonüklid Tedavi, I-131, 75 mCi",therapeutic,
801480,"Radyonüklid Tedavi, I-131, 100 mCi",therapeutic,
801481,"Radyonüklid Tedavi, I-131, 125 mCi",therapeutic,
801482,"Radyonüklid Tedavi, I-131, 150 mCi",therapeutic,
801483,"Radyonüklid Tedavi, I-131, 200 mCi",therapeutic,
801490,"Radyonüklid Tedavi, I-131 MIBG, 50 mCi",therapeutic,
801491,"Radyonüklid Tedavi, I-131 MIBG, 100 mCi",therapeutic,
801492,"Radyonüklid Tedavi, I-131 MIBG, 200 mCi",therapeutic,
801500,"Radyonüklid Tedavi, P-32",therapeutic,
801510,"Radyonüklid Tedavi, Re-186",therapeutic,
801520,"Radyonüklid Tedavi, Sm-153",therapeutic,
801530,"Radyonüklid Tedavi, Sr-89",therapeutic,
801540,"Radyoimmünoterapi, Y-90 anti CD-20 antikor",therapeutic,
801541,Somatostatin Reseptör Tedavisi (In-111 Pentetreotide),therapeutic,
801542,Radyonüklid tedavi radyasyon monitörizasyonu,therapeutic,
801543,"Radyonüklid Tedavi, İntraarteriyal, I-131 Lipiodol",therapeutic,
801544,"Radyonüklid Tedavi, İntraarteriyal,Y-90 mikroküre",therapeutic,
801545,Y-90 veya Lu-177 işaretli terapötik bileşikler,therapeutic,
801546,"Radyonüklid tedavi planlama, dozimetri",therapeutic,
801547,Radyonüklid tedavi uygulamaları için radyofarmasötik hazırlama hizmeti,therapeutic,
801550,Dakriosintigrafi,imaging,
801557,Organ Kan Akımı Çalışması (Tc-99m kompleksleri ile),imaging,
801561,Kemik yaşı tayini,imaging,
801570,Floroskopi,imaging,
801580,Kemik survey,imaging,
801590,Mammografi (tek meme),imaging,
801592,Mammografi (bilateral meme),imaging,
801600,Mandibula (Tek yön),imaging,
801610,Schuller grafisi (Mukayeseli),imaging,
801620,Sella spot grafisi,imaging,
801630,Sinüs (Waters) grafisi (Tek yön),imaging,
801631,Nazal grafisi lateral,imaging,
801632,Nazofarenks,imaging,
801633,Schuller grafisi,imaging,
801640,Skolyoz tetkiki,imaging,
801650,Stenvers grafisi (Mukayeseli),imaging,
801660,Temporamandibular eklem,imaging,
801661,Humerus tek yön sağ,imaging,
801662,Humerus tek yön sol,imaging,
801663,Humerus iki yön sağ,imaging,
801664,Humerus iki yön sol,imaging,
801665,Humerus tek yön mukayeseli,imaging,
801666,Humerus iki yön mukayeseli,imaging,
801667,Önkol tek yön sağ,imaging,
801668,Önkol tek yön sol,imaging,
801669,Önkol iki yön sağ,imaging,
801671,Önkol iki yön sol,imaging,
801672,Önkol tek yön mukayeseli,imaging,
801673,Önkol iki yön mukayeseli,imaging,
801674,Femur tek yön sağ,imaging,
801675,Femur tek yön sol,imaging,
801676,Femur iki yön sağ,imaging,
801677,Femur iki yön sol,imaging,
801678,Femur tek yön mukayeseli,imaging,
801679,Femur iki yön mukayeseli,imaging,
801681,Tibia/fibula tek yön sağ,imaging,
801682,Tibia/fibula tek yön sol,imaging,
801683,Tibia/fibula iki yön sağ,imaging,
801684,Tibia/fibula iki yön sol,imaging,
801685,Tibia/fibula tek yön mukayeseli,imaging,
801686,Tibia/fibula iki yön mukayeseli,imaging,
801690,Akciğer grafisi (İki yön),imaging,
801710,Akciğer grafisi (Üç yön),imaging,
801720,Akciğer grafisi P.A. (Tek yön),imaging,
801730,Bacak uzunluk grafisi,imaging,
801740,Düz karın grafisi,imaging,
801741,Ayakta direkt batın grafisi,imaging,
801742,Eklem grafisi (üç yön) sağ,imaging,
801743,Eklem grafisi (üç yön) sol,imaging,
801744,Kalça tek yön sağ,imaging,
801745,Kalça tek yön sol,imaging,
801746,Kalça iki yön sağ,imaging,
801747,Kalça iki yön sol,imaging,
801748,Kalça tek yön mukayeseli,imaging,
801749,Kalça iki yön mukayeseli,imaging,
801751,Omuz tek yön sağ,imaging,
801752,Omuz tek yön sol,imaging,
801753,Omuz iki yön sağ,imaging,
801754,Omuz iki yön sol,imaging,
801755,Omuz tek yön mukayeseli,imaging,
801756,Omuz iki yön mukayeseli,imaging,
801757,Dirsek tek yön sağ,imaging,
801758,Dirsek tek yön sol,imaging,
801759,Dirsek iki yön sağ,imaging,
801761,Dirsek iki yön sol,imaging,
801762,Dirsek tek yön mukayeseli,imaging,
801763,Dirsek iki yön mukayeseli,imaging,
801764,El-elbilek tek yön sağ,imaging,
801765,El-elbilek tek yön sol,imaging,
801766,El-elbilek iki yön sağ,imaging,
801767,El-elbilek iki yön sol,imaging,
801768,El-elbilek tek yön mukayeseli,imaging,
801769,El-elbilek iki yön mukayeseli,imaging,
801771,Diz tek yön sağ,imaging,
801772,Diz tek yön sol,imaging,
801773,Diz iki yön sağ,imaging,
801774,Diz iki yön sol,imaging,
801775,Diz tek yön mukayeseli,imaging,
801776,Diz iki yön mukayeseli,imaging,
801777,Ayak/ayak bileği tek yön sağ,imaging,
801778,Ayak/ayak bileği tek yön sol,imaging,
801779,Ayak/ayak bileği iki yön sağ,imaging,
801781,Ayak/ayak bileği iki yön sol,imaging,
801782,Ayak/ayak bileği tek yön mukayeseli,imaging,
801783,Ayak/ayak bileği iki yön mukayeseli,imaging,
801800,Kafa grafisi (dört yön),imaging,
801810,Kafa grafisi (İki yön),imaging,
801820,Kafa grafisi (Tek yön),imaging,
801830,Kalp teleradyogramlar (İki yön),imaging,
801840,Kalp teleradyogramlar (Tek yön),imaging,
801860,Kalp teleradyogramlar (Üç yön),imaging,
801870,Pelvis grafisi (Tek yön),imaging,
801880,Pelvis grafisi (Üç yön),imaging,
801890,Pelvimetri (İki yön),imaging,
801891,Sakrum (tek yön),imaging,
801892,Sakrum (iki yön),imaging,
801893,Sakroiliak eklem,imaging,
801900,"Vertebra grafileri, servikal (dört yön)",imaging,
801910,"Vertebra grafileri, servikal (İki yön)",imaging,
801920,"Vertebra grafileri, servikal (Tek yön)",imaging,
801930,"Vertebra grafileri, servikal (Üç yön)",imaging,
801940,"Vertebra grafileri, lomber (dört yön)",imaging,
801950,"Vertebra grafileri, lomber (iki yön)",imaging,
801960,"Vertebra grafileri, lomber (tek yön)",imaging,
801970,"Vertebra grafileri, lomber (üç yön)",imaging,
801971,"Vertebra grafileri, torakal (tek yön)",imaging,
801972,"Vertebra grafileri, torakal (iki yön)",imaging,
801980,L5-S1 spot grafisi,imaging,
801990,"Anterograd pyelografi, var olan kateterden",imaging,
802000,"Anterograd pyelografi, ince iğne ile, işlemin tümü",imaging,
802010,Artrografi,imaging,
802020,Bronkografı,imaging,
802030,Çift kontrast kolon tetkiki,imaging,
802040,Çift kontrast mide tetkiki,imaging,
802050,Dakriosistografi,imaging,
802060,Defekografi,imaging,
802070,Distal kolon grafisi,imaging,
802080,Duktografi-galaktografi,imaging,
802090,Enteroklizis,imaging,
802100,Faringografi,imaging,
802110,Faringo-özefagografi,imaging,
802120,Fistülografi,imaging,
802130,Histerosalpingografi (HSG),imaging,
802140,İnravenöz Piyelografi (İVP),imaging,
802150,"İnravenöz Piyelografi (İVP), dakikalık",imaging,
802160,İnce barsak tetkiki,imaging,
802170,Kolon tetkiki,imaging,
802180,Laringografi,imaging,
802190,Lenfanjiyografi,imaging,
802200,Mide duedonum tetkiki,imaging,
802210,Myelografi,imaging,
802220,Oral kolesistografi,imaging,
802230,Özefagografi,imaging,
802240,Peroperatuar kolanjiyografi,imaging,
802250,Poş grafisi,imaging,
802260,Retrograd piyelografi,imaging,
802270,Retrograd üretrografi,imaging,
802280,Sialografi (iki taraf),imaging,
802290,Sialografi (tek taraf),imaging,
802300,Sine özefagografi,imaging,
802310,Sistogram (Üç film),imaging,
802320,T tüp kolanjiyografi,imaging,
802330,Velofaringeal sinefloroskopi,imaging,
802340,Voiding sistoüretrografi,imaging,
802350,Aorta-femoro-popliteal arteriyografi,imaging,
802351,Bronşial arteriografi,imaging,
802360,"Aortografi, torakal",imaging,
802370,"Aortografi, abdominal",imaging,
802380,Coliak anjiyografi ve arteriel portografi,imaging,
802390,"Selektif renal anjiyografi, iki taraf",imaging,
802400,İnferior mezenterik anjiyografi,imaging,
802430,Pelvik arteriyografi,imaging,
802440,Pulmoner anjiyografi,imaging,
802450,Superior mezenterik anjiyografi,imaging,
802460,"Üst ekstremite arteriografi, tek taraf",imaging,
802470,"Femoro-popliteal arteriyografi, tek taraf",imaging,
802480,"Selektif renal anjiyografi, tek taraf",imaging,
802490,Translomber aorto-femoro-popliteal arteriyografi,imaging,
802500,Transplant renal anjiyografi,imaging,
802510,Amytal Testi (VADA),imaging,
802520,Arkus aortografi,imaging,
802530,"Selektif karotid anjiyografi, iki taraf",imaging,
802540,4 sistem selektif serebral anjiyografi,imaging,
802550,Orbital flebografi,imaging,
802560,Petrozal sinüs kan örneklemesi,imaging,
802570,"Selektif vertebral anjiyografi, iki taraf",imaging,
802580,Spinal anjiyografik tarama,imaging,
802590,"Selektif karotid anjiyografi, tek taraf",imaging,
802600,Diyaliz fistülogram,imaging,
802610,Hepatik venografi ve wedge venografi,imaging,
802620,"Sürrenal venografi, iki taraf",imaging,
802630,"Gonadal venografi, iki taraf",imaging,
802640,İnferior veya superior vena kavagrafi,imaging,
802650,Portal venöz kan örneklemesi,imaging,
802660,Renal venografi ve renal ven kan örnekleri alınması,imaging,
802670,Santral venöz kateter patensi kontrastlı değerlendirmesi,imaging,
802680,Splenoportografi,imaging,
802690,"Sürrenal venografi, tek taraf",imaging,
802700,"Gonadal venografi, tek taraf",imaging,
802701,Adrenal venöz örnekleme,imaging,
802702,Paratiroid venöz örnekleme,imaging,
802703,"Pelvik venografi, iki taraf",imaging,
802710,"Venografi, alt ekstremite, tek taraf",imaging,
802720,"Venografi, üst ekstremite, tek taraf",imaging,
802730,Aortik stent-greft uygulaması,therapeutic,
802740,Beyin AVM embolizasyonu / AV Fistül Tedavileri,therapeutic,
802750,Diğer organ ve Tümör Embolizasyon Tedavileri,therapeutic,
802755,Periferik damar embolizasyonu,therapeutic,
802760,Endovasküler Serebral Anevrizma Tedavisi,therapeutic,
802770,Geçici Kateter Yerleştirilmesi,therapeutic,
802780,Perkütan Translüminal Anjiyoplasti (PTA) işlemleri,therapeutic,
802790,"Pseudoanevrizma tedavisi, renkli Doppler ile",therapeutic,
802800,Selektif Trombolitik Tedavi İşlemleri,therapeutic,
802810,Subkütan Port Çıkarılması,therapeutic,
802820,Subkütan Port Yerleştirilmesi,therapeutic,
802830,Supraaortik / Visseral İntravasküler Stent Yerleştirilmesi,therapeutic,
802831,İnfraaortik stent yerleştirilmesi,therapeutic,
802840,Transarteriyel Kemo-Embolizasyon Tedavileri (TAKE),therapeutic,
802850,Transjuguler Intrahepatik Porto-Sistemik Şant (TIPS),therapeutic,
802860,Tünelli Kateter Çıkarılması,therapeutic,
802870,Tünelli Kateter Yerleştirilmesi,therapeutic,
802880,Vena Kavaya Filtre / Stent Yerleştirilmesi,therapeutic,
802890,"Periferik aterektomi, trombektomi veya lazer, tek lezyon",therapeutic,
802891,Akut inmede trombektomi,therapeutic,
802892,"Perkütan Farmakomekanik Tromboliz/Trombektomi, ven, tek lezyon",therapeutic,
802893,"Perkütan Farmakomekanik Tromboliz/Trombektomi, Pulmoner Arter, tek lezyon",therapeutic,
802900,Kemik dansitometresi (Lokal),imaging,
802910,"Kemik dansitometresi, tüm vucut",imaging,
802920,"Dakriyosistoplasti, balon ile",therapeutic,
802930,Görüntüleme eşliğinde biyopsi (Kalın ya da ince iğne),therapeutic,
802940,Gastrointestinal stent yerleştirilmesi,therapeutic,
802950,"İnvajinasyon, baryumlu kolon ile redüksiyon",therapeutic,
802960,"İnvajinasyon, ultrason eşliğinde redüksiyon",therapeutic,
802970,Nazolakrimal kanala stent yerleştirilmesi,therapeutic,
802971,"Nazojejunal beslenme tüpü yerleştirilmesi, floroskopi eşliğinde",therapeutic,
802980,Özefagus dilatasyonu.,therapeutic,
802990,Perkütan akciğer absesi drenajı,therapeutic,
803000,Perkütan alkol ablasyon tedavisi,therapeutic,
803010,Perkütan ampiyem drenajı,therapeutic,
803020,Perkütan apse drenajı,therapeutic,
803030,"Perkütan asit, plevral effüzyon drenajı",therapeutic,
803040,Perkütan bilier drenaj,therapeutic,
803050,Perkütan bilier stent konması,therapeutic,
803060,Perkütan bilier taş çıkarılması,therapeutic,
803070,Perkütan çölyak ganglion blokajı,therapeutic,
803080,Perkütan enterik fistül tedavisi,therapeutic,
803090,Perkütan gastrojejunostomi,therapeutic,
803100,Perkütan gastrostomi,therapeutic,
803110,"Perkütan kist hidatik tedavisi, tek lezyon",therapeutic,
803120,Perkütan koledok dilatasyonu,therapeutic,
803130,Perkütan koleksiyon/kist tedavisi,therapeutic,
803140,Perkütan lenfosel tedavisi,therapeutic,
803150,Perkütan nefrostomi,therapeutic,
803160,Perkütan pankreatik kanal girişimleri,therapeutic,
803170,Perkütan pnömotoraks tedavisi,therapeutic,
803180,Perkütan psödokist tedavisi,therapeutic,
803190,Perkütan ablasyon tedavisi,therapeutic,
803191,Perkütan tümör ablasyon tedavisi,therapeutic,
803200,Perkütan renal kist ponksiyon ve tedavisi,therapeutic,
803210,Perkütan safra kesesi drenajı,therapeutic,
803220,Perkütan sistostomi,therapeutic,
803230,Perkütan sistoüretografi,therapeutic,
803240,Perkütan stenoz dilatasyonu,therapeutic,
803250,Perkütan transhepatik kolanjiyografi (PTK),therapeutic,
803260,Perkütan üreteral stent konması,therapeutic,
803270,Stent yerleştirilmesi,therapeutic,
803280,Streotaktik meme işaretleme,therapeutic,
803281,Stereotaktik vakumlu kor meme biyopsisi,therapeutic,
803290,Ultrasonografi eşliğinde parasentez (Tanısal),therapeutic,
803291,Ultrasonografi eşliğinde parasentez (Terapötik),therapeutic,
803292,Ultrasonografi eşliğinde torasentez (Tanısal),therapeutic,
803293,Ultrasonografi eşliğinde torasentez (Terapötik),therapeutic,
803300,Vertebroplasti,therapeutic,
803310,3-Boyutlu ultrasonografi,imaging,
803311,İlk üç ay ayrıntılı ultrasonografi,imaging,
803312,İkinci üç ay ayrıntılı ultrasonografi,imaging,
803320,Boyun US,imaging,
803330,"Renal US, dinamik",imaging,
803340,Eklem US ( Tek taraf),imaging,
803350,Endoskopik US,imaging,
803360,Follikülometri (transabdominal follikülometri ),imaging,
803370,Follikülometri (Transvajinal follikülometri ),imaging,
803390,Hepatobilier US,imaging,
803400,İntravasküler US (IVUS),imaging,
803410,İntraoperatif US,imaging,
803420,Kalça eklemi US ( Tek taraf ),imaging,
803430,Meme US (Bilateral),imaging,
803440,Meme US (Unilateral),imaging,
803441,Elastografi US,imaging,
803450,Obstetrik US,imaging,
803460,Orbita US (Bilateral ) (A veya B mod),imaging,
803470,Parotis bezi US,imaging,
803480,Renal US,imaging,
803490,Skrotal US,imaging,
803500,Submandibuler bez US,imaging,
803510,Tiroid US,imaging,
803520,Toraks US,imaging,
803530,Transkranial veya transfontanel US,imaging,
803540,Transrektal US,imaging,
803550,Transvajinal US,imaging,
803560,Suprapubik pelvik US,imaging,
803570,"Abdomen US, tüm",imaging,
803580,Üriner sistem US,imaging,
803590,"Abdomen US, üst",imaging,
803600,Yüzeyel doku US,imaging,
803601,"Ultrason, diğer",imaging,
803602,"Ultrason, genel",imaging,
803610,3-boyutlu renkli Doppler ultrasonografi,imaging,
803620,Abdominal aorta renkli Doppler US,imaging,
803630,Abdominal renkli Doppler US,imaging,
803640,"Alt ekstremite perforan ven renkli Doppler US, tek taraflı",imaging,
803650,Fötal biyometri ve biyofizik skorlama,imaging,
803670,İntraoperatif renkli Doppler US,imaging,
803680,"Karotis renkli Doppler US (Tek, bilateral)",imaging,
803690,Kitle lezyonu renkli Doppler US,imaging,
803700,Meme renkli Doppler US,imaging,
803710,Obstetrik renkli Doppler US,imaging,
803720,Orbita renkli Doppler US,imaging,
803730,Pelvik renkli Doppler US,imaging,
803740,Penil renkli Doppler US,imaging,
803750,Portal ven renkli Doppler US,imaging,
803760,"Renal renkli Doppler US (Tek, Bilateral)",imaging,
803770,Skrotal renkli Doppler US,imaging,
803780,"Alt ekstremite arteriel sistem RDUS, tek taraflı",imaging,
803790,"Alt ekstremite venöz sistem RDUS, tek taraflı",imaging,
803800,"Üst ekstremite arteriel sistem RDUS, tek taraflı",imaging,
803810,"Üst ekstremite venöz sistem RDUS, tek taraflı",imaging,
803820,Tiroid bezi renkli Doppler US,imaging,
803830,Transkranial veya transfontanel renkli Doppler,imaging,
803840,Transrektal renkli Doppler,imaging,
803850,"Vertebral arter renkli Doppler US (Tek, bilateral)",imaging,
803860,Vezikoüreteral reflüks renkli Doppler US,imaging,
803861,"Doppler US, diğer",imaging,
901980,Karanlık alan incelemesi,laboratory,
904110,Üreaz testi (Helicobacter pylori),laboratory,
904840,"İnvitro ilaç duyarlılığı, her bir ilaç",laboratory,
905090,"Nükleik asit teknolojisi ile (NAT) HBs, HCV, HIV1 tayini",laboratory,
905590,Actinomyces kültürü,laboratory,
905600,Anaerob kültür,laboratory,
905610,Antibiyotik duyarlılık testi,laboratory,
905640,"Antifungal duyarlılık (E test), her biri",laboratory,
905650,"Antifungal duyarlılık testi, her biri",laboratory,
905660,"Antituberküloz duyarlılık (E test), her biri",laboratory,
905661,Aspirat Kültürü,laboratory,
905670,Boğaz kültürü,laboratory,
905671,İdrar Kültürü,laboratory,
905672,Gaita kültürü,laboratory,
905673,Kulak kültürü,laboratory,
905674,Yara kültürü,laboratory,
905675,Balgam Kültürü,laboratory,
905676,Vagen cerviks,laboratory,
905677,Burun kültürü,laboratory,
905678,Diğer kültürler,laboratory,
905679,Konjunktiva kültürü,laboratory,
905680,Bakteri tanımlanması,laboratory,
905690,Bakteri tanımlanması (Otomatik sistem ),laboratory,
905691,Otomatik rezidüel antimikrobiel aktivite,laboratory,
905700,Bakteri tanımlanması (Yarı otomatik sistem),laboratory,
905710,Bakteri tanımlanması ve duyarlılık testi (Otomatik sistem ),laboratory,
905720,Bakteri tanımlanması ve duyarlılık testi (Yarı otomatik sistem),laboratory,
905730,Beyin omurilik sıvısı (BOS) kültürü (Özel zenginleştirme ile),laboratory,
905740,Boğmaca kültürü,laboratory,
905750,BOS lateks aglütinasyon testi,laboratory,
905760,"Boyalı mikroskopik inceleme (Gram, M.mavisi, Wright, Ziehl-Neelsen, vb)",laboratory,
905770,Boyasız direkt mikroskobik inceleme,laboratory,
905780,Campylobacter kültürü,laboratory,
905800,Chlamydia kültürü,laboratory,
905810,Clostridium difficile kültürü,laboratory,
905820,Cryptococcus neoformans antijeni,laboratory,
905830,Cryptosporidium antijeni,laboratory,
905840,Çevresel allerjenik mantar saptanması,laboratory,
905850,Difteri kültürü,laboratory,
905860,"Direkt parazit incelenmesi, cihaz ile",laboratory,
905870,"Direkt parazit incelenmesi, manuel",laboratory,
905871,Doku Biyopsi Kültürü,laboratory,
905880,E.coli 0157 H7 kültürü,laboratory,
905881,Eklem Sıvısı Kültürü,laboratory,
905890,"Eritrosit antijenleri (C, c, K, E, e gibi), her bir antijen",laboratory,
905900,Ev tozu (Mite) akarlarının aranması,laboratory,
905930,"Gaitada gizli kan aranması, manuel",laboratory,
905931,"Gaitada gizli kan aranması, otomatik cihaz ile",laboratory,
905940,Gardnerella vaginalis kültürü,laboratory,
905950,Genişletilmiş spektrumlu beta laktamaz (ESBL),laboratory,
905960,Genişletilmiş spektrumlu beta laktamaz (ESBL) ve sinerji (E test),laboratory,
905970,Gonokok kültürü,laboratory,
905980,Grup A streptokok tayini (Lateks veya ELISA),laboratory,
905990,Haemophilus kültürü,laboratory,
906000,Helicobacter pylori kültürü,laboratory,
906001,Kanda Parazit Arama,laboratory,
906010,Kan kültürü (Aerob-anaerob),laboratory,
906020,Kan kültürü (Aerob-anaerob) otomatik sistem,laboratory,
906040,Katalaz testi,laboratory,
906041,Kateter Kültürü,laboratory,
906060,Kültür ve antibiyotik duyarlık testi (KAHT),laboratory,
906070,Legionella kültürü,laboratory,
906080,Leishmania (Kan yayması),laboratory,
906090,Leishmania kültürü,laboratory,
906091,Mantar Aranması (KOH ile ),laboratory,
906120,Mantar kültürü,laboratory,
906130,Mantar tanımlanması (Otomatik sistem ),laboratory,
906140,Mantar tanımlanması ve antifungal duyarlılık testi (otomatik sistem ),laboratory,
906141,Mikobakteri Aranması (ARB) Direkt mikroskopi,laboratory,
906150,"Mikobakteri antibiyotik duyarlılık testi (Otomatik sistem), her biri",laboratory,
906160,Mikobakteri kültürü,laboratory,
906170,Mikobakteri kültürü (Üreme kontrollü otomatik sistem),laboratory,
906180,Mikobakteri tiplendirmesi,laboratory,
906190,Mikoplasma kültürü,laboratory,
906200,Mikrotüp dilüsyonuyla antibiyotik duyarlılık testi,laboratory,
906210,Minimal bakterisidal konsantrasyon (MBC),laboratory,
906220,Minimal inhibitör konsantrasyonu (E testi ile),laboratory,
906221,Nazofarenks Kültürü,laboratory,
906222,Periton Sıvı Kültürü,laboratory,
906223,Plevral Sıvı Kültürü,laboratory,
906224,Safra Sıvısı Kültürü,laboratory,
906240,Serum antibiotik bakterisidal aktivite,laboratory,
906250,Solunum sekresyonlarının kantitatif kültürü,laboratory,
906260,Streptokok grup tayini,laboratory,
906270,Trichomonas kültürü,laboratory,
906271,Tricrom boyama,laboratory,
906280,Ureaplasma kültürü,laboratory,
906290,VDRL-RPR,laboratory,
906320,Adacık hücre antikoru (Islet cell antikoru-ICA),laboratory,
906330,Adenovirus antijeni,laboratory,
906340,Anti asetilkolin reseptör antikoru,laboratory,
906350,Anti CMV IgG (ELISA),laboratory,
906360,Anti CMV IgG (Mikropartikül immün assay-MEIA veya benzeri),laboratory,
906370,Anti CMV IgM (Mikropartikül immün assay-MEIA veya benzeri),laboratory,
906380,Anti CMV lgM (ELISA),laboratory,
906390,Anti DNA,laboratory,
906400,Anti DNAse B,laboratory,
906410,Anti ds DNA,laboratory,
906420,Anti düz kas antikoru (ASMA),laboratory,
906430,Anti endomisyum antikor,laboratory,
906440,Anti fosfatidilserin IgA,laboratory,
906450,Anti fosfatidilserin IgG,laboratory,
906460,Anti fosfatidilserin IgM,laboratory,
906470,Anti fosfolipid IgG,laboratory,
906480,Anti fosfolipid IgM,laboratory,
906490,Anti Gliadin lgA,laboratory,
906500,Anti Gliadin lgG,laboratory,
906510,Anti HAV IgG (Mikropartikül immün assay-MEIA veya benzeri),laboratory,
906520,Anti HAV IgG (ELISA),laboratory,
906530,Anti HAV IgM (Mikropartikül immün assay-MEIA veya benzeri),laboratory,
906540,Anti HAV IgM (ELISA),laboratory,
906550,Anti Hbc IgG (ELISA),laboratory,
906560,Anti Hbc IgG (Mikropartikül immün assay-MEIA veya benzeri),laboratory,
906570,Anti HBc IgM (ELISA),laboratory,
906580,Anti HBc IgM (Mikropartikül immün assay-MEIA veya benzeri),laboratory,
906590,Anti Hbe (ELISA),laboratory,
906600,Anti HBe (Mikropartikül immün assay-MEIA veya benzeri),laboratory,
906610,Anti HBs (ELISA),laboratory,
906620,Anti HBs (Mikropartikül immün assay-MEIA veya benzeri),laboratory,
906630,Anti HCV (ELISA),laboratory,
906640,Anti HCV (Mikropartikül immün assay-MEIA veya benzeri),laboratory,
906650,Anti Hepatit E (HEV),laboratory,
906660,Anti HIV (ELISA),laboratory,
906670,Anti HIV (Kemiluminesans veya benzeri),laboratory,
906680,Anti HIV Core,laboratory,
906690,Anti HIV Envelope,laboratory,
906700,Anti histon antikor,laboratory,
906710,Anti insülin antikor,laboratory,
906720,Anti Jo-1,laboratory,
906730,Anti kardiyolipin lgG,laboratory,
906740,Anti kardiyolipin lgM,laboratory,
906750,Anti mikrozomal antikor,laboratory,
906760,Anti mitokondriyal antikor (AMA),laboratory,
906770,Anti nötrofil sitoplazmik antikor profil,laboratory,
906780,Anti nükleer antikor (ANA),laboratory,
906790,Anti pariyetal antikor (APA),laboratory,
906800,Anti ribozomal P protein,laboratory,
906810,Anti rubella IgG (ELISA),laboratory,
906820,Anti rubella IgG (Kemiluminesans veya benzeri),laboratory,
906830,Anti rubella IgM (ELISA),laboratory,
906840,Anti rubella IgM (Kemiluminesans veya benzeri),laboratory,
906850,Anti Scl 70,laboratory,
906870,Anti Sm D1,laboratory,
906880,Anti tiroglobulin antikor,laboratory,
906890,Anti toxoplazma IgA,laboratory,
906900,Anti toxoplazma IgG (ELISA),laboratory,
906910,Anti toxoplazma IgG (Kemiluminesans veya benzeri),laboratory,
906920,Anti toxoplazma IgM (ELISA),laboratory,
906930,Anti toxoplazma IgM (Kemiluminesans veya benzeri),laboratory,
906940,Anti trombin 3 antijeni,laboratory,
906950,Antifosfolipid antikor,laboratory,
906960,Anti-GAD antikoru,laboratory,
906970,Anti-HCV (Doğrulama dahil),laboratory,
906980,Anti-Jo1 (İmmunoblotting),laboratory,
906990,Anti-Scl 70 (İmmunoblotting),laboratory,
907000,Anti-Sm (İmmunoblotting),laboratory,
907010,Anti-Sm/RNP (İmmunoblotting),laboratory,
907020,Anti-SSA (İmmunoblotting),laboratory,
907021,Anti-SSA (ELISA),laboratory,
907030,Anti-SSB (İmmunoblotting),laboratory,
907031,Anti-SSB (ELISA),laboratory,
907040,Borrelia burgdorferi antikor (Western blot),laboratory,
907050,Borrelia burgdorferi IgG,laboratory,
907060,Borrelia burgdorferi IgM,laboratory,
907070,Brucella aglütinasyon testi (Rose Bengal),laboratory,
907080,Brucella aglütinasyonu (Coombs antiserumu ile),laboratory,
907090,Brucella tüp aglütinasyonu,laboratory,
907091,Brucella Ig G (ELISA),laboratory,
907092,Brucella Ig M (ELISA),laboratory,
907100,Candidomannan,laboratory,
907101,Cyclic citrullinated peptide (CCP),laboratory,
907120,Chlamydia pneumonia IgA,laboratory,
907130,Chlamydia pneumoniae IgG,laboratory,
907140,Chlamydia pneumoniae IgM,laboratory,
907150,Chlamydia trachomatis antijeni,laboratory,
907160,Chlamydia trachomatis IgG,laboratory,
907170,Chlamydia trachomatis IgM,laboratory,
907180,Clostridium difficile toxin-A,laboratory,
907190,Clostridium difficile toxin-A ve B,laboratory,
907200,CMV antijenemia viral yük (IFA),laboratory,
907210,CMV Early antigen,laboratory,
907220,CMV IgG avidite,laboratory,
907221,Covid-19 Antijeni (SARS-CoV-2),laboratory,
907222,Covid-19 (SARS-CoV-2) IgG,laboratory,
907223,Covid-19 (SARS-CoV-2) IgM,laboratory,
907230,Delta antijeni,laboratory,
907240,Delta antikoru,laboratory,
907250,Difteri antitoksin,laboratory,
907260,E.coli O157 H7 (Lateks aglütinasyon),laboratory,
907280,EBV EA,laboratory,
907290,EBV EBNA lgG,laboratory,
907310,EBV VCA lgG,laboratory,
907320,EBV VCA lgM,laboratory,
907330,EHEC toksin,laboratory,
907340,Ekstrakte edilebilir nükleer antijene karşı antikor (anti-ENA),laboratory,
907350,Entamoeba histolyica adezin antijeni (Dışkı),laboratory,
907360,Entamoeba histolyica antikor (İHA),laboratory,
907370,Enterik adenovirus antijeni,laboratory,
907380,E-rozet testi,laboratory,
907390,Galaktomannan antijeni,laboratory,
907400,Giardia antijeni,laboratory,
907410,HBeAg (ELISA),laboratory,
907420,HBeAg (Kemoluminesans veya benzeri),laboratory,
907430,HBsAg (CARD test),laboratory,
907440,HBsAg (ELISA),laboratory,
907450,HBsAg (Kemoluminesans veya benzeri),laboratory,
907460,HCV (CARD test),laboratory,
907470,HCV (ELISA),laboratory,
907480,HCV (Kemoluminesans veya benzeri),laboratory,
907490,Helicobacter pylori direk antijen,laboratory,
907500,Helicobacter pylori IgA (ELISA),laboratory,
907510,Helicobacter pylori IgG (ELISA),laboratory,
907520,Herpes simpleks tip 1 IgG,laboratory,
907530,Herpes simpleks tip 1 IgM,laboratory,
907540,Herpes simpleks tip 1/2 IgG,laboratory,
907550,Herpes simpleks tip 1/2 IgM,laboratory,
907560,Herpes simpleks tip 2 IgG,laboratory,
907570,Herpes simpleks tip 2 IgM,laboratory,
907580,Heterofil antikor deneyi,laboratory,
907590,HIV 1/2 (Hızlı test),laboratory,
907600,HIV doğrulama (Western-blot),laboratory,
907610,HIV konfirmasyon,laboratory,
907620,IgA (Nefelometrik ),laboratory,
907621,IgA Türbidimetrik),laboratory,
907630,IgG (Nefelometrik ),laboratory,
907631,IgG (Türbidimetrik),laboratory,
907640,IgM (Nefelometrik),laboratory,
907641,IgM (Türbidimetrik),laboratory,
907660,İnfluenza virus antijeni,laboratory,
907680,Kabakulak antikoru (Hemaglütinasyon önlenim),laboratory,
907690,Kabakulak IgG (ELISA),laboratory,
907700,Kabakulak IgM (ELISA),laboratory,
907710,Kızamık lgG,laboratory,
907720,Kızamık lgM,laboratory,
907730,Kist hidatik (İndirekt hemaglütinasyon),laboratory,
907740,Kollajen Tip I C Terminal (CICP),laboratory,
907750,Legionella antijeni (İdrar),laboratory,
907760,Legionella pneumophila antijeni,laboratory,
907770,Legionella pneumophila IgG (ELISA),laboratory,
907780,Legionella pneumophila IgM (ELISA),laboratory,
907790,lg G alt sınıfları,laboratory,
907800,Listeria aglütinasyonu,laboratory,
907810,Liver kidney mikrozomal antikor (IFA),laboratory,
907820,Malaria hızlı test (Labor),laboratory,
907840,MPO ANCA,laboratory,
907850,Mycoplasma pneumonia antijeni,laboratory,
907860,Mycoplasma pneumonia IgG (ELISA),laboratory,
907870,Mycoplasma pneumoniae IgM (ELISA),laboratory,
907871,Nükleosom,laboratory,
907880,p-ANCA (Antimiyeloperoksidaz) (ELISA),laboratory,
907890,Parainfluenza virus antijeni,laboratory,
907900,Parvovirus B19 IgG,laboratory,
907910,Parvovirus B19 IgM,laboratory,
907920,Plasmodium aranması (Kalın damla-periferik yayma),laboratory,
907930,Pneumocystis jirovecii antijeni,laboratory,
907940,Pnömokok antikor,laboratory,
907950,PR3 ANCA,laboratory,
907970,Romatoid faktör (RF) (Lateks aglütinasyon),laboratory,
907980,Rotavirus antijeni,laboratory,
907990,Rubella antikor,laboratory,
908000,Rubella IgG avidite,laboratory,
908010,S-adezyon molekulleri (Her biri),laboratory,
908020,Salmonella tüp aglütinasyonu (Gruber-Widal),laboratory,
908030,Sitokin ölçümü (Her bir sitokin için),laboratory,
908040,Solunum sinsityal virusu (RSV) antijeni,laboratory,
908045,Strep.pyogenez hızlı polimeraz zincir reaksiyon testi,laboratory,
908050,Tetanoz antikor,laboratory,
908060,Toxoplasma hemaglütinasyon testi,laboratory,
908070,Toxoplasma IgG avidite,laboratory,
908080,Toxoplasma immünfloresan,laboratory,
908090,Treponema pallidum hemaglütinasyon (TPHA),laboratory,
908100,Varicella zoster virus (VZV) Ig G,laboratory,
908110,Varicella zoster virus (VZV) Ig M,laboratory,
908111,Adenovirus PCR,laboratory,
908112,Aspergillus PCR,laboratory,
908113,BK virüs PCR,laboratory,
908114,Bordatella PCR,laboratory,
908115,Covid-19 (SARS-CoV-2) PCR,laboratory,
908120,Candida PCR,laboratory,
908121,Campylobacter PCR,laboratory,
908122,Clostridium difficile PCR,laboratory,
908130,Chlamydia PCR,laboratory,
908140,CMV PCR,laboratory,
908141,CMV İlaç Direnci,laboratory,
908142,Cryptosporidium PCR,laboratory,
908143,EBV PCR,laboratory,
908150,HBV PCR,laboratory,
908151,HBV İlaç Direnci,laboratory,
908160,HCV genotiplendirme,laboratory,
908170,HCV PCR,laboratory,
908171,HDV PCR,laboratory,
908172,HCV İlaç Direnci,laboratory,
908180,Helicobacter PCR,laboratory,
908200,"Herpes PCR, her biri",laboratory,
908201,HEV PCR,laboratory,
908210,HIV PCR,laboratory,
908211,HIV İlaç Direnci,laboratory,
908230,Human papilloma virus (HPV) PCR,laboratory,
908231,"İnfluenza virüs PCR, her biri",laboratory,
908232,JC virüs PCR,laboratory,
908280,Legionella PCR,laboratory,
908290,Mikobakteri PCR,laboratory,
908301,"Mikobakteri İlaç Direnci, moleküler tanısı",laboratory,
908320,Mycoplasma PCR,laboratory,
908330,Parvovirus B-19 PCR,laboratory,
908331,Plasmodium PCR,laboratory,
908332,Pneumocystis jirovecii PCR,laboratory,
908333,"Respiratuvar sinsityal virüs (RSV) PCR, her biri",laboratory,
908334,Toxoplasma PCR,laboratory,
908335,Cinsel Yolla Bulaşan Enfeksiyon Paneli,laboratory,
908336,Gastrointestinal Sistem Enfeksiyon Paneli,laboratory,
908337,Menenjit Paneli (BOS),laboratory,
908338,Solunum Sistemi Enfeksiyon Paneli,laboratory,
908339,Real Time PCR,laboratory,
909210,İmprint,laboratory,
909250,Filtre preparatı hazırlanması ve incelenmesi,laboratory,
909260,Hücre bloğu hazırlanması ve incelenmesi,laboratory,
909300,İnce iğne aspirasyonu sitolojisinin değerlendirilmesi,laboratory,
909330,Sıvı bazlı sitoloji,laboratory,
909340,Servikal veya vajinal sitoloji,laboratory,
909360,Vücut sıvıları ve eksfoliatif sitoloji,laboratory,
909410,Abortus,laboratory,
909430,Apse materyali,laboratory,
909440,"Akciğer, transbronşial biyopsi",laboratory,
909450,"Anevrizma, arteryal/ventriküler",laboratory,
909460,"Anüs, polipoid gelişme (Tag)",laboratory,
909470,"Apendiks, insidental",laboratory,
909480,"Arter, aterom plağı",laboratory,
909490,Bartholin bezi kisti,laboratory,
909500,"Bronkus, biyopsi",laboratory,
909510,Bursa/ synovial kist,laboratory,
909520,"Burun mukozası, biyopsi",laboratory,
909530,"Burun, sinüs polipleri inflammatuar",laboratory,
909540,"Deri, punch/insizyonel/shave biyopsi",laboratory,
909550,Divertikul-özefagus/ince barsak,laboratory,
909560,"Duodenum, biyopsi",laboratory,
909570,Dupuytren kontraktürü dokusu,laboratory,
909580,"Eklem, gevşek cisim",laboratory,
909590,"Endometrium, küretaj/biyopsi",laboratory,
909600,"Endoserviks, küretaj/biyopsi",laboratory,
909605,Epididim kist eksizyonu,laboratory,
909610,"Femur başı, kırık dışında",laboratory,
909620,Fissür/fistül,laboratory,
909630,Ganglion kisti,laboratory,
909640,Hematom,laboratory,
909650,Hemoroidler,laboratory,
909660,"Herni kesesi, herhangi bir bölgede",laboratory,
909670,Hidrosel kesesi,laboratory,
909680,"İnce barsak, biyopsi",laboratory,
909690,İntervertebral disk,laboratory,
909700,Karpal tünel dokusu,laboratory,
909720,"Kemik iliği, biyopsi",laboratory,
909730,"Kıkırdak, shaving",laboratory,
909740,Kolesteatoma,laboratory,
909750,"Kolon, kolostomi stoması",laboratory,
909760,"Kolon, biyopsi tek lokalizasyon",laboratory,
909770,"Konjonktiva, biyopsi/pterygium",laboratory,
909780,Kornea,laboratory,
909790,"Larinks, biyopsi",laboratory,
909800,Menisküs,laboratory,
909810,"Mesane, biyopsi",laboratory,
909820,"Mide, biyopsi tek lokalizasyon",laboratory,
909830,"Mukosel, tükrük",laboratory,
909840,"Nazofarinks/orofarinks, biyopsi",laboratory,
909850,Nöroma-morton/travmatik,laboratory,
909860,"Özofagus, biyopsi",laboratory,
909870,Paratubal kistler (Morgagni hidati),laboratory,
909880,"Parmaklar, el / ayak, amputasyon, travmatik, iskemik",laboratory,
909885,Peyronie plak,laboratory,
909890,Pilonidal kist/sinüs,laboratory,
909900,Plasenta,laboratory,
909910,Plevra/perikard-biyopsi,laboratory,
909920,"Polip, kolorektal",laboratory,
909930,"Polip, mide/ince barsak",laboratory,
909940,"Polip, servikal/endometrial",laboratory,
909950,"Prostat, iğne biyopsisi",laboratory,
909960,Safra kesesi,laboratory,
909970,Sempatik ganglion,laboratory,
909980,"Sinir, vagotomi ve benzeri girişim",laboratory,
909990,"Sinüs, paranasal biyopsi",laboratory,
910000,Spermatosel,laboratory,
910010,Sünnet derisi,laboratory,
910030,"Tendon/ tendon kılıfı, tümör dışı",laboratory,
910040,Testiküler apendiks,laboratory,
910050,"Testis, kastrasyon",laboratory,
910060,Tonsil ve/veya adenoidler,laboratory,
910080,"Trakea, biyopsi",laboratory,
910090,Trombüs veya embolus,laboratory,
910100,"Tuba uterina, biyopsi ve sterilizasyon",laboratory,
910110,"Üreter, biyopsi",laboratory,
910120,Üretra biyopsi,laboratory,
910121,Üretral divertikül eksizyonu,laboratory,
910130,"Vajina, biyopsi",laboratory,
910150,Varikosel,laboratory,
910160,Vas deferens,laboratory,
910180,"Ven, varis",laboratory,
910190,"Yumuşak doku, debridman",laboratory,
910200,Yumuşak doku lipom eksizyonu veya biyopsi,laboratory,
910220,Ağız mukozası/gingiva biyopsi,laboratory,
910230,"Apendiks, insidental dışında",laboratory,
910240,"Arter, biyopsi",laboratory,
910250,"Beyin meninksler, tümör rezeksiyonu dışında",laboratory,
910260,"Böbrek, biyopsi iğne",laboratory,
910270,"Deri, eksizyonel biyopsi 1-2 lezyon",laboratory,
910280,"Dil, biyopsi",laboratory,
910290,Diş / odontojenik kist,laboratory,
910300,"Dudak, biyopsi/wedge (Kama) rezeksiyonu",laboratory,
910310,"Eklem, rezeksiyon",laboratory,
910320,"Ekstremite, amputasyon, travmatik",laboratory,
910325,Epididim rezeksiyonu,laboratory,
910330,"Femur başı, kırık",laboratory,
910335,Hematosel eksizyonu,laboratory,
910340,Hipofiz tümörü,laboratory,
910350,Kalp kapakçığı,laboratory,
910360,"Karaciğer, biyopsi iğne / Wedge (Kama)",laboratory,
910365,Kardiyak tümör rezeksiyonu,laboratory,
910370,"Kas, biyopsi",laboratory,
910380,"Kemik, ekzositoz",laboratory,
910390,"Lenf düğümü, biyopsi",laboratory,
910400,"Meme, biyopsi",laboratory,
910410,Meme/reduksiyon mammoplasti,laboratory,
910420,"Myom (lar), myomektomi, uterus hariç",laboratory,
910430,"Omentum, biyopsi",laboratory,
910431,Omentum rezeksiyonu,laboratory,
910440,"Over, biyopsi/wedge (Kama) rezeksiyonu",laboratory,
910450,"Over (+ /- Tuba), neoplastik değil",laboratory,
910460,"Pankreas, biyopsi",laboratory,
910470,Paratiroid bezi,laboratory,
910480,"Parmak el / ayak, amputasyon, travma dışı",laboratory,
910485,Penis rezeksiyonu parsiyel,laboratory,
910489,"Peritoneal veya mezenterik tümör, kist rezeksiyonu",laboratory,
910490,"Periton, biyopsi",laboratory,
910491,"Prostat, iğne biyopsisi",laboratory,
910500,"Prostat, TUR",laboratory,
910505,Plevral dekortikasyon,laboratory,
910508,"Seminal vezikül,rezeksiyon",laboratory,
910510,"Serviks, biyopsi",laboratory,
910520,"Sinir, biyopsi",laboratory,
910530,Synovium,laboratory,
910540,"Testis, biyopsi",laboratory,
910550,"Testis, tümör /biyopsi/kastrasyon dışında",laboratory,
910560,Tiroglossal kanal/brankial yarık kisti,laboratory,
910570,"Tuba uterina, ektopik gebelik",laboratory,
910580,"Tükrük bezi, biyopsi",laboratory,
910590,"Uterus, prolapsus için (+ /- Tuba ve overler)",laboratory,
910600,"Üreter, rezeksiyon",laboratory,
910603,Üretra rezeksiyon,laboratory,
910610,"Vulva/ labia, biyopsi",laboratory,
910620,Yumuşak doku basit eksz. lipom hariç,laboratory,
910640,"Adrenal (Sürrenal), rezeksiyon",laboratory,
910650,"Akciğer, kama biyopsisi",laboratory,
910660,"Beyin/meninksler, tümör rezeksiyonu",laboratory,
910670,"Beyin, biyopsi",laboratory,
910680,"Böbrek, parsiyel/total nefrektomi",laboratory,
910690,Dalak,laboratory,
910695,"Deri, eksizyonel biyopsi 3 ve üstü lezyon",laboratory,
910700,"Göz, enükleasyon/evisserasyon",laboratory,
910710,"İnce barsak, rezeksiyon, tümör dışında",laboratory,
910715,Kalp eksplantı,laboratory,
910720,"Karaciğer, kısmi rezeksiyon",laboratory,
910721,Karaciğer eksplantı,laboratory,
910730,Kemik-biyopsi/ küretaj materyali,laboratory,
910740,Kemik fragmanları,laboratory,
910750,"Kolon, segmental rezeksiyon, tümör dışı nedenle",laboratory,
910751,"Kolon, biyopsi çoklu lokalizasyon",laboratory,
910760,"Larinks, parsiyel/total rezeksiyon",laboratory,
910770,"Lenf düğümleri, regional rezeksiyon (Diseksiyon)",laboratory,
910780,"Mediasten, kitle",laboratory,
910790,"Meme,parsiyel/basit rezeksiyon",laboratory,
910800,"Mesane, TUR",laboratory,
910810,"Mide, subtotal/total rezeksiyon, tümör dışı nedenle",laboratory,
910811,"Mide, biyopsi çoklu lokalizasyon",laboratory,
910820,"Myokard, biyopsi",laboratory,
910830,Odontojenik tümör,laboratory,
910840,"Over, (+ /- Tuba), neoplastik",laboratory,
910845,Penis rezeksiyonu radikal,laboratory,
910851,"Prostat, iğne biyopsisi",laboratory,
910860,"Prostat, radikal rezeksiyon dışında",laboratory,
910861,Sentinel Lenf nodülü incelemesi,laboratory,
910870,"Serviks, konizasyon",laboratory,
910871,Stereotaktik beyin biyopsisi,laboratory,
910880,"Timus, tümör",laboratory,
910890,"Tiroid, total/lobektomi",laboratory,
910900,Tükrük bezi (Tümör dahil),laboratory,
910910,"Uterus, (+ /- Adneksler), tümör ve prolapus hariç",laboratory,
910930,"Akciğer, total/lob/segment rezeksiyonu",laboratory,
910940,Ağız/Dil/tonsil-tümör içeren rezeksiyon,laboratory,
910950,"Ekstremite, disartikülasyon",laboratory,
910951,Epilepsi ameliyatları materyali incelemesi,laboratory,
910960,"Fetus, diseksiyonla inceleme",laboratory,
910961,"Göz, eksentrasyon",laboratory,
910962,"İnce barsak, tümör için rezeksiyon",laboratory,
910965,Kalp-akciğer eksplantı,laboratory,
910970,"Kemik, rezeksiyon",laboratory,
910980,"Kolon, total rezeksiyon",laboratory,
910990,"Kolon, tümör için segmental rezeksiyon",laboratory,
911000,"Larinks, parsiyel/total + boyun lenf nodları",laboratory,
911001,Lobektomi beyin,laboratory,
911005,"Mandibulektomi/maksillektomi, her biri",laboratory,
911010,"Meme, mastektomi + aksilla lenf nodları",laboratory,
911020,"Mesane, parsiyel/total rezeksiyon",laboratory,
911030,"Mide, tümör için subtotal/total rezeksiyon",laboratory,
911040,"Özefagus, parsiyel/total rezeksiyon",laboratory,
911050,"Pankreas, total/subtotal rezeksiyon",laboratory,
911060,"Prostat, radikal rezeksiyon",laboratory,
911070,"Testis, tümör",laboratory,
911080,"Uterus, neoplastik (+ /- Tubalar ve overler)",laboratory,
911090,"Vulva, total/subtotal rezeksiyon",laboratory,
911100,"Yumuşak doku tümörü, geniş rezeksiyon",laboratory,
911110,Tahnit,laboratory,
911120,"Otopsi, tıbbi amaçlı",laboratory,
911130,"Otopsi, fetus",laboratory,
911150,Frozen İncelemesi,laboratory,
911160,Histokimyasal Boyamalar,laboratory,
911170,İmmünfloresan Mikroskopi,laboratory,
911180,İmmünhistokimyasal İnceleme,laboratory,
911190,Hazır boyalı preperat ve/veya parafin blok,laboratory,
911200,İn Situ Hibridizasyon için doku hazırlanması,laboratory,
911201,Kromojenik İn Situ Hibridizasyon,laboratory,
911210,Flow Sitometri İncelemesi için doku hazırlanması,laboratory,
911220,Bloktan Elektron Mikroskopik Kesit Hazırlanması,laboratory,
911230,Bloktan Işık Mikroskopi Kesit Hazırlanması,laboratory,
911240,Doku Örneğinin Blok Haline Getirilmesi,laboratory,
911250,Kesit görüntülerinin basılması (Her Resim İçin),laboratory,
911260,Kesitlerin Elektron Mikroskopik İncelenmesi,laboratory,
911290,Kromatografi ile yapılan tetkikler (Her biri),laboratory,
911300,İdrarda Hipp. Asit (Manuel),laboratory,
911310,Kanda Methemoglobin,laboratory,
911320,Kanda Çinkoprotoporfirin,laboratory,
911330,Kanda siyanür,laboratory,
911340,Kanda CoHB tayini,laboratory,
911350,Kanda Asetil Kolinesteraz,laboratory,
911360,İdrarda ALA-PROTO-PORFO,laboratory,
911370,İdrarda TCA ve TCE,laboratory,
911380,İdrarda Fenol,laboratory,
911390,EDTA Provakasyon testi,laboratory,
911400,Hastane ve işyerinde provakasyon,laboratory,
911430,İdrarda İOD Asit,laboratory,
911440,Atomik Abs. Cihazı ile yap. Tetkik (Biyolojik sıvılarda),laboratory,
911441,Atomik Abs. Cihazı ile yap. Tetkik (Dokuda),laboratory,
912000,Boğmaca İdentifikasyon Paneli,laboratory,
912010,Bordetella ELISA Ig G FHA,laboratory,
912020,Bordetella ELISA Ig G PT,laboratory,
912030,Clostridium difficile - doku kültürü toksin nötralizasyon testi,laboratory,
912040,Clostridium difficile Antijeni (Glutamat Dehidrogenaz),laboratory,
912050,Clostrodium difficile Antijeni+Toksin A,laboratory,
912060,Clostrodium difficile Toksin B (Doku Kültürü),laboratory,
912070,Difteri Antikoru Doku Kültürü Nötralizasyon Testi,laboratory,
912080,Difteri ELISA Ig G,laboratory,
912090,Difteri İdendifikasyon Paneli,laboratory,
912100,Doku Kültüründe İn vitro Toksin Testleri (Difteri Toksin Tesbiti),laboratory,
912110,E.coli Serotiplendirme,laboratory,
912120,ETEC Labil Toksin araştırılması,laboratory,
912130,ETEC Stabil Toksin araştırılması,laboratory,
912140,FTA-ABS,laboratory,
912150,FTA-ABS Ig M,laboratory,
912160,Haemophilus influenza antijenik tiplendirme,laboratory,
912170,Meningokok Kültürü,laboratory,
912180,Meningokok-Haemophilus hızlı antijen arama testi,laboratory,
912190,Neisseria menengitidis antijenik tiplendirme,laboratory,
912200,Neisseria-Hemophilus (NH) ileri identifikasyon testi,laboratory,
912210,Paul-Bunnel Testi,laboratory,
912220,PFGE,laboratory,
912230,Plazmit Profil Analizi,laboratory,
912240,Salmonella serotiplendirilmesi,laboratory,
912250,Shigella serotiplendirilmesi,laboratory,
912260,Vibrio cholerae Kültürü,laboratory,
912270,Vibrio cholerae Toksin testi,laboratory,
912280,Weil-felix,laboratory,
912290,Yersinia enterocolitica kültürü,laboratory,
912300,Filtre kağıdı kültürü- Harada Mori yöntemi (Nematod larvaları),laboratory,
912310,Gaitada konsantrasyon yöntemi ile parazit aranması (Yüzdürme ve/veya çöktürme),laboratory,
912320,Kato-katz (Helmint yumurtaları),laboratory,
912330,"Modifiye asit fast boyama (Cryptosporidium, Isospora, Cyclospora)",laboratory,
912340,Ascaris IHA,laboratory,
912350,Babesia IFAT IgG,laboratory,
912360,Babesia IFAT IgM,laboratory,
912370,Fasciola hepatica (Distamatoz) (IHA),laboratory,
912380,Filaria (Wuchereria bancrofti) dipstick,laboratory,
912390,Kist Hidatik (Echinococcus ) IFAT,laboratory,
912400,Kist Hidatik (Echinococcus ) ELISA IgG,laboratory,
912410,Kist Hidatik (Echinococcus ) Western Blot,laboratory,
912420,Leishmania Dipstick,laboratory,
912430,Leishmania ELISA IgM+IgG,laboratory,
912440,Leishmania FAST/DAT,laboratory,
912450,Leishmania IFA IgG,laboratory,
912460,Plasmodium dipsdick,laboratory,
912470,Sabin Feldman Dye testi (Toxoplasma),laboratory,
912480,Schistosoma IHA,laboratory,
912490,Toxocara canis ELISA IgG,laboratory,
912500,Trichinella spiralis ELISA IgG,laboratory,
912510,Anaplasma IFA IgG,laboratory,
912520,Antraks-Şarbon Kültürü,laboratory,
912530,Bacillus anthracis ELISA IgG,laboratory,
912540,Bartonella henselae (Kedi tırmığı) IFA,laboratory,
912550,"Bartonella ileri tanı paneli (Kültür, tiplendirme, antibiyotik duyarlılık)",laboratory,
912560,"Brucella ileri tanı paneli (Kültür, tiplendirme, antibiyotik duyarlılık)",laboratory,
912570,Coxiella burnetii (Q Fever) IFA IgG (faz II),laboratory,
912580,Coxiella burnetii (Q Fever) IFA Faz I+faz II IgG,laboratory,
912590,Coxiella burnetii (Q Fever) IFA IgM (faz II),laboratory,
912600,Erlichia /Anaplasma IFA IgM,laboratory,
912610,Erlichia IFA IgG,laboratory,
912620,Franciella tularensis Aglütinasyon Testi,laboratory,
912630,Franciella tularensis ELISA IgG,laboratory,
912640,Franciella tularensis ELISA IgM,laboratory,
912650,Franciella tularensis Kültür,laboratory,
912660,Leptospira ELISA IgG,laboratory,
912670,Leptospira ELISA IgM,laboratory,
912680,Anti-adenovirus IgG,laboratory,
912690,Anti-adenovirus IgM,laboratory,
912700,Anti-RSV IgG,laboratory,
912710,Anti-RSV IgM,laboratory,
912720,BOS IgG (Tek bir viruse spesifik),laboratory,
912730,BOS IgM (Tek bir viruse spesifik),laboratory,
912740,Doku kültüründe Kızamık antikor nötralizasyon Testi,laboratory,
912750,"Doku kültüründe Polio antikor nötralizasyon Testi (Poliovirus tip 1, 2, 3)",laboratory,
912760,HIV p24 antijeni,laboratory,
912770,Kırım - Kongo kanamalı ateş ELISA antijen,laboratory,
912780,Kırım - Kongo kanamalı ateş ELISA IgG,laboratory,
912790,Kırım - Kongo kanamalı ateş ELISA IgM,laboratory,
912800,Tick Borne EnsefalitVirusu IgG,laboratory,
912810,Tick Borne EnsefalitVirusu IgM,laboratory,
912820,Batı Nil Ateşi Virusu IgG,laboratory,
912830,Batı Nil Ateşi Virusu IgM,laboratory,
912840,Majör Anti-Tüberküloz İlaç Duyarlılık Testi (Her bir ilaç),laboratory,
912850,Minör Anti-Tüberküloz İlaç Duyarlılık Testi (Her bir ilaç),laboratory,
912860,Alkaloit Grubu Tayini,laboratory,
912870,Barbitürat Grubu Tayini,laboratory,
912880,Kanda alkol tayini (GC-Head Space),laboratory,
912890,Salisilat Düzeyi,laboratory,
P550970,Anüloplasti RFT,surgical,
P550981,"Faset Eklem RFT, tek",surgical,
P550991,Glossofaringeal RFT,surgical,
P551031,"Perkütan faset sinir denervasyon RFT, tek",surgical,
P551032,"Perkütan faset sinir denervasyon Kriyoablasyon, tek",surgical,
P551041,Perkütan intradiskal RFT,surgical,
P551061,RFT Nörotomi,surgical,
P551062,Kriyoablasyon Nörotomi,surgical,
P551071,Sakroiliyak eklem RFT,surgical,
P551072,Sakroiliyak eklem Kriyoablasyon,surgical,
P551084,Servikal Dorsal Root Gangliyonu RFT,surgical,
P551085,Torakal Dorsal Root Gangliyon (DRG)-RFT,surgical,
P551086,Lomber Dorsal Root Gangliyon (DRG)-RFT,surgical,
P551087,Sakral Dorsal Root Gangliyon (DRG) RFT,surgical,
P551091,Spenopalatin gangliyon RFT,surgical,
P551101,Stellat gangliyon RFT,surgical,
P551110,Trigeminal veya Gasser gangliyon RFT,surgical,
P551120,Epiduroskopi nöroplasti-adezyonolizis,surgical,
P552001,Birinci basamak yoğun bakım hastası,therapeutic,
P552002,İkinci basamak yoğun bakım hastası,therapeutic,
P552003,Üçüncü basamak yoğun bakım hastası,therapeutic,
P552006,Yenidoğan birinci basamak yoğun bakım hastası,therapeutic,
P552007,Yenidoğan ikinci basamak yoğun bakım hastası,therapeutic,
P552008,Yenidoğan üçüncü basamak yoğun bakım hastası,therapeutic,
P560000,Palyatif bakım tedavisi,therapeutic,
P600040,Malign deri tümörlerinin eksizyonu,surgical,
P600050,"Malign deri tümörlerinin eksizyonu, flep veya greft ile",surgical,
P600060,"Malign deri tümörlerinin eksizyonu, primer sütür ile",surgical,
P600150,"Yanaktan tümör eksizyonu, primer onarım",surgical,
P600160,"Yanaktan tümör eksizyonu, flep ile onarım",surgical,
P600170,Skar revizyonu,surgical,
P600200,"Hemanjiyom, lenfanjiyom veya vasküler malformasyon eksizyonu",surgical,
P600230,"Hemanjiyom, lenfanjiyom eksizyonu ve rekonstrüksiyonu, deri grefti ile",surgical,
P600300,Kısmi kalınlıkta deri grefti ile defekt onarımı,surgical,
P600330,"Kısmi kalınlıkta deri grefti ile defekt onarımı, ilave",surgical,
P600350,Kompozit greft uygulaması,surgical,
P600360,Mukoza grefti alınması,surgical,
P600370,Tam kalınlıkta deri grefti ile defekt onarımı,surgical,
P600400,Yağ grefti uygulaması,surgical,
P600410,"Abbe flebi, birinci seans",surgical,
P600420,"Abbe flebi, ikinci seans",surgical,
P600430,Ada flep şeklinde fasiyokütan flepler,surgical,
P600440,"Alın flebi, birinci seans",surgical,
P600450,"Alın flebi, ikinci seans",surgical,
P600460,Aynı alanda çoklu Z plasti teknikleri,surgical,
P600470,"Çapraz bacak flebi, birinci seans",surgical,
P600480,"Çapraz bacak flebi, ikinci seans",surgical,
P600490,"Çapraz parmak flebi, birinci seans",surgical,
P600500,"Çapraz parmak flebi, ikinci seans",surgical,
P600510,"Dil flebi, birinci seans",surgical,
P600520,"Dil flebi, ikinci seans",surgical,
P600530,"Doku genişletme uygulamaları, birinci seans",surgical,
P600540,"Doku genişletme uygulamaları, ikinci seans",surgical,
P600550,Fasiyokütan flep,surgical,
P600560,İki farklı doku içeren serbest kompozit flep,surgical,
P600570,İki loblu flep,surgical,
P600580,"İnterpolasyon flepleri, birinci seans",surgical,
P600590,"İnterpolasyon flepleri, ikinci seans",surgical,
P600600,Kas flebi,surgical,
P600610,Kas flebi ile birlikte deri grefti,surgical,
P600620,Kas-deri flebi,surgical,
P600630,K-M plasti,surgical,
P600640,"Limberg, Rhomboid, Karydakis flep ameliyatları",surgical,
P600650,Mukoza flebi,surgical,
P600660,Saçlı deri defektleri için rotasyon flebi,surgical,
P600670,Saçlı deri defektleri için transpozisyon flebi ile birlikte deri grefti,surgical,
P600680,Sakral defektler için bilateral V-Y ilerletme flebi,surgical,
P600690,Tek bir doku içeren serbest flep,surgical,
P600700,Tek loblu lokal deri flebi,surgical,
P600710,Üç farklı dokuyu birlikte içeren serbest flep,surgical,
P600720,V-Y ilerletme deri flebi,surgical,
P600730,Z-Plasti (Bir tek Z-plasti),surgical,
P600770,"Vasküler lezyon, eksizyonel lazer",surgical,
P600800,Deri tümörlerinde eksizyonel lazer,surgical,
P600830,"Pigmentli lezyon, eksizyonel olmayan lazer",surgical,
P600860,"‘Blow-out ‘ kırığı, orbita tabanına greft veya biyomateryal yerleştirilmesi",surgical,
P600870,Etmoidal arter ligasyonu,surgical,
P600880,"Frontal kemik kırığı, açık redüksiyon ve internal tespit",surgical,
P600890,Fronto-orbital ilerletme,surgical,
P600900,Habitüel Temporomandibüler (TME) dislokasyonları için eminektomi,surgical,
P600910,Kafatası kemiği ekstensif tümör ameliyatları,surgical,
P600920,Kafatası kemiği basit tümöral kitleleri,surgical,
P600930,"Kalvaryal şekillendirme, total",surgical,
P600940,Kistik lenfanjiyom eksizyonu,surgical,
P600950,Kondilektomi,surgical,
P600960,"Kraniyal ansefalosel ameliyatları, diğer",surgical,
P600970,"Kraniyoplasti ameliyatları, otojen greft ile",surgical,
P600980,"Kraniyoplasti ameliyatları, yabancı cisim implantasyonu ameliyatları",surgical,
P600990,"Kraniyosinostoz ameliyatları, tek veya çok sayıda sütür ile",surgical,
P601000,Kraniyal kemik defektlerinin kosta grefti ile rekonstrüksiyonu,surgical,
P601010,Kraniyal kemik defektlerinin plaklar ile rekonstrüksiyonu,surgical,
P601020,Le Fort II osteotomisi ve/veya kemik grefti,surgical,
P601030,Le Fort I osteotomisi ve/veya kemik grefti,surgical,
P601040,Le Fort III osteotomisi ve/veya kemik grefti,surgical,
P601050,"Maksilla veya mandibula kırığı, açık redüksiyon ve internal tespit",surgical,
P601060,"Maksilla veya mandibula kırığı, intermaksiller tespit",surgical,
P601070,"Maksillektomi, parsiyel",surgical,
P601080,"Maksillektomi, total",surgical,
P601090,"Mandibula veya maksilla rekonstrüksiyonu, kemik grefti ile",surgical,
P601100,Mandibula veya maksilladaki kistik oluşumlara küretaj,surgical,
P601110,Mandibula veya maksilladan ameloblastoma rezeksiyonu,surgical,
P601120,Mandibula veya maksilladan küçük çaplı tümör rezeksizyonu,surgical,
P601130,Mandibuladan tümör rezeksiyonu ve plak ile rekonstrüksiyon,surgical,
P601140,Mandibuladan tümör rezeksiyonu ve vaskülarize kemik grefti ile onarım,surgical,
P601141,Maksillomandibüler ilerletme cerrahisi,surgical,
P601150,Mandibuladan tümör rezeksiyonu ve eş zamanlı kemik grefti ile onarım,surgical,
P601160,"Mandibüler osteotomi, deformite onarımı için",surgical,
P601170,"Mandibüler osteotomi, tümör rezeksiyonu için",surgical,
P601180,"Nazo-ethmoid-orbital kırık, açık redüksiyon ve internal tespit",surgical,
P601190,Orbital distopi düzeltilmesi,surgical,
P601200,Orbital hipertelörizm düzeltilmesi,surgical,
P601210,Sonradan kazanılmış oronazal fistüllerin kapatılması,surgical,
P601220,Tiroglossal kist veya fistül eksizyonu,surgical,
P601230,TME ankilozu için ‘gap’ artroplastisi,surgical,
P601240,TME artroplasti,surgical,
P601250,TME lüksasyonu kapalı redüksiyon,surgical,
P601260,Vaskülarize kemik grefti ile mandibula rekonstrüksiyonu,surgical,
P601270,"Zigoma kırığı, açık redüksiyon ve internal tespit",surgical,
P601280,"Zigoma kırığı, kapalı redüksiyon",surgical,
P601290,Açık rinoplasti ile total septal rekonstrüksiyon,surgical,
P601300,"Alın flebi ile total burun kaybı onarımı, ikinci seans",surgical,
P601310,"Burun eksternal cerrahi onarımı, greft ve /veya flep ile",surgical,
P601320,Burun eksternal cerrahisi,surgical,
P601330,Burun içi konka elektrokoterizasyonu,surgical,
P601331,Radyofrekans/plazma uygulaması ile konka küçültülmesi,surgical,
P601360,"Burun rekonstrüksiyonu, parsiyel",surgical,
P601370,"Burun rekonstrüksiyonu, total",surgical,
P601420,"Burundan yabancı cisim çıkarılması, cerrahi",surgical,
P601430,Kemik ve kıkırdak kaybı içeren ağır ‘saddle nose’ deformitesi onarımı,surgical,
P601440,"Koanal atrezi düzeltilmesi, tek taraf",surgical,
P601450,Konka lateralizasyonu,surgical,
P601460,"Konka submukozal rezeksiyonu, iki taraf",surgical,
P601470,"Konka submukozal rezeksiyonu, tek taraf",surgical,
P601480,Septal fraktür onarımı,surgical,
P601490,"Nazal ensefalosel, kraniyotomi ile",surgical,
P601500,Nazal fraktür onarımı,surgical,
P601510,Nazal polipektomi,surgical,
P601520,Nazal septal perforasyon onarımı,surgical,
P601540,"Nazal valv cerrahisi, iki taraf",surgical,
P601550,"Nazal valv cerrahisi, tek taraf",surgical,
P601560,"Rinofima eksizyonu ve alın flebi, birinci seans",surgical,
P601570,"Rinofima eksizyonu ve alın flebi, ikinci seans",surgical,
P601580,Rinofima eksizyonu ve deri grefti,surgical,
P601590,Rinofima eksizyonu ve ikincil iyileşmeye bırakılması,surgical,
P601600,"Rinoplasti komplike olmayan, greft kullanılmaksızın",surgical,
P601610,"Rinoplasti komplike, greft ile",surgical,
P601620,Septoplasti,surgical,
P601630,Septorinoplasti,surgical,
P601640,"Şinesi, veb açılması",surgical,
P601650,"Total burun kaybı rekonstrüksiyonunda alın flebi ve iskelet yapı oluşturulması, birinci seans",surgical,
P601660,Yalnızca kıkırdak kaybı içeren ‘saddle nose' deformitesi onarımı,surgical,
P601670,Alar defektlerin rekonstrüksiyonu,surgical,
P601680,"Aritenoidektomi, endolaringeal",surgical,
P601685,Aritenoid addüksiyonu,surgical,
P601690,"Boyun diseksiyonu, radikal veya fonksiyonel, tek taraf",surgical,
P601700,Boyun eksplorasyonu,surgical,
P601710,Brankial kleft kisti veya sinüsü eksizyonu,surgical,
P601720,Damak fistülü onarımı,surgical,
P601730,Eksternal karotid arter ligasyonu,surgical,
P601740,Endolaringeal lazer cerrahisi,surgical,
P601750,Endolaringeal mikrocerrahi ile larinks poliplerine girişim,surgical,
P601760,Faringolarinjektomi,surgical,
P601770,Faringolaringoözefajektomi,surgical,
P601780,Hiyoid suspansiyonu,surgical,
P601790,İntralaringeal enjeksiyonla mediyalizasyon,surgical,
P601800,Kordektomi veya stripping,surgical,
P601810,Kosta grefti alınması,surgical,
P601820,Krikotiroidopeksi,surgical,
P601830,"Laringeal fraktür tedavisi, kapalı",surgical,
P601840,"Laringeal reinnervasyon, nöromusküler flep ile",surgical,
P601850,Laringofissür,surgical,
P601860,Laringoplasti (Fraktür için açık redüksiyon),surgical,
P601870,"Laringoplasti (Medializasyon, tek taraf)",surgical,
P601880,"Laringoplasti (Yanıklar, rekonstrüksiyon)",surgical,
P601881,Laringeal stenoz cerrahisi,surgical,
P601885,Laringeal web açılması,surgical,
P601890,Laringosel çıkarılması,surgical,
P601930,"Larinjektomi, parsiyel",surgical,
P601940,"Larinjektomi, total",surgical,
P601950,"Larinks biyopsisi, indirekt laringoskopi ile",surgical,
P601960,Larinks papillomu,surgical,
P601970,Larinksten yabancı cisim çıkarılması,surgical,
P601980,Lateral rinotomi ile yaklaşım,surgical,
P601990,Maksiller arter ligasyonu,surgical,
P602010,Suprahyoid boyun diseksiyonu,surgical,
P602020,Tirohyoid suspansiyon,surgical,
P602030,Tiroplasti,surgical,
P602040,Tortikollis düzeltilmesi,surgical,
P602050,Antrokoanal polip eksizyonu,surgical,
P602060,"BOS rinoresi cerrahisi, eksternal yaklaşım",surgical,
P602070,"Caldwell-Luc ameliyatı, tek taraf",surgical,
P602080,"Caldwell-Luc ameliyatı, iki taraf",surgical,
P602090,Eksternal etmoidektomi,surgical,
P602100,"Frontal sinozotomi, trepanasyon",surgical,
P602110,"Frontal sinüs cerrahisi, osteoplastik flep ile, iki taraf",surgical,
P602120,"Frontal sinüs cerrahisi, osteoplastik flep ile, tek taraf",surgical,
P602140,Ozenaya cerrahi girişim,surgical,
P602150,Piterigopalatin fossa cerrahisi,surgical,
P602160,Transnazal etmoidektomi,surgical,
P602180,Endoskopik BOS rinoresi cerrahisi,surgical,
P602190,Endoskopik burun ve nazofarinks tümör cerrahisi,surgical,
P602200,Endoskopik dakriyosistorinostomi (DSR),surgical,
P602210,Endoskopik frontal sinüs cerrahisi,surgical,
P602220,Endoskopik koanal atrezi açılması,surgical,
P602230,Endoskopik konka bülloza rezeksiyonu,surgical,
P602240,Endoskopik konka redüksiyonu,surgical,
P602250,Endoskopik medial maksillektomi,surgical,
P602260,"Endoskopik meningosel, ensefalosel cerrahisi",surgical,
P602270,Endoskopik optik sinir dekompresyonu,surgical,
P602280,Endoskopik orbita dekompresyonu,surgical,
P602290,Endoskopik septoplasti,surgical,
P602300,Endoskopik sfenoid sinüs cerrahisi,surgical,
P602310,Fleksibl fiberoptik nazofaringoskopi,surgical,
P602320,"Fonksiyonel endoskopik sinüs cerrahisi, iki taraf",surgical,
P602330,"Fonksiyonel endoskopik sinüs cerrahisi, tek taraf",surgical,
P602340,Maksiller sinüse endoskopik müdahale,surgical,
P602360,"Temporomandibuler eklem endoskopisi, diyagnostik",surgical,
P602370,"Temporomandibuler eklem endoskopisi, cerrahi",surgical,
P602371,Sinüslerde invaziv mantar enfeksiyonu debritmanı,surgical,
P602375,Endoskopik epistaksis kontrolü ile sfenopalatin arter ve dalları ligasyonu,surgical,
P602380,Adenoidektomi,surgical,
P602390,Adenoidektomi ve tüp,surgical,
P602400,Ağız içi ve etrafı benign tümörlerinin rezeksiyonu,surgical,
P602410,Ağız içinde malign tümörlerin eksizyonu ve lokal flep uygulaması,surgical,
P602430,Ağız ve çenenin kemik rezeksiyonu gerektiren malign tümörleri,surgical,
P602450,Ağız vestibülü mukozasının donör greft olarak eksizyonu ve onarımı,surgical,
P602470,Ağız vestibülünden mukoza ve submukoza eksizyonu ve onarımı,surgical,
P602480,Alveolar yarık onarımı,surgical,
P602490,Anterior damak fistülü onarımı,surgical,
P602500,Damağa radyofrekans uygulanması,surgical,
P602510,Damak ve uvula lezyonlarının eksizyonu,surgical,
P602520,"Damak ve uvula lezyonlarının onarımı, flep ile",surgical,
P602530,Damak yarığı onarımı ve faringeal flep,surgical,
P602540,"Damak yarığı onarımı, inkomplet",surgical,
P602550,"Damak yarığı onarımı, komplet",surgical,
P602560,Deri grefti kullanarak sulkoplasti,surgical,
P602570,Deri grefti kullanmaksızın posterior dudak sulkusu açılması,surgical,
P602580,Dil köküne radyofrekans uygulanması,surgical,
P602590,Dil kökü suspansiyonu ve/veya dil kökünden doku çıkarılması,surgical,
P602600,Dil lezyonu eksizyonu,surgical,
P602610,"Dil lezyonu eksizyonu ve onarımı, dil flebi ile",surgical,
P602630,Dudak adezyonu,surgical,
P602640,"Dudak malign tümör rezeksiyonu ve suprahyoid boyun diseksiyonu, Estlander, Berdnard vb. flep ile",surgical,
P602650,"Dudak malign tümör rezeksiyonu veya biyopsisi ve Estlander, Berdnard vb. flep kullanımı",surgical,
P602660,Dudak malign tümör wedge rezeksiyonu,surgical,
P602670,Dudak veya dilden kama şeklinde doku rezeksiyonu ve primer onarım,surgical,
P602680,"Dudak yarığı burnu onarımı, osteotomisiz",surgical,
P602690,"Dudak yarığı burnu onarımı, osteotomi ile",surgical,
P602700,"Dudak yarığı onarımı, tek taraf",surgical,
P602710,"Dudak yarığı onarımı, iki taraf",surgical,
P602720,Dudaktan büyük tümör rezeksiyonu ve lokal flepler ile onarımı,surgical,
P602730,"Dudaktan büyük tümör rezeksiyonu, lokal flepler ile onarımı ve LAP biyopsisi",surgical,
P602740,Faringeal flep,surgical,
P602750,"Farinks duvarının rezeksiyonu ve onarımı, miyokütan flep ile",surgical,
P602770,Genioglossal ilerletme,surgical,
P602780,"Genioplasti, implant ile",surgical,
P602790,"Genioplasti, osteotomi ile",surgical,
P602800,"Glossektomi, parsiyel",surgical,
P602810,"Glossektomi, total",surgical,
P602820,Hemiglossektomi,surgical,
P602830,Hipertrofik lingual frenulum düzeltilmesi,surgical,
P602840,Islık çalan ağız deformitesi onarımı,surgical,
P602850,Kolumella uzatılması,surgical,
P602860,"İntraoral tümör eksizyonu, mandibula rezeksiyonu ve boyun diseksiyonu (Komando ameliyatı)",surgical,
P602870,Lateral faringeal duvar ve piriform sinüs rezeksiyonu,surgical,
P602880,Lazer asiste uvulektomi,surgical,
P602890,Lazer asiste uvulopalatofaringoplasti,surgical,
P602900,Lingual tonsil eksizyonu,surgical,
P602910,Mentoplasti,surgical,
P602920,Nadir yüz yarığı onarımı,surgical,
P602930,"Nazofaringeal lezyon eksizyonu, infratemporal fossaya yaklaşım",surgical,
P602940,"Nazofaringeal lezyon eksizyonu, transpalatal",surgical,
P602950,Nazolabial fistül onarımı,surgical,
P602960,Onarılmış dudak yarığı revizyonu,surgical,
P602970,Oro-antral fistüllerin onarımı,surgical,
P602980,Orofaringeal ve nazofaringeal postoperatif kanama kontrolü,surgical,
P603000,Posterior damak fistülü onarımı,surgical,
P603010,Premaksiller segmentin geri alınması,surgical,
P603020,Ranulaya girişim,surgical,
P603030,Retrofaringeal veya parafaringeal apse drenajı,surgical,
P603040,"Sert damaktan tümör eksizyonu ve onarım, greft ile",surgical,
P603050,"Sert damaktan tümör eksizyonu, primer onarım",surgical,
P603060,Stiloid proçes elangasyonu eksizyonu,surgical,
P603070,"Tonsil plikalar, retromolar trigon radikal rezeksiyonu, flepler ile",surgical,
P603080,Tonsillektomi,surgical,
P603090,Tonsillektomi ve adenoidektomi,surgical,
P603100,Tonsillektomi ve adenoidektomi ve tüp,surgical,
P603110,Tonsillektomi ve tüp,surgical,
P603120,Transpalatal ilerletme,surgical,
P603130,Uvulektomi,surgical,
P603140,Uvulofaringoplasti,surgical,
P603150,"Vestibüloplasti, tek veya iki taraf",surgical,
P603160,Minör tükrük bezi dokularının eksizyonu,surgical,
P603170,"Parotidektomi, total",surgical,
P603180,"Parotidektomi, yüzeyel",surgical,
P603200,"Siyalolitotomi, cerrahi",surgical,
P603210,Sublingual tükrük bezi eksizyonu,surgical,
P603220,Submaksiller veya sublingual apse drenajı,surgical,
P603230,Submandibuler tükrük bezi eksizyonu,surgical,
P603240,"Tükrük bezinin plastik onarımı, sialodokoplasti",surgical,
P603250,Geç sternal dehiscence onarımı,surgical,
P603260,Fasiyatomi,surgical,
P603270,Göğüs duvarından olan akciğer hernisinin onarımı,surgical,
P603280,"Kot fraktürü tedavisi, açık",surgical,
P603290,"Kot fraktürü tedavisi, kapalı",surgical,
P603300,"Kot rezeksiyonu, ekstraplevral",surgical,
P603310,"Kot rezeksiyonu, parsiyel",surgical,
P603320,Mediastinal kist veya tümör eksizyonu,surgical,
P603330,"Mediastinal tümör eksizyonu, malign",surgical,
P603340,Mediastinoskopi,surgical,
P603350,Mediastinotomi ile eksplorasyon,surgical,
P603360,Sternal debritman,surgical,
P603370,"Sternal rezeksiyon ve rekonstrüksiyon, protez ile",surgical,
P603380,"Sternal rezeksiyon ve rekonstrüksiyon, protezsiz",surgical,
P603390,Sternal tel çıkarılması,surgical,
P603400,"Sternum fraktürü fiksasyonu, açık",surgical,
P603410,"Sternum fraktürü fiksasyonu, kapalı",surgical,
P603420,"Torakoplasti, bronkoplevral fistül kapatılması ile birlikte",surgical,
P603430,"Torakoplasti, Schede tipi veya ekstraplevral",surgical,
P603440,"Toraks duvarı deformiteleri, pectus excavatum, carinatum",surgical,
P603450,"Toraks duvarı rezeksiyonu ve rekonstrüksiyonu, protez ile",surgical,
P603460,"Toraks duvarı rezeksiyonu ve rekonstrüksiyonu, protezsiz",surgical,
P603470,"TOS, trans aksiller girişim, servikal kot ve/veya 1. kot rezeksiyonu",surgical,
P603480,"Tümör eksizyonu, intratorasik, ekstrapulmoner",surgical,
P603490,Tümör veya kist eksizyonu,surgical,
P603500,Abdominoplasti,surgical,
P603510,Gastroşizis onarımı,surgical,
P603530,Karın duvarı benign tümörleri için girişim,surgical,
P603540,Karın duvarı malign tümörleri için girişim,surgical,
P603550,Kloakal ekstrofi onarımı,surgical,
P603560,Omfalomezenterik kanal açıklığı onarımı,surgical,
P603570,Omfalomezenterik kanal kisti veya fistülü eksizyonu,surgical,
P603580,Omfalosel primer onarımı,surgical,
P603590,Rektus diyastazı onarımı,surgical,
P603610,"Büyütme mammoplastisi, iki taraf",surgical,
P603620,"Jinekomasti düzeltilmesi, iki taraf",surgical,
P603630,"Jinekomasti düzeltilmesi, tek taraf",surgical,
P603640,"Küçültme mammoplastisi, iki taraf",surgical,
P603650,"Mastektomi, basit",surgical,
P603660,"Mastektomi, radikal",surgical,
P603670,"Mastektomi, modifiye radikal",surgical,
P603680,Meme asimetrisinin düzeltilmesi,surgical,
P603690,"Meme rekonstrüksiyonu, çift pediküllü TRAM flep ile",surgical,
P603700,"Meme rekonstrüksiyonu,Latissimus dorsi kas deri flebi ve implant ile",surgical,
P603710,"Meme rekonstrüksiyonu, mikrovasküler anastomozlu",surgical,
P603720,"Meme rekonstrüksiyonu, sadece implant ile",surgical,
P603730,"Meme rekonstrüksiyonu, tek pediküllü TRAM flebi ile",surgical,
P603740,Meme ucu ve başı rekonstrüksiyonu,surgical,
P603750,Segmental mastektomi,surgical,
P603751,Memeden kist-benign tümör çıkarılması,surgical,
P603752,Segmental mastektomi ile birlikte aksiller sentinel lenf nodu eksizyonu,surgical,
P603753,Segmental mastektomi ile birlikte aksiler diseksiyon,surgical,
P603755,Meme duktus eksizyonu,surgical,
P603760,Tüberoz meme onarımı,surgical,
P603770,"Greftsiz inguinal herni onarımı, inkarsere veya strangüle",surgical,
P603771,"Greftli inguinal herni onarımı, inkarsere veya strangüle",surgical,
P603780,"Greftsiz inguinal herni onarımı, tek taraf",surgical,
P603781,"Greftli inguinal herni onarımı, tek taraf",surgical,
P603782,"Greftsiz inguinal herni onarımı, iki taraf",surgical,
P603783,"Greftli inguinal herni onarımı, iki taraf",surgical,
P603790,"İnguinal herni onarımı, tek taraf, laparoskopik",surgical,
P603791,"İnguinal herni onarımı, iki taraf, laparoskopik",surgical,
P603800,Greftsiz insizyonel herni onarımı,surgical,
P603801,Greftli insizyonel herni onarımı,surgical,
P603802,"Greftli femoral herni onarımı, tek taraf",surgical,
P603803,"Greftsiz femoral herni onarımı, tek taraf",surgical,
P603804,"Greftli femoral herni onarımı, iki taraf",surgical,
P603805,"Greftsiz femoral herni onarımı, iki taraf",surgical,
P603806,"Femoral herni onarımı, tek taraf, laparoskopik",surgical,
P603807,"Femoral herni onarımı, iki taraf, laparoskopik",surgical,
P603810,Lomber herni onarımı,surgical,
P603820,Parastomal herniasyonda girişim,surgical,
P603830,Spiegel hernisi onarımı,surgical,
P603831,"Spiegel hernisi onarımı, laparoskopik",surgical,
P603840,Greftsiz umblikal herni onarımı,surgical,
P603841,Greftli umblikal herni onarımı,surgical,
P603842,"Umblikal herni onarımı, laparoskopik",surgical,
P603843,Greftli epigastrik herni onarımı,surgical,
P603844,Greftsiz epigastrik herni onarımı,surgical,
P603845,"Epigastrik herni onarımı, laparoskopik",surgical,
P603846,Greftli perineal herni onarımı,surgical,
P603850,Umblikal kord hernisi onarımı,surgical,
P603851,Greft/Mesh çıkarılması,surgical,
P603860,Ventral herni onarımı,surgical,
P603870,"Bochdalek hernisi onarımı, abdominal",surgical,
P603880,"Bochdalek hernisi onarımı, torakal",surgical,
P603890,"Diyafragma laserasyonu, primer onarım",surgical,
P603900,"Diyafragmatik herni onarımı, kombine, torakoabdominal yaklaşımla",surgical,
P603910,"Diyafragmatik herni onarımı, transtorasik yaklaşımla",surgical,
P603920,"Diyafragmatik herni onarımı (Travmatik, akut)",surgical,
P603930,"Diyafragmatik herni onarımı (Travmatik, kronik)",surgical,
P603940,"Diyafragmatik herni onarımı, greft ile (Travmatik, kronik)",surgical,
P603950,"Diyafragma evantrasyonu, primer onarım",surgical,
P603960,"Diyafragma rezeksiyonu ve rekonstrüksiyonu, protezli",surgical,
P603970,"Diyafragma rezeksiyonu ve rekonstrüksiyonu, protezsiz",surgical,
P603980,Diyafragmatik pace uygulaması,surgical,
P603990,Diyafragmada evisserasyon veya evantrasyon düzeltilmesi,surgical,
P604000,Morgagni hernisi onarımı,surgical,
P604010,Apendiks epiploika torsiyonu,surgical,
P604030,Laparostomi,surgical,
P604040,"Laparostomi, fermuar-mesh/negatif basınç yöntemi",surgical,
P604050,"Laparotomi, intestinal obstrüksiyonlarda",surgical,
P604060,"Laparotomi, organ biyopsisi amacıyla",surgical,
P604070,"Laparotomi, tanısal",surgical,
P604071,Laparotomi- packing,surgical,
P604075,Batın içi abdomen (eviserasyon-evanterasyon) düzeltilmesi,surgical,
P604080,Omentektomi,surgical,
P604090,Omentum kisti veya tümörü eksizyonu,surgical,
P604110,"Peritoneal tuvalet ve debritman, her bir seans",surgical,
P604120,"Peritoneal veya mezenterik tümör, kist eksizyonu",surgical,
P604130,Peritoneo-venöz şant yapılması,surgical,
P604140,Plöroperitoneal şant uygulaması,surgical,
P604150,"Radikal peritoneal debritman, her bir seans",surgical,
P604155,Sitoredüktif cerrahi ile birlikte hipertermik intraperitoneal kemoterapi,surgical,
P604160,Retroperitoneal tümörden biyopsi,surgical,
P604170,Retroperitoneal kist veya tümör eksizyonu,surgical,
P604180,Perikardiyosentez,surgical,
P604190,Tüp perikardiyostomi,surgical,
P604200,"Pıhtı veya yabancı cisim çıkartılması için perikardiyotomi, primer",surgical,
P604210,Perikardiyal pencere açılması veya parsiyel rezeksiyon,surgical,
P604220,"Perikardiyektomi, subtotal veya tam, kardiyopulmoner by-pass olmaksızın",surgical,
P604240,Perikardiyal kist veya tümör eksizyonu,surgical,
P604250,"İntrakardiyak tümör eksizyonu, kardiyopulmoner by-pass ile",surgical,
P604260,Eksternal kardiyak tümör rezeksiyonu,surgical,
P604280,"Kardiyak kist hidatik eksizyonu, kardiyopulmoner bypass olmaksızın",surgical,
P604310,Kalıcı pacemaker çıkartılması,surgical,
P604320,"Kalıcı pil ve epikardiyal elektrot yerleştirilmesi, torakotomi ile",surgical,
P604330,"Kalıcı pil ve epikardiyal elektrot yerleştirilmesi, xiphoid yaklaşımı ile",surgical,
P604360,"Pacemaker onarımı, pulse jeneratörünün tekrar yerleştirilmesi ile birlikte",surgical,
P604370,"Pacemaker onarımı, sadece elektrotlar",surgical,
P604440,"Transvenöz elektrot çıkarılması, torakotomi ile",surgical,
P604470,"Greft yerleştirilmesi, aort veya büyük damarlar, kardiyopulmoner by-pass ile",surgical,
P604500,"Kalp yaralanması onarımı, kardiyopulmoner by-pass olmaksızın",surgical,
P604520,"Kalp yaralanması, valvül hasarı, tamiri-replasmanı, koroner by-pass",surgical,
P604530,"Kalp yaralanması, ventriküler septal defekt onarımı",surgical,
P604550,"Kardiyotomi eksploratris, kardiyopulmoner by-pass olmaksızın",surgical,
P604560,Apiko-aortik konduit konstruksiyonu,surgical,
P604570,"AVR, aortik anülüs genişletmesi ile birlikte, nonkoroner kusp",surgical,
P604580,"AVR, transventriküler aortik anülüs genişletmesi ile birlikte",surgical,
P604590,Diskret subvalvüler aort darlığında subvalvüler rezeksiyon veya insizyon,surgical,
P604600,İHSS (Asimetrik septal hipertrofi) 'de ventrikülomyotomi (Myektomi),surgical,
P604610,Aort kapağı replasmanı (AVR) (Kardiopulmoner by-pass ile birlikte),surgical,
P604615,Otolog aortik kapak neoküspidizasyon/ rekonstrüksiyonu (kardiyopulmoner by-pass ile birlikte),surgical,
P604620,Ross ameliyatı,surgical,
P604630,Supravalvüler stenozda aortoplasti,surgical,
P604640,"Valvotomi, aort kapağı (Komissurotomi)",surgical,
P604650,"Valvüloplasti, aort kapağı, açık",surgical,
P604660,"Valvotomi, mitral kapak, kapalı",surgical,
P604670,"Valvotomi, mitral kapak, açık",surgical,
P604680,"Valvüloplasti, mitral kapak",surgical,
P604690,"Valvüloplasti, mitral kapak, prostetik ring ile",surgical,
P604700,"Valvüloplasti, mitral kapak, açık, radikal rekonstrüksiyon",surgical,
P604710,"Replasman, mitral kapak (MVR)",surgical,
P604711,Replasman mitral kapak ile birlikte triküspit annüloplasti,surgical,
P604712,"Minimal invaziv replasman, mitral kapak (MVR)",surgical,
P604713,Minimal invaziv replasman mitral kapak ile birlikte triküspit annüloplasti,surgical,
P604714,Minimal invaziv çalışan kalpte mitral kapak tamiri,surgical,
P604720,"Valvotomi, triküspit kapak",surgical,
P604730,"Valvüloplasti veya annüloplasti, triküspit kapak",surgical,
P604740,"Replasman, triküspit kapak",surgical,
P604750,Ebstein anomalisinde triküspit kapak repozisyonu veya plikasyonu,surgical,
P604770,"Aort root genişletmesi ile birlikte aort replasmanı, mitral kapak rekonstruksiyonu",surgical,
P604780,Aort root genişletmesi ile birlikte aort ve mitral kapak replasmanı,surgical,
P604790,Çift kapak replasmanı,surgical,
P604791,"Bir kapak replasmanı ile birlikte bir kapak valvüloplasti, ring ile birlikte veya değil",surgical,
P604830,Üç kapak replasmanı,surgical,
P604831,"İki kapak replasmanı ile birlikte bir kapak valvüloplasti, ring ile veya değil",surgical,
P604840,"Valvotomi, pulmoner kapak, açık",surgical,
P604850,"Valvotomi, pulmoner kapak, açık, inflow oklüzyon ile",surgical,
P604851,Pulmoner kapak replasmanı,surgical,
P604910,"Koroner arter by-pass, karotid endarterektomi ile birlikte patch plasti",surgical,
P604920,"Koroner arter by-pass, otojen greft (Safen/IMA vb), dört ve daha çok koroner grefti",surgical,
P604930,"Koroner arter by-pass, otojen greft (Safen/IMA vb), iki koroner grefti",surgical,
P604940,"Koroner arter by-pass, otojen greft (Safen/IMA vb), tek koroner grefti",surgical,
P604950,"Koroner arter by-pass, otojen greft (Safen/IMA vb), üç koroner grefti",surgical,
P604960,"Koroner arter by-pass, otojen greft (Safen/IMA vb), beş koroner grefti, kardiyopulmoner by-pass ile",surgical,
P604970,"Koroner arter by-pass, otojen greft (Safen/IMA vb), beşten fazla koroner grefti, kardiyopulmoner by-pass ile",surgical,
P604980,"Koroner arter by-pass, otojen greft (Safen/IMA vb), dört koroner grefti, kardiyopulmoner by-pass ile",surgical,
P604990,"Koroner arter by-pass, otojen greft (Safen/IMA vb), iki koroner grefti, kardiyopulmoner by-pass ile",surgical,
P605000,"Koroner arter by-pass, otojen greft (Safen/IMA vb.), tek koroner grefti, kardiyopulmoner by-pass ile",surgical,
P605010,"Koroner arter by-pass, otojen greft (Safen/IMA vb), üç koroner grefti, kardiyopulmoner by-pass ile",surgical,
P605040,"Postinfarkt VSD onarımı, miyokardiyal rezeksiyon ile birlikte veya değil",surgical,
P605050,Ventriküler küçültme ameliyatı (Batista),surgical,
P605170,Pulmoner arterin bantlanması,surgical,
P605175,Kateter ile ASD ve VSD kapatılması,surgical,
P605190,"Triküspit atrezisi onarımı (ÖR/ Fontan, Modifiye Fontan işlemleri)",surgical,
P605200,Korrekte TGA'da VSD,surgical,
P605210,Korrekte TGA’da kapak plastisi,surgical,
P605220,Korrekte TGA'da kapak replasmanı,surgical,
P605230,Korrekte TGA'da PS ile birlikteVSD,surgical,
P605240,"Fallot tetralojisi komplet onarımı, transannüler yama olmaksızın",surgical,
P605250,"Fallot tetralojisi komplet onarımı, transannüler yama ile birlikte",surgical,
P605260,"Fallot tetralojisi komplet onarımı, önceki shunt'ın kapatılması ile birlikte",surgical,
P605270,Çift çıkışlı veya girişli sağ veya sol ventrikül cerrahisi,surgical,
P605290,"Sinüs valsalva fistülü onarımı, ventriküler septal defekt onarımı ile birlikte",surgical,
P605320,Anormal venöz dönüşün komplet onarımı,surgical,
P605330,"Atriyal septektomi veya septostomi, kapalı",surgical,
P605350,"Shunt, subklavyen-pulmoner arter",surgical,
P605360,"Shunt, asendan aorta-pulmoner arter",surgical,
P605370,"Shunt, desendan aorta-pulmoner arter",surgical,
P605380,"Shunt, santral, prostetik greft",surgical,
P605390,"Shunt, vena cava-pulmoner arter",surgical,
P605410,"Büyük arterlerin transpozisyonu onarımı, Atriyal Baffle işlemi, kardiyopulmoner by-pass ile birlikte",surgical,
P605420,"Büyük arterlerin transpozisyonu onarımı, Atriyal Baffle işlemi, pulmoner bant çıkartılması ile birlikte",surgical,
P605430,"Büyük arterlerin transpozisyonu onarımı, Atriyal Baffle işlemi, ventriküler septal defekt kapatılması ile birlikte",surgical,
P605440,"Büyük arterlerin transpozisyonu onarımı, Atriyal Baffle işlemi, subpulmonik darlık onarılması ile birlikte",surgical,
P605450,"Büyük arterlerin transpozisyonu onarımı, arteryel rekonstruksiyon (Jaten)",surgical,
P605460,"Büyük arterlerin transpozisyonu onarımı, pulmoner bant çıkarılması ile birlikte",surgical,
P605470,"Büyük arterlerin transpozisyonu onarımı, ventriküler septal defekt kapatılması",surgical,
P605480,"Büyük arterlerin transpozisyonu onarımı, subpulmonik darlık onarılması",surgical,
P605490,Büyük arterlerin transpozisyonunda Rastelli operasyonu,surgical,
P605500,İntraventriküler re-routing ameliyatları,surgical,
P605510,"Trunkus arteriosus, total onarım, Rastelli tipi ameliyat",surgical,
P605520,Aberan damar divizyonu,surgical,
P605530,"Aberan damar divizyonu, reanastomoz ile birlikte",surgical,
P605540,Aort koarktasyonu eksizyonu ve greft ile rekonstrüksiyon (PDA var veya yok),surgical,
P605550,Aort koarktasyonu eksizyonu ve uç-uca anastomoz (PDA var veya yok),surgical,
P605570,"Aort koarktasyonu, greft ile by-pass",surgical,
P605580,"Aort koarktasyonu, prostetik materyal kullanarak plasti",surgical,
P605590,"Aort koarktasyonu, sol subklavyen arter ile flep aortoplasti",surgical,
P605610,"Aortopulmoner pencere kapatılması, kardiyopulmoner by-pass olmaksızın",surgical,
P605620,Hipoplastik sol kalp sendromu onarımı,surgical,
P605630,"Hipoplastik veya interrupted aortik ark, otojen veya prostetik materyal ile onarım",surgical,
P605640,Patent Duktus Arteriosus (PDA) divizyonu,surgical,
P605660,"Patent Duktus Arteriosus (PDA) ligasyonu, primer",surgical,
P605670,Trakea dekompresyonu için aortik suspansiyon,surgical,
P605680,"Asendan aorta grefti,koroner implant var,kapak replasmanı ile birlikte + transvers aort ark grefti",surgical,
P605700,Asendan aort replasmanı ve kapak resüspansiyonu,surgical,
P605701,Asendan aort replasmanı,surgical,
P605710,"Asendan aort grefti,koroner implant yok,kapak replasmanı ile birlikte",surgical,
P605720,"Asendan aort grefti,koroner implant var,kapak replasmanı ile birlikte",surgical,
P605721,"Asendan aort grefti,koroner implant var",surgical,
P605722,Asendan aort replasmanı ve hemiarkus replasmanı,surgical,
P605730,"Asendan aort grefti,kapak süspansiyon var ve transvers aort ark grefti",surgical,
P605740,"Asendan aort grefti,koroner implant yok,kapak replasmanı ile birlikte ve transvers aort ark grefti",surgical,
P605750,Asendan aort grefti ve transvers aort ark grefti,surgical,
P605760,"Asendan aort grefti,koroner implant var ve transversaort ark grefti",surgical,
P605780,"Asendan aort grefti, transversaort ark grefti,arkus damarlarına bypassla birlikte",surgical,
P605781,Asendan aorttan arkus dallarına by-pass/interpozisyon (debranching),surgical,
P605790,"Total arkus replasmanı ve desenden aortaya arkus aorta içinden ulaşarak, greft implantasyonu",surgical,
P605820,Torasik aort anevrizmalarında endovasküler greft implantasyonu,surgical,
P605840,"Transvers ark grefti, kardiyopulmoner by-pass ile",surgical,
P605860,"Pulmoner arter embolektomi, kardiyopulmoner by-pass olmaksızın",surgical,
P605910,"IABP, arter onarımını da içerecek şekilde balon çıkartılması, greftli veya greftsiz",surgical,
P605920,İntraaortik balon kontrpulsasyonu (IABP),surgical,
P605930,Kalp transplantasyonu,surgical,
P605940,Kalp-akciğer transplantasyonu,surgical,
P605960,"Kardiyopulmoner by-pass cerrahi işlemi, ilk gün pompa takibi dahil",surgical,
P605962,"Sol veya sağ ventriküle uzun süreli, kalıcı, mekanik destek sistemi takılması",surgical,
P605963,"Sol veya sağ ventriküle kısa süreli, geçici yardımcı destek cihazı takılması",surgical,
P605966,"Sol ve sağ ventriküle (iki ventriküle birlikte) uzun süreli, kalıcı mekanik destek sistemi takılması",surgical,
P605967,"Sol ve sağ ventriküle (iki ventriküle birlikte) kısa süreli, geçici yardımcı cihaz takılması",surgical,
P605968,Sol ventriküle uzun sureli ve sağ ventriküle kısa süreli yardımcı cihaz takılması,surgical,
P605969,Sol ventriküle uzun sureli yardımcı cihaz ve sağ ventriküle ECMO takılması,surgical,
P605971,Total yapay kalp cihazı takılması,surgical,
P605972,Sol ve/veya sağ ventrikülden kısa süreli yardımcı cihaz çıkarılması,surgical,
P605973,"Sol veya sağ ventrikül, uzun süreli yardımcı cihazının değiştirilmesi (tromboz nedeni ile)",surgical,
P605974,"Sol veya sağ ventrikül, kısa süreli yardımcı cihazının değiştirilmesi (tromboz nedeni ile)",surgical,
P605975,Santral (Veno-arteriyel) VA-ECMO takılması veya çıkartılması,surgical,
P605976,Perkütan (Veno-arteriyel) VA-ECMO takılması veya çıkartılması,surgical,
P605977,Perkütan (Veno-venöz) VV-ECMO takılması veya çıkartılması,surgical,
P605978,Perkütan (Veno-arteriyel-venöz) VAV-ECMO takılması veya çıkartılması,surgical,
P605979,Arteriyal greft kullanılarak (Veno-arteriyel) VA-ECMO takılması veya çıkartılması,surgical,
P605980,"Embolektomi veya trombektomi, karotid, subklavyen veya innominate arter boyun insizyonu ile, katater var veya yok",surgical,
P605990,"Embolektomi veya trombektomi, karotid, subklavyen veya innominate arter torasik insizyon ile, katater var veya yok",surgical,
P606000,"Embolektomi veya trombektomi, aksiller, brakiyal, innominate, subklavyen arter kol insizyonu ile, katater var veya yok",surgical,
P606010,"Embolektomi veya trombektomi, radiyal veya ulnar arter kol insizyonu ile, katater var veya yok",surgical,
P606020,"Embolektomi veya trombektomi, renal, çölyak, mezenter, aortoilyak arter abdominal insizyon ile, katater var veya yok",surgical,
P606030,"Embolektomi veya trombektomi, femoropopliteal, aortoilyak arter bacak insizyonu ile, katater var veya yok",surgical,
P606040,"Embolektomi veya trombektomi, popliteal, tibiyoperoneal arter, bacak insizyonu ile, kateter var veya yok",surgical,
P606050,"Trombektomi, vena kava, ilyak ven, abdominal insizyon ile",surgical,
P606060,"Trombektomi, vena cava, ilyak, femoropopliteal ven, bacak insizyonu ile",surgical,
P606070,"Trombektomi, vena kava, ilyak ven, femoropopliteal ven, bacak insizyonu ve abdominal insizyon ile",surgical,
P606080,"Trombektomi, subclavian ven, boyun insizyonu ile",surgical,
P606090,"Trombektomi, aksiller ve subklavyen ven, kol insizyonu ile",surgical,
P606091,"Trombektomi, diğer",surgical,
P606100,"Valvüloplasti, femoral ven",surgical,
P606110,"Venöz kapak transpozisyonu, herhangi bir donör ven",surgical,
P606120,Venöz sisteme cross-over ven grefti,surgical,
P606130,Safenopopliteal ven anastomozu,surgical,
P606140,Vena kava superior sendromunda by-pass,surgical,
P606150,Abdominal aort anevrizmalarında endovasküler greft implantasyonu,surgical,
P606160,Abdominal aort dallarının veya periferik arterlerin anevrizmalarında endovasküler greft implantasyonu,surgical,
P606170,"Anevrizma veya oklüziv hastalık, aksiller-brakiyal arter, kol insizyonu ile",surgical,
P606180,"Anevrizma, false anevrizma veya oklüziv hastalık, visseral damarları da içeren abdominal aorta lezyonu",surgical,
P606190,"Anevrizma, false anevrizma veya oklüziv hastalık",surgical,
P606200,"Anevrizma, false anevrizma veya oklüziv hastalık, ilyak damarları da içeren abdominal aorta lezyonu",surgical,
P606210,"Anevrizma, false anevrizma veya oklüziv hastalık, ilyak arter",surgical,
P606220,"Anevrizma, false anevrizma veya oklüziv hastalık, vertebral arter",surgical,
P606230,"Anevrizma, false anevrizma veya oklüziv hastalık, innominate arter, subklavyen arter, torasik insizyon ile",surgical,
P606240,"Anevrizma,false anevrizma/oklusif hastalık,abdominal aorta",surgical,
P606250,"Anevrizma, false anevrizma veya oklüziv hastalık, diğer arterler",surgical,
P606260,"Anevrizma, false anevrizma veya oklüziv hastalık, hepatik, çölyak, renal, mezenterik arter",surgical,
P606270,"Anevrizma, false anevrizma veya oklüziv hastalık, popliteal arter",surgical,
P606280,"Anevrizma, false anevrizma veya oklüziv hastalık, radiyal, ulnar arter",surgical,
P606290,"Anevrizma, false anevrizma veya oklüziv hastalık, splenik arter",surgical,
P606300,"Direkt anevrizma veya false anevrizma onarımı veya eksizyonu, parsiyel veya total ve greft yerleştirilmesi, karotid veya subklavyen arterde anevrizma veya oklüziv hastalık, patch greft ile veya değil, boyun insizyonu ile",surgical,
P606310,"Rüptüre anevrizma, common-profunda-süperfisyel-femoral arter",surgical,
P606320,"Rüptüre anevrizma, abdominal aorta",surgical,
P606330,"Rüptüre anevrizma, aksiller-brakiyal arter, kol insizyonu ile",surgical,
P606340,"Rüptüre anevrizma, diğer arterler",surgical,
P606350,"Rüptüre anevrizma, hepatik-çölyak-renal veya mezenterik arter",surgical,
P606360,"Rüptüre anevrizma, ilyak arter",surgical,
P606370,"Rüptüre anevrizma, ilyak damarları da içeren abdominal aorta lezyonu",surgical,
P606380,"Rüptüre anevrizma, innominate, subklavyen arter, torasik insizyon ile",surgical,
P606390,"Rüptüre anevrizma, karotit-subklavyen art, boyun insizyonu ile",surgical,
P606400,"Rüptüre anevrizma, popliteal arter",surgical,
P606410,"Rüptüre anevrizma, splenik arter",surgical,
P606420,"Rüptüre anevrizma, visseral damarları da içeren abdominal aorta lezyonu",surgical,
P606430,"Arteriyövenöz fistül onarımı, konjenital, baş ve boyun",surgical,
P606440,"Arteriyövenöz fistül onarımı, konjenital, toraks ve abdomen",surgical,
P606450,"Arteriyövenöz fistül onarımı, konjenital, ekstremiteler",surgical,
P606460,"Arteriyövenöz fistül onarımı, edinsel veya travmatik, baş ve boyun",surgical,
P606470,"Arteriyövenöz fistül onarımı, edinsel veya travmatik, toraks ve abdomen",surgical,
P606480,"Arteriyövenöz fistül onarımı, edinsel veya travmatik, ekstremiteler",surgical,
P606490,Arteriyövenöz fistüllerde endovasküler greft implantasyonu,surgical,
P606500,"Damar onarımı, direkt, boyun",surgical,
P606510,"Damar onarımı, direkt, üst ekstremite",surgical,
P606520,"Damar onarımı, direkt, el, parmak",surgical,
P606530,"Damar onarımı, direkt, intratorasik, by-pass ile",surgical,
P606540,"Damar onarımı, direkt, intratorasik, by-pass ile değil",surgical,
P606550,"Damar onarımı, direkt, intraabdominal",surgical,
P606560,"Damar onarımı, direkt, alt ekstremite",surgical,
P606570,"Ven grefti ile damar onarımı, boyun",surgical,
P606580,"Ven grefti ile damar onarımı, üst ekstremite",surgical,
P606590,"Ven grefti ile damar onarımı, intratorasik, by-pass ile",surgical,
P606600,"Ven grefti ile damar onarımı, intratorasik, by-pass ile değil",surgical,
P606610,"Ven grefti ile damar onarımı, intraabdominal",surgical,
P606620,"Ven grefti ile damar onarımı, alt ekstremite",surgical,
P606630,"Ven dışında başka bir greftle damar onarımı, boyun",surgical,
P606640,"Ven dışında başka bir greftle damar onarımı, üst ekstremite",surgical,
P606650,"Ven dışında başka bir greftle damar onarımı, intratorasik, by-pass ile",surgical,
P606660,"Ven dışında başka bir greftle damar onarımı, intratorasik, by-pass yapılmaksızın",surgical,
P606670,"Ven dışında başka bir greftle damar onarımı, intraabdominal",surgical,
P606680,"Ven dışında başka bir greftle damar onarımı, alt ekstremite",surgical,
P606690,"Tromboendarterektomi, karotit, vertebral, subklavyen, boyun insizyonu ile, patch greft ile veya değil",surgical,
P606700,"Tromboendarterektomi, subklavyen, innominate, torasik insizyon ile",surgical,
P606710,"Tromboendarterektomi, aksiller,brakiyal",surgical,
P606720,"Tromboendarterektomi, abdominal aorta",surgical,
P606730,"Tromboendarterektomi, mezenterik, çölyak veya renal",surgical,
P606740,"Tromboendarterektomi, ilyak",surgical,
P606750,"Tromboendarterektomi, ilyofemoral",surgical,
P606760,"Tromboendarterektomi, kombine aortoilyak",surgical,
P606770,"Tromboendarterektomi, kombine aortoilyofemoral",surgical,
P606780,"Tromboendarterektomi, common femoral",surgical,
P606790,"Tromboendarterektomi, derin (Profunda) femoral",surgical,
P606800,"Tromboendarterektomi, femoral ve/veya popliteal ve/veya tibiyoperoneal",surgical,
P606810,"Tromboendarterektomi, femoral süperfisyel, lokalize",surgical,
P606820,"By-pass greft, ven ile, karotit",surgical,
P606830,"By-pass greft, ven ile, karotit-subklavyen",surgical,
P606840,"By-pass greft, ven ile,subklavyen-karotit",surgical,
P606850,"By-pass greft, ven ile, karotit-subklavyen",surgical,
P606860,"By-pass greft, ven ile, karotit-karotit",surgical,
P606870,"By-pass greft, ven ile,subklavyen-subklavyen",surgical,
P606880,"By-pass greft, ven ile,subklavyen-vertebral",surgical,
P606890,"By-pass greft, ven ile,subklavyen-aksiller",surgical,
P606900,"By-pass greft, ven ile, aksiller-aksiller",surgical,
P606910,"By-pass greft, ven ile, aksiller-femoral",surgical,
P606920,"By-pass greft, ven ile, aortosubklavyen veya karotit",surgical,
P606930,"By-pass greft, ven ile, aortoçölyak veya aortomezenterik",surgical,
P606940,"By-pass greft, ven ile, aksiller-femoral-femoral",surgical,
P606950,"By-pass greft, ven ile, splenorenal",surgical,
P606960,"By-pass greft, ven ile, aortoiliyak",surgical,
P606970,"By-pass greft, ven ile, aortofemoral veya bifemoral",surgical,
P606980,"By-pass greft, ven ile, aortoiliyofemoral, tek taraf",surgical,
P606990,"By-pass greft, ven ile, aortoiliyofemoral, iki taraf",surgical,
P607000,"By-pass greft, ven ile, aortofemoral-popliteal",surgical,
P607010,"By-pass greft, ven ile, femoral-popliteal",surgical,
P607020,"By-pass greft, ven ile, femoral-femoral",surgical,
P607030,"By-pass greft, ven ile, aortorenal",surgical,
P607040,"By-pass greft, ven ile, iliyoiliyak",surgical,
P607050,"By-pass greft, ven ile, iliyofemoral",surgical,
P607060,"By-pass greft, ven ile, femoral-anteriyor tibiyal, posteriyor tibiyal, peroneal arter veya distal damarlar",surgical,
P607070,"By-pass greft, ven ile, popliteal-tibiyal, peroneal arter veya diğer distal damarlar",surgical,
P607080,"İnsitu ven by-pass, aortofemoral-popliteal",surgical,
P607090,"İnsitu ven by-pass, femoral-popliteal",surgical,
P607100,"İnsitu ven by-pass, femoral-anteriyor tibiyal, posteriyor tibiyal veya peroneal arter",surgical,
P607110,"İnsitu ven by-pass, popliteal-tibiyal, peroneal",surgical,
P607120,"By-pass greft, ven dışındakilerle, karotit",surgical,
P607130,"By-pass greft, ven dışındakilerle, karotit-subklavyen",surgical,
P607140,"By-pass greft, ven dışındakilerle, subklavyen-subklavyen",surgical,
P607150,"By-pass greft, ven dışındakilerle, subklavyen-aksiller",surgical,
P607160,"By-pass greft, ven dışındakilerle, aksiller-femoral",surgical,
P607170,"By-pass greft, ven dışındakilerle, aortosubklavyen veya karotit",surgical,
P607180,"By-pass greft, ven dışındakilerle, aortoçölyak, aortomezenterik, aortorenal",surgical,
P607190,"By-pass greft, ven dışındakilerle, splenorenal",surgical,
P607200,"By-pass greft, ven dışındakilerle, vertebral-karotit transpozisyonu",surgical,
P607210,"By-pass greft, ven dışındakilerle, vertebral-subklavyen transpozisyonu",surgical,
P607220,"By-pass greft, ven dışındakilerle, aortoiliyak",surgical,
P607230,"By-pass greft, ven dışındakilerle, karotit-vertebral",surgical,
P607240,"By-pass greft, ven dışındakilerle, subklavyen-vertebral",surgical,
P607250,"By-pass greft, ven dışındakilerle, aortofemoral veya bifemoral",surgical,
P607260,"By-pass greft, ven dışındakilerle, aksiller-aksiller",surgical,
P607270,"By-pass greft, ven dışındakilerle, aortofemoral-popliteal",surgical,
P607280,"By-pass greft, ven dışındakilerle, aksiller-femoral-femoral",surgical,
P607290,"By-pass greft, ven dışındakilerle, femoral-popliteal",surgical,
P607300,"By-pass greft, ven dışındakilerle, femoral-femoral",surgical,
P607310,"By-pass greft, ven dışındakilerle, iliyoilyak",surgical,
P607320,"By-pass greft, ven dışındakilerle, iliyofemoral",surgical,
P607330,"By-pass greft, ven dışındakilerle, femoral-anteriyor tibiyal, posteriyor tibiyal veya peroneal",surgical,
P607340,"By-pass greft, ven dışındakilerle, popliteal-tibiyal veya peroneal arter",surgical,
P607350,"By-pass greft, kompozit (Greft + ven)",surgical,
P607360,"Eksplorasyon, cerrahi onarım yapılmayan, arter diseksiyonu ile birlikte/değil",surgical,
P607370,"Eksplorasyon, cerrahi onarım yapılmayan, karotit arter",surgical,
P607380,"Eksplorasyon, cerrahi onarım yapılmayan, femoral arter",surgical,
P607390,"Eksplorasyon, cerrahi onarım yapılmayan, popliteal arter",surgical,
P607400,"Eksplorasyon, cerrahi onarım yapılmayan, diğer damarlar",surgical,
P607410,Arteriyel veya venöz greftle trombektomi ve/veya onarım,surgical,
P607420,"Enfekte greftin eksizyonu, abdominal",surgical,
P607430,"Enfekte greftin eksizyonu, ekstremite",surgical,
P607440,"Enfekte greftin eksizyonu, revaskülarizasyon ile birlikte",surgical,
P607450,"Enfekte greftin eksizyonu, revaskülarizasyon ile birlikte femoral-anteriyor tibiyal, posteriyor tibiyal veya peroneal arter",surgical,
P607460,"Enfekte greftin eksizyonu, revaskülarizasyon ile birlikte popliteal-tibiyal veya peroneal arter",surgical,
P607470,Greft-enterik fistül onarımı,surgical,
P607480,"Postoperatif eksplorasyon, abdomen",surgical,
P607490,"Postoperatif eksplorasyon, boyun",surgical,
P607500,"Postoperatif eksplorasyon, ekstremite",surgical,
P607510,"Postoperatif eksplorasyon, göğüs",surgical,
P607530,Arteriyovenöz anevrizmanın plastik onarımı,surgical,
P607560,"Arteriyovenöz fistül revizyonu, trombektomi ile veya değil, otojen veya nonotojen greft ile",surgical,
P607600,Hemodiyaliz amacıyla A-V fistül/şant yapılması veya kapatılması,surgical,
P607680,Ekstra/İntra-korporeal dolaşım desteği yapılan hastalarda ileri kardiyopulmoner bakım hizmeti,surgical,
P607690,Transkateter biyopsi,surgical,
P607700,"Transkateter tedavi, koroner dışında tromboliz için infüzyon",surgical,
P607710,"Transkateter tedavi, tromboliz dışında başka bir amaç için infüzyon",surgical,
P607730,İnternal juguler ven ligasyonu,surgical,
P607740,"İntravasküler/ekstravasküler yolla vena cavanın parsiyel/komplet interruption, sütür, ligasyon, plikasyon, klip",surgical,
P607750,"İntravasküler cihaz ile femoral venin parsiyel/komplet interruption, ligasyonu",surgical,
P607760,"İntravasküler cihaz ile iliyak venin parsiyel/komplet, interruption, ligasyonu",surgical,
P607770,"Kanayan küçük arter, ven bağlanması",surgical,
P607780,Karotit body tümör çıkarılması,surgical,
P607790,"Ligasyon veya biyopsi, temporal arter",surgical,
P607800,"Ligasyon, eksternal karotit arter",surgical,
P607810,"Ligasyon, internal veya common karotit arter",surgical,
P607820,"Ligasyon, internal veya common karotid arter",surgical,
P607830,"Ligasyon, major arter, abdomen",surgical,
P607840,"Ligasyon, major arter, boyun",surgical,
P607850,"Ligasyon, major arter, ekstremite",surgical,
P607860,"Ligasyon, major arter, göğüs",surgical,
P607870,"Linton tipi deri grefti ile perforatör venlerin ligasyonu, subfasiyal",surgical,
P607871,"Perforatör venlerin ligasyonu, subfasiyal, her biri",surgical,
P607880,"Rekürren veya sekonder variköz venlerin ligasyon, ve/veya divizyonu",surgical,
P607890,Safenofemoral birleşim yerinde vena safena magna ligasyon ve divizyonu veya distal intterruptionlar,surgical,
P607900,"V. safena magna ve parvanın ligasyon (İkisi birden), divizyon ve komplet strippingi",surgical,
P607910,"Varislerde lokal pake eksizyonu, her biri",surgical,
P607920,"Varislerde sklerozan madde enjeksiyonu, her bir seans",surgical,
P607930,"Vena safena magna/parvanın ligasyon, divizyon ve komplet strippingi",surgical,
P607932,Vena safena magna ve /veya parvanın endovenöz ablasyonu RF,surgical,
P607933,Vena safena magna ve /veya parvanın endovenöz ablasyonu lazer,surgical,
P607934,Vena safena magna ve /veya parvanın endovenöz ablasyonu buhar,surgical,
P607935,Vena safena magna ve/veya parvanın endovenöz termal olmayan ablasyonu,surgical,
P607940,"Vena safena magna/parvanın ligasyon, divizyon ve komplet strippingi ile birlikte radikal ülser eksizyonu ve deri grefti ve/veya alt ekstremite kominikan venlerin bağlanması, derin fasiya eksizyonu ile birlikte",surgical,
P607950,Vena safena parvanın safenopopliteal birleşim yerinde ligasyon ve divizyonu,surgical,
P607960,Splenorafi,surgical,
P607970,"Splenektomi, parsiyel",surgical,
P607971,"Splenektomi, parsiyel, laparoskopik",surgical,
P607980,"Splenektomi, total",surgical,
P607981,"Splenektomi, total, laparoskopik",surgical,
P607990,"Boyun diseksiyonu, tek taraf",surgical,
P608000,İliyoinguinal lenf nodu disseksiyonu,surgical,
P608010,Koltuk altı diseksiyonu,surgical,
P608040,Lenfanjiyotomi veya lenf kanallarına diğer işlemler,surgical,
P608050,Retroperitoneal lenf bezi diseksiyonu,surgical,
P608060,Sentinel lenfadenektomi,surgical,
P608070,"Torasik duktusun sütür ve/veya ligasyonu, abdominal yaklaşım ile",surgical,
P608080,"Torasik duktusun sütür ve/veya ligasyonu, servikal yaklaşım ile",surgical,
P608090,"Torasik duktusun sütür ve/veya ligasyonu, torasik yaklaşım ile",surgical,
P608100,"Diseksiyon, derin jugüler nodlar",surgical,
P608110,"Evrelendirme için sınırlı lenfadenektomi (Ayrı işlem), pelvik ve paraaortik",surgical,
P608120,"Kistik higroma eksizyonu, basit",surgical,
P608130,"Kistik higroma eksizyonu, kompleks",surgical,
P608140,"Lenf nodları biyopsi veya eksizyonu, derin aksiller nodlar",surgical,
P608150,"Lenf nodları biyopsi veya eksizyonu, internal mammary nodlar (Ayrı işlem)",surgical,
P608160,"Lenf nodları biyopsi veya eksizyonu, skalen yağ yastıkçığı eksizyonu ile birlikte derin servikal nodlar",surgical,
P608161,Yüzeyel lenf bezi biyopsisi veya eksizyonu,surgical,
P608170,Tek yanlı süperfisiyel inguinal lenf bezi diseksiyonu,surgical,
P608180,Tek yanlı süperfisiyel ile birlikte derin inguinal lenf bezi diseksiyonu,surgical,
P608190,"Lenfödem tedavisi için Charles ameliyatı, tüm uyluk bölgesinde",surgical,
P608200,"Lenfödem tedavisi için Charles ameliyatı, sınırlı bir alanda",surgical,
P608210,Lenfödem tedavisi için Thompson ameliyatı,surgical,
P608220,Lenfödemde lenfadenovenöz veya lenfatikovenöz şant,surgical,
P608230,Lenfödem için Charles radikal eksizyon ve deri grefti,surgical,
P608240,Lenfödem için omentum transpozisyonu,surgical,
P608250,Damar onarımı,surgical,
P608260,Damar grefti kullanılarak yapılan vasküler girişimler,surgical,
P608270,Bronkobiliyer fistül onarımı,surgical,
P608280,"Bronkoplasti, stenoz veya tümör eksizyonu ve anastomoz, greft onarımı var veya yok",surgical,
P608290,"Bronkoplasti, travmatik rüptür",surgical,
P608300,"Bronkoskopi, bronşiyal fistül kapama amaçlı",surgical,
P608310,"Bronkoskopi, tanısal (Fleksble/rijit), bronşial lavaj ile birlikte veya değil",surgical,
P608320,"Bronkoskopi, biyopsi veya yabancı cisim çıkarılması amacıyla",surgical,
P608330,Bronkoskopik lazer veya koter veya diatermi veya kriyoterapi,surgical,
P608340,"Bronkoskopi, eksizyon dışı bir metotla tümör destrüksiyonu veya stenozun açılması",surgical,
P608350,"Bronkoskopi, trakeal dilatasyon ve trakeal stent yerleştirilmesi ile birlikte",surgical,
P608360,"Bronkoskopi, trakeal veya bronşiyal dilatasyon ile birlikte",surgical,
P608370,"Bronkoskopi, trakeobronşial ağacın terapötik aspirasyonu ile birlikte",surgical,
P608380,"Cerrahi trakeostomi veya fistül kapatılması, plastik onarım ile birlikte",surgical,
P608390,"Cerrahi trakeostomi veya fistül kapatılması, plastik onarım olmadan",surgical,
P608400,"Eksternal trakeal yaralanma, primer sütür",surgical,
P608410,Karinal rekonstrüksiyon,surgical,
P608420,Pretrakeal fasya açılması,surgical,
P608430,"Trakeal stenoz eksizyonu ve anastomoz, servikal, greft onarımı var veya yok",surgical,
P608440,"Trakeal stenoz eksizyonu ve anastomoz, torasik, greft onarımı var veya yok",surgical,
P608450,"Trakeal tümör veya karsinoma eksizyonu,servikal, greft onarımı var veya yok",surgical,
P608460,"Trakeal tümör veya karsinoma eksizyonu, torasik, greft onarımı var veya yok",surgical,
P608470,Trakeofaringeal fistül onarımı,surgical,
P608480,Trakeoözefagial fistül primer onarımı,surgical,
P608490,Trakeostomi stenozu açılması,surgical,
P608500,"Trakeotomi açılması, acil",surgical,
P608510,"Trakeotomi açılması, planlı",surgical,
P608520,"Akciğer ile birlikte karaciğer hidatik kisti, aynı seans, frenotomi ile",surgical,
P608530,Akciğer rezeksiyonu ve mediastinal lenf nodu diseksiyonu,surgical,
P608540,"Akciğer rezeksiyonu, göğüs duvarı rezeksiyonu ve rekonstrüksiyonu, protezli veya protezsiz",surgical,
P608550,"Akciğer transplantasyonu, global",surgical,
P608560,Ampiyem kesesi enükleasyonu (Ampiyemektomi),surgical,
P608570,Bronkial sleeve lobektomi,surgical,
P608580,Bronkovasküler sleeve lobektomi,surgical,
P608590,"Dekortikasyon, pulmoner, parsiyel",surgical,
P608600,"Dekortikasyon, pulmoner, total",surgical,
P608620,Ekstended akciğer rezeksiyonları,surgical,
P608630,"İntraplöral lavaj, her tür teknikle",surgical,
P608640,"Kateter torakostomi, kapalı sistem uygulama",surgical,
P608650,Kimyasal plörodez,surgical,
P608660,"Kist hidatik ameliyatları, akciğer",surgical,
P608670,"Kist hidatik ameliyatları, akciğer, mediyan sternotomi ile, iki taraf",surgical,
P608680,Konjenital akciğer malformasyonları rezeksiyonu,surgical,
P608690,"Lobektomi, konkomitan dekortikasyon ile birlikte",surgical,
P608700,Lobektomi veya segmentektomi,surgical,
P608710,Major bronşial fistülün açık cerrahi ile kapatılması,surgical,
P608720,Neoadjuvan kemoradyoterapi sonrası akciğer rezeksiyonları,surgical,
P608730,Pnömonektomi,surgical,
P608740,Pnömonektomi ekstraplevral,surgical,
P608750,Pnömonektomi ve major damar cerrahisi,surgical,
P608760,"Pnömonostomi, apse veya kistin açık drenajı ile birlikte",surgical,
P608770,Sleeve pnömonektomi,surgical,
P608780,"Torakoskopi, eksploratris, biyopsi, drenaj ile birlikte",surgical,
P608790,"Torakotomi, bül eksizyon-plikasyonu ile birlikte",surgical,
P608800,"Torakotomi, intraplevral yabancı cisim",surgical,
P608810,"Torakotomi, intrapulmoner yabancı cisim çıkartılması ile birlikte",surgical,
P608820,"Torakotomi, kanama kontrolü ve/veya akciğer yırtığı onarımı",surgical,
P608830,"Torakotomi, kardiyak masaj ile birlikte",surgical,
P608840,"Torakotomi, major, eksplorasyon ve biyopsi ile birlikte",surgical,
P608850,"Torakotomi, postoperatif kanama, hava kaçağı kontrolü",surgical,
P608860,"Torakotomi, sınırlı, akciğer veya plevra biyopsisi için",surgical,
P608870,"Torakotomi, volüm küçültücü ameliyat, tek taraf",surgical,
P608900,"Videotorakoskopi, bül eksizyonu ile birlikte",surgical,
P608910,"Videotorakoskopi, ekploratris",surgical,
P608920,"Videotorakoskopi, lobektomi",surgical,
P608930,"Videotorakoskopi, pnömonektomi",surgical,
P608940,"Videotorakoskopi, torakal sempatektomi",surgical,
P608950,"Videotorakoskopi, wedge rezeksiyon",surgical,
P608960,"Wedge rezeksiyon, tek veya çok sayıda",surgical,
P608980,Hepatik arter ligasyonu veya kateterizasyonu,surgical,
P608990,Hepatikojejunostomi,surgical,
P609000,İntrahepatik biliyoenterik diversiyonlar,surgical,
P609010,"Karaciğerin safra sistemi ile ilişkili çok sayıda apsesinin (Komplike) drenajı, laparatomi ile",surgical,
P609020,"Karaciğer tek basit apse drenajı, laparotomi ile",surgical,
P609030,Karaciğer Kist hidatiğinde dışa drenaj,surgical,
P609040,Karaciğer Kist hidatiğinde internal drenaj,surgical,
P609050,Karaciğer Kist hidatiğinde kistotomi veya kistektomi ile birlikte poş küçültücü işlemler,surgical,
P609051,Karaciğer Kist hidatiğinde total perikistektomi,surgical,
P609052,Karaciğer hemanjiyomunda enükleasyon,surgical,
P609060,Karaciğer konjenital kistlerinde internal veya eksternal drenaj veya kistektomi,surgical,
P609070,"Karaciğer segmentektomi, her bir segment",surgical,
P609071,"Karaciğer segmentektomi, her bir segment, laparoskopik",surgical,
P609080,Karaciğer Transplantasyonu,surgical,
P609090,"Karaciğer basit yaralanmalarında primer sütür, tek laserasyon",surgical,
P609100,"Karaciğerin büyük damar veya safra yolu ile ilişkili yaralanmalarında primer sütür, çok sayıda",surgical,
P609110,"Lobektomi veya hepatektomi, subtotal",surgical,
P609111,"Lobektomi veya hepatektomi, subtotal, laparoskopik",surgical,
P609120,"Metastazektomi, her bir metastaz",surgical,
P609121,"Metastazektomi, her bir metastaz, laparoskopik",surgical,
P609130,Portoenterostomi,surgical,
P609150,İntraoperatif koledokoskopi,surgical,
P609180,Koledok darlıkları ve kisti için girişimler,surgical,
P609190,Koledokoenterostomi,surgical,
P609191,Ekstrahepatik safra yolu tümörleri için rezeksiyon ve rekonstrüksiyon,surgical,
P609200,Koledokotomi – koledokoduodenostomi,surgical,
P609210,Koledokotomi – sfinkterotomi veya sfinkteroplasti,surgical,
P609220,Koledokotomi ile birlikte T- drenaj,surgical,
P609230,Kolesistektomi,surgical,
P609235,"Kolesistektomi, laparoskopik",surgical,
P609240,Kolesistoenterostomi,surgical,
P609250,Kolesistostomi,surgical,
P609260,"Safra fistülleri için girişimler, basit",surgical,
P609270,"Safra fistülleri için girişimler, komplike",surgical,
P609280,Safra kesesi ve safra yolları yaralanmaları için girişimler,surgical,
P609290,Aberan pankreas eksizyonu,surgical,
P609300,Adacık hücre transplantasyonu,surgical,
P609310,"Akut pankreatitte, debritman, lavaj ve drenaj",surgical,
P609320,"Distal pankreatektomi, parsiyel",surgical,
P609330,Kronik pankreatitte pankretikojejunostomi,surgical,
P609340,Pankreas adenomlarında total eksizyon,surgical,
P609341,"Pankreas adenomlarında total eksizyon, laparoskopik",surgical,
P609350,Pankreas fistülü onarımı,surgical,
P609360,Pankreas kistlerinde eksternal drenaj,surgical,
P609370,Pankreas kistlerinde internal drenaj,surgical,
P609380,Pankreas kistlerinde total eksizyon,surgical,
P609390,"Pankreas transplantasyonu, total",surgical,
P609400,Pankreas yaralanmalarında drenaj,surgical,
P609410,"Pankreas yaralanmalarında pankreatektomi, subtotal",surgical,
P609420,"Pankreas yaralanmalarında pankreatektomi, total",surgical,
P609430,Pankreas yaralanmalarında pankreatikojejunostomi,surgical,
P609440,"Pankreatektomi, subtotal",surgical,
P609450,"Pankreatektomi, total duodenektomiyle birlikte",surgical,
P609451,"Pankreatektomi, total duodenektomiyle birlikte, laparoskopik",surgical,
P609460,Whipple operasyonu,surgical,
P609470,Asitte peritoneovenöz şant uygulaması,surgical,
P609480,Distal özefagus rezeksiyonu ve rekonstrüksiyonu sol torakofrenotomi ve intratorasik anastomoz ile,surgical,
P609490,"Özefajektomi, transhiatal",surgical,
P609491,"Özefajektomi, laparoskopik",surgical,
P609500,"Özefajiyal tüp veya balon uygulaması, özefagus varis kanamasında",surgical,
P609510,"Özefagogastrik devaskülarizasyon, portal hipertansiyonda",surgical,
P609520,Özefagogastromyotomi,surgical,
P609521,"Özefagogastromyotomi, laparoskopik",surgical,
P609530,"Özefagostomi, servikal",surgical,
P609540,Özefagus atrezisi primer onarımı,surgical,
P609550,"Özefagus cerrahisi, benign patolojiler için",surgical,
P609551,Krikofaringeal myotomi,surgical,
P609560,Özefagus darlıklarında cerrahi girişim,surgical,
P609570,"Özefagus divertikül eksizyonu, servikal",surgical,
P609580,"Özefagus divertikül eksizyonu, torakal",surgical,
P609590,"Özefagus fistülü onarımı, servikal, torakal",surgical,
P609600,"Özefagus perforasyonu onarımı, servikal, torakal",surgical,
P609610,Özefagus replasmanı için interpozisyon ameliyatları,surgical,
P609620,Özefagus varisinde koroner ven ligasyonu ve splenektomi,surgical,
P609630,Özefagus varisinde özefajiyal transection,surgical,
P609640,"Özefajektomi, transtorakal",surgical,
P609650,Parsiyel özefajektomi ve rekonstrüksiyon,surgical,
P609660,"Portosistemik şantlar, portal hipertansiyonda",surgical,
P609670,Total faringolaringoözefajektomi ve gastrik veya kolon rekonstrüksiyonu,surgical,
P609680,Totale yakın özefajektomi ve rekonstrüksiyon,surgical,
P609690,Transözefajiyal varis ligasyonu,surgical,
P609700,"Bezoar veya yabancı cisim çıkarılması, laparotomi ile",surgical,
P609710,Peptik ülsere bağlı duodenum perforasyonunda primer onarım,surgical,
P609711,"Peptik ülsere bağlı duodenum perforasyonunda primer onarım, laparoskopik",surgical,
P609720,Travmatik duodenum perforasyonunda primer onarım,surgical,
P609730,Dumping veya diyarede reverse loop operasyonları,surgical,
P609740,Duodenoenterostomi,surgical,
P609750,Duodenum divertikülü eksizyonu,surgical,
P609760,Duodenum yaralanmasında primer onarım,surgical,
P609770,Duodenumdan lokal tümör eksizyonu,surgical,
P609780,Fundoplikasyon,surgical,
P609781,"Fundoplikasyon, laparoskopik",surgical,
P609782,"Hiyatal herni operasyonu, laparoskopik",surgical,
P609790,"Gastrektomi radikal, total",surgical,
P609791,"Gastrektomi radikal, subtotal",surgical,
P609792,"Gastrektomi radikal, total, laparoskopik",surgical,
P609800,Gastrektomi subtotal,surgical,
P609801,"Gastrektomi subtotal, laparoskopik",surgical,
P609810,Gastroenterostomi,surgical,
P609820,"Gastropeksi, mide volvulusunda",surgical,
P609830,"Gastrotomi veya gastrostomi, cerrahi",surgical,
P609840,Mide divertikülü eksizyonu,surgical,
P609850,Midede wedge rezeksiyon,surgical,
P609851,"Midede wedge rezeksiyon, laparoskopik",surgical,
P609860,Mideden benign tümör eksizyonu,surgical,
P609871,"Obezite, by-pass",surgical,
P609872,"Obezite, sleeve",surgical,
P609873,"Obezite, banding",surgical,
P609877,Duodenal switch-biliopankreatik diversiyon,surgical,
P609880,"Nüks ülser, dumping veya reflu gastritte rezeksiyon",surgical,
P609890,Peptik ülsere bağlı veya travmatik gastroduodenal perforasyonlarda primer onarım,surgical,
P609891,"Peptik ülsere bağlı veya travmatik gastroduodenal perforasyonlarda primer onarım, laparoskopik",surgical,
P609900,"Peptik ülsere bağlı perforasyonlarda primer onarım, trunkal vagotomi ve drenaj",surgical,
P609910,"Piloromyotomi, hipertrofik pilor stenozunda",surgical,
P609911,Gastroduodenal arter ligasyonu veya duodenotomi ile birlikte arter ligasyonu,surgical,
P609920,Selektif vagotomi ve antrektomi,surgical,
P609930,Selektif vagotomi ve drenaj,surgical,
P609940,Yüksek selektif vagotomi,surgical,
P609941,Trunkal vagotomi ve drenaj,surgical,
P609950,"Konjenital atrezi düzeltilmesi, jejunal ve ileal",surgical,
P609960,Beslenme jejunotomisi,surgical,
P609961,"Beslenme jejunotomisi, laparoskopik",surgical,
P609970,Bilier intestinal diversiyonlar,surgical,
P609980,Enterokütan fistül ameliyatları,surgical,
P609990,Gastrointestinal diversiyonlar,surgical,
P610000,"Gastrointestinal fistül ameliyatları, internal",surgical,
P610010,İnce barsak perforasyonunda primer sütür,surgical,
P610020,İnce barsak transplantasyonu,surgical,
P610025,Seri transvers enteroplasti,surgical,
P610030,İnvajinasyon rezeksiyonu,surgical,
P610040,İnvajinasyonda manüel redüksiyon,surgical,
P610050,"Jejunum veya ileum duplikasyonları, total eksizyon",surgical,
P610060,"Jejunum veya ileum rezeksiyonu, subtotal",surgical,
P610061,"Jejunum veya ileum rezeksiyonu, segmenter",surgical,
P610062,"Jejunum veya ileum rezeksiyonu, segmenter, laparoskopik",surgical,
P610063,Striktüroplasti,surgical,
P610070,"Jejunum, ileum enterostomi kapatılması",surgical,
P610080,"Jejunum, ileum enterotomi veya enterostomi",surgical,
P610090,"Ladd bantı eksizyonu, malrotasyonlarda",surgical,
P610100,Brid ileusta laparatomi ve bridektomi,surgical,
P610101,"Brid ileusta bridektomi, laparoskopik",surgical,
P610110,"Laparatomi, ileusta",surgical,
P610111,Midgut volvulus (Orta barsak) düzeltilmesi,surgical,
P610120,Meckel divertikülü eksizyonu,surgical,
P610130,Appendektomi,surgical,
P610131,"Appendektomi, laparoskopik",surgical,
P610150,"Hemikolektomi, sağ veya sol",surgical,
P610151,"Hemikolektomi, sağ veya sol, laparoskopik",surgical,
P610152,Segmenter kolon rezeksiyonu,surgical,
P610153,"Segmenter kolon rezeksiyonu, laparoskopik",surgical,
P610160,Kolektomi subtotal,surgical,
P610170,Kolektomi subtotal ve ileoproktostomi,surgical,
P610171,"Kolektomi subtotal ve ileoproktostomi, laparoskopik",surgical,
P610180,Kolektomi total ve ileal poş yapılması,surgical,
P610181,"Kolektomi total ve ileal poş yapılması, laparoskopik",surgical,
P610190,Kolektomi total ve ileoanal anastomoz,surgical,
P610191,"Kolektomi total ve ileoanal anastomoz, laparoskopik",surgical,
P610200,Kolektomi total ve terminal ileostomi,surgical,
P610201,"Kolektomi total ve terminal ileostomi, laparoskopik",surgical,
P610210,Kolokütanöz fistül kapatılması,surgical,
P610220,Kolon duplikasyonu total eksizyonu,surgical,
P610230,Kolon invajinasyonunda manüel redüksiyon,surgical,
P610240,Kolon perforasyonunda primer sütür,surgical,
P610250,"Kolon Pull-through, abdominoperineal veya perineal yaklaşımla",surgical,
P610260,"Kolon Pull-through, sakroabdominoperineal yaklaşımla",surgical,
P610270,"Kolon Pull-through, sakroperineal yaklaşımla",surgical,
P610280,Kolonda detorsiyon ve peksi operasyonları,surgical,
P610290,Kolostomi açılması,surgical,
P610310,Kolostomi kapatılması,surgical,
P610311,Hartmann kapatılması,surgical,
P610320,Kolotomi ile polip veya yabancı cisim çıkarılması,surgical,
P610330,Sigmoid volvulus redüksiyonu,surgical,
P610348,"Abdominoperineal rezeksiyon, laparoskopik",surgical,
P610349,Abdominoperineal rezeksiyon,surgical,
P610360,"Rektal polip eksizyonu, anal yolla",surgical,
P610361,Rektal Myektomi- Hirschsprung Hst,surgical,
P610380,Rektosigmoid tümörlerde anteriyor rezeksiyon,surgical,
P610390,Rektum tümöründe abdominosakral rezeksiyon,surgical,
P610400,Rektum tümöründe lokal terapötik işlemler,surgical,
P610410,Low anterior rezeksiyon,surgical,
P610411,"Low anterior rezeksiyon, laparoskopik",surgical,
P610420,Rektal prolapsusta sakroperineal onarım,surgical,
P610430,Rektal prolapsusta sörklaj veya Tiersch ameliyatı,surgical,
P610440,Rektal prolapsusta transabdominal onarım,surgical,
P610441,"Rektal prolapsusta transabdominal onarım, laparoskopik",surgical,
P610450,Transanal rektal prolapsus tamiri,surgical,
P610461,Anal stenozda ilerletici flep,surgical,
P610480,Anoplasti,surgical,
P610490,Fissürektomi,surgical,
P610530,Hemoroidektomi,surgical,
P610531,"Hemoroidektomi, sfinkterotomi",surgical,
P610532,Hemoroidopeksi,surgical,
P610533,Hemoroid ablasyonu (RF/lazer) veya embolizasyonu,surgical,
P610550,İnkontinans tedavisinde kas transpozisyonu,surgical,
P610560,Perianal apse drenajı,surgical,
P610570,Perianal fistülotomi veya fistülektomi,surgical,
P610575,Anal fistülde seton uygulaması,surgical,
P610576,Anal fistülde ilerletici flep,surgical,
P610580,Perianal sinüs eksizyonu,surgical,
P610590,Perineoplasti,surgical,
P610600,"Sfinkteroplasti, komplet perine yırtıklarında veya inkontinansta",surgical,
P610610,Sfinkterotomi,surgical,
P610620,Sfinkterotomi ile anüsten yabancı cisim çıkarma,surgical,
P610621,Anal transpozisyon operasyonu,surgical,
P610625,Pilonidal sinüs eksizyonu,surgical,
P610710,"Kısa kol-bacak alçı, dirsek-diz altı",surgical,
P610720,"Kısa kol-bacak atel, dirsek-dizaltı",surgical,
P610730,"Uzun kol-bacak atel, dirsek-dizüstü",surgical,
P610740,"Uzun kol-bacak alçı, dirsek-diz üstü",surgical,
P610820,ESWT,surgical,
P610860,Küçük eklem çıkığı kapalı redüksiyonu,surgical,
P610870,Orta eklem çıkığı kapalı redüksiyonu (Bakıcı dirseği dahil),surgical,
P610880,Büyük eklem çıkığı kapalı redüksiyonu,surgical,
P610890,Küçük kemik kırığı kapalı redüksiyonu,surgical,
P610900,Orta kemik kırığı kapalı redüksiyonu,surgical,
P610910,Büyük kemik kırığı kapalı redüksiyonu,surgical,
P610920,Küçük eklemin anestezi altında mobilizasyonu,surgical,
P610930,Orta eklemin anestezi altında mobilizasyonu,surgical,
P610940,Büyük eklemin anestezi altında mobilizasyonu,surgical,
P610950,"Açık kırıklarda kapalı kırık haline getirme, küçük",surgical,
P610960,"Açık kırıklarda, debritman dahil kapatılması, büyük",surgical,
P610970,"Açık kırıklarda, debritman dahil kapatılması, orta",surgical,
P610980,Bimalleolar kırık cerrahi tedavisi,surgical,
P610990,"Büyük kemik kırıkları cerrahi tedavisi, açık IMN",surgical,
P611000,"Büyük kemik kırıkları cerrahisi, kapalı IMN",surgical,
P611010,Büyük kemik kırıkları cerrahisi ve damar sinir eksplorasyonu,surgical,
P611020,"Büyük kemik parçalı kırıkları cerrahisi, açık IMN",surgical,
P611021,"Büyük kemik eklem içi kırıkları cerrahi tedavisi,açık",surgical,
P611030,"Büyük kemik parçalı kırıkları cerrahisi, kapalı IMN",surgical,
P611040,Büyük kemik psödoartrozu cerrahi tedavisi,surgical,
P611050,Küçük kemik kırıkları cerrahi tedavisi,surgical,
P611060,Küçük kemik parçalı kırıkları cerrahi tedavisi,surgical,
P611070,Küçük kemik psödoartrozu cerrahi tedavisi,surgical,
P611080,Orta kemik kırıkları cerrahi tedavisi,surgical,
P611090,Orta kemik parçalı kırıkları cerrahi tedavisi,surgical,
P611100,Orta kemik psödoartrozu cerrahi tedavisi,surgical,
P611110,Önkol çift kemik kırığı,surgical,
P611130,Tek malleol veya epikondil kırığı cerrahi tedavisi,surgical,
P611131,"Pelvis/Asetabulum kırığı, basit",surgical,
P611132,"Pelvis/Asetabulum kırığı, kompleks",surgical,
P611140,Trimalleolar kırık cerrahi tedavisi,surgical,
P611150,Küçük eklem çıkığı açık redüksiyon,surgical,
P611160,Küçük eklem kırıklı çıkığı açık redüksiyon ve fiksasyon,surgical,
P611170,Orta eklem çıkığı açık redüksiyon,surgical,
P611180,Orta eklem kırıklı çıkık açık redüksiyon ve fiksasyon,surgical,
P611190,Büyük eklem çıkığı açık redüksiyon,surgical,
P611200,Büyük eklem kırıklı çıkık veya sinir eksplorasyonlu çıkık cerrahisi,surgical,
P611210,"Çıkık, gecikmiş olgularda (3 hafta ve üzeri ) ilave edilecek puan",surgical,
P611220,"Büyük kemik ve eklem amputasyonu, dezartikülasyonu",surgical,
P611230,"Orta kemik ve eklem amputasyonu, dezartikülasyonu",surgical,
P611240,"Küçük kemik ve eklem amputasyonu, dezartikülasyonu",surgical,
P611250,"Kalça dezartikülasyonu amputasyonu, dezartikülasyonu",surgical,
P611260,"Hindquarter amputasyon amputasyonu, dezartikülasyonu",surgical,
P611270,"Hemipelvektomi, eksternal",surgical,
P611280,"Hemipelvektomi, internal",surgical,
P611290,Büyük kemik osteotomi ve fiksasyon,surgical,
P611300,Orta kemik osteotomi ve fiksasyon,surgical,
P611310,Küçük kemik osteotomi ve fiksasyon,surgical,
P611320,Pin çıkarma,surgical,
P611330,Eksternal fiksatör çıkarma,surgical,
P611340,Büyük kemik implant çıkarma,surgical,
P611350,Büyük kemik sinir eksplorasyonu gerektiren implantların çıkartılması,surgical,
P611360,Orta kemik implant çıkarma,surgical,
P611370,Küçük kemik implant çıkarma,surgical,
P611380,"Yumuşak doku laserasyonu, cilt grefti ile fasiyotomi kapatılması",surgical,
P611390,"Yumuşak doku laserasyonu, derin yabancı cisimler",surgical,
P611400,"Yumuşak doku laserasyonu, fasiyatomi kapatma",surgical,
P611410,"Yumuşak doku laserasyonu, tek kompartman fasiyatomisi",surgical,
P611450,Kemik grefti alınması,surgical,
P611460,Kıkırdak/Osteoartiküler kemik grefti alınması,surgical,
P611470,Akut düğme iliği deformitesi için santralizasyon,surgical,
P611480,Ampute parmak için güdük onarımı,surgical,
P611500,Ampute uzvun heterotopik revaskülarizasyonu,surgical,
P611520,Ayaktan ele parmak nakli,surgical,
P611530,Baş parmak veya parmak rekonstrüksiyonu,surgical,
P611560,Bunion-Bunionette eksizyonu,surgical,
P611570,"Butonier deformitesi, ""swan neck"" deformitesi cerrahisi",surgical,
P611600,Eski ampute edilmiş ekstremitelerde güdük onarımı,surgical,
P611620,Distal Radio-Ulnar Eklem (DRUE) operasyonları,surgical,
P611630,"Dupuytren cerrahisi, basit, avuç içinde sınırlı, tek parmak",surgical,
P611631,"Dupuytren cerrahisi, kompleks, birden fazla parmak",surgical,
P611640,Eklem faresi çıkartılması,surgical,
P611650,El bileği ganglion eksizyonu,surgical,
P611680,Flep ayrılması,surgical,
P611690,"Ganglion eksizyonu, büyük eklem",surgical,
P611691,"Ganglion eksizyonu, küçük eklem",surgical,
P611700,Güdük kapatılması,surgical,
P611710,Halluks valgus yumuşak doku ameliyatları,surgical,
P611720,Heterotopik revaskülarize uzvun ortotopik transplantasyonu,surgical,
P611730,İnguinal ve subpektoral lambo,surgical,
P611740,Karpal instabilite cerrahisi,surgical,
P611750,Karpal kemik rezeksiyonları,surgical,
P611760,"Kontraktür açılması, büyük eklem",surgical,
P611770,"Kontraktür açılması, küçük eklem",surgical,
P611780,"Kontraktür açılması, orta eklem",surgical,
P611790,Majör replantasyonlar,surgical,
P611800,Mallet finger cerrahisi,surgical,
P611810,Minör replantasyonlar,surgical,
P611840,"Parmak replantasyonu, tek bir parmak",surgical,
P611850,"Parmak replantasyonu, ilave her parmak için",surgical,
P611860,Parmak ucu amputasyonlarında lokal flep uygulamaları,surgical,
P611870,Pediküllü kas ve kemik nakli,surgical,
P611880,PEV rekurrens yumuşak doku ameliyatı,surgical,
P611890,Pollisizasyon,surgical,
P611900,Pulley rekonstrüksiyonu,surgical,
P611910,Pulley sistemi kaybının onarımı,surgical,
P611920,Rhizotomi,surgical,
P611930,Serbest doku nakilleri,surgical,
P611940,Servikal kosta ve diğer torasik çıkış sendromu girişimleri,surgical,
P611950,"Tendon grefti ile onarım, tek bir tendon için",surgical,
P611951,"Fleksör tendon onarımı, tek bir tendon için",surgical,
P611952,"Ekstensör tendon onarımı, tek bir tendon için",surgical,
P611960,"Aşil/patellar/quadriceps tendon onarımı, tek bir tendon için",surgical,
P611961,"Tendon onarımı, ilave her tendon için",surgical,
P611970,Tendon protezi uygulanması,surgical,
P611980,"Tendon transferi, tek tendon",surgical,
P611990,"Tendon transferi, ilave her tendon için",surgical,
P612000,Tenodezler,surgical,
P612010,Tenoliz,surgical,
P612020,"Tenoplasti myoplasti, fasiya gevşetilmesi, tek",surgical,
P612030,"Tenoplasti myoplasti, fasiya gevşetilmesi, çok",surgical,
P612040,"Tenotomi, myotomi",surgical,
P612050,Tetik parmak cerrahi tedavisi,surgical,
P612060,"Tırnak çekilmesi, her biri",surgical,
P612070,"Tırnak yatak revizyonu, her biri",surgical,
P612080,Topuk defektleri için lateral kalkaneal flep,surgical,
P612090,Topuk defektleri için ters akımlı sural flep,surgical,
P612100,"Tuzak nöropati, cerrahi tedavi (Kübital ve tarsal tünel vb.)",surgical,
P612110,Vasküler saplı ada flebi,surgical,
P612120,Volkmann iskemik kontraktürü cerrahisi,surgical,
P612130,Yerleşik düğme iliği deformitesi onarımı,surgical,
P612140,Yumuşak doku sinovektomileri,surgical,
P612150,Konjenital büyük eklem çıkığı rekonstrüksiyonu,surgical,
P612160,Konjenital küçük eklem çıkığı rekonstrüksiyonu,surgical,
P612170,Konjenital orta eklem çıkığı rekonstrüksiyonu,surgical,
P612180,Makrodaktili cerrahi tedavileri,surgical,
P612190,"Polidaktili eksizyonu, basit",surgical,
P612200,"Polidaktili eksizyonu, komplike",surgical,
P612210,Radial club hand cerrahi tedavileri,surgical,
P612220,"Sindaktili düzeltilmesi, basit",surgical,
P612230,"Sindaktili düzeltilmesi, komplike",surgical,
P612235,"Yarık el, basit tip",surgical,
P612236,"Yarık el, ağır tip",surgical,
P612240,Ulnar agenezi cerrahi tedavileri,surgical,
P612250,Yüksek skapula rekonstrüksiyonu,surgical,
P612260,Antibiyotikli hazır spacer uygulanması,surgical,
P612270,"Antibiyotikli imalat spacer uygulanması, ameliyathanede",surgical,
P612275,"El bileği artroplastisi revizyonu, total",surgical,
P612276,"El bileği artroplastisi, total",surgical,
P612277,"El bileği artroplastisi, total, çıkartma",surgical,
P612280,"Ayak bileği artroplastisi revizyonu, total",surgical,
P612290,"Ayak bileği artroplastisi, total",surgical,
P612300,"Ayak bileği artroplastisi, total, çıkartma",surgical,
P612310,Basit Core-dekompresyon ameliyatı,surgical,
P612320,"Büyük eklem parsiyel protezleri, primer",surgical,
P612330,Büyük eklem rezeksiyon interpozisyon artroplastisi,surgical,
P612340,"Kalça eklemi total protezleri, primer",surgical,
P612341,"Kalça eklemi total protezleri, kompleks",surgical,
P612350,Büyük trokanterin osteomisi ve transferi,surgical,
P612360,Core-dekompresyon ve greftleme,surgical,
P612370,Core-dekompresyon ve vaskülarize greft,surgical,
P612380,"Dirsek artroplastisi çıkartma, total",surgical,
P612390,"Dirsek artroplastisi revizyonu, total",surgical,
P612400,"Dirsek artroplastisi, total",surgical,
P612410,"Dirsek artroplastisi, total, 10 dereceden az hareketli dirsekte veya 20 dereceden fazla kemik deformitesi varsa",surgical,
P612420,"Diz artroplastisi, total",surgical,
P612421,"Diz artroplastisi, total, komplex",surgical,
P612430,"Diz artroplastisi, total protez çıkarma",surgical,
P612440,"Diz revizyon artroplastisi, total",surgical,
P612441,"Diz revizyon artroplastisi, parsiyel",surgical,
P612450,Büyük eklem yüzey artroplastisi,surgical,
P612451,Orta/küçük eklem yüzey artroplastisi,surgical,
P612460,"Diz artroplastisi, total, polietilen değiştirme",surgical,
P612470,"Kalça artroplastisi, asetebular liner değiştirilmesi, total",surgical,
P612471,"Kalça asetebular revizyonu, parsiyel",surgical,
P612472,"Kalça femoral sistem revizyonu, parsiyel",surgical,
P612480,"Kalça revizyon artroplastisi, total",surgical,
P612490,"Kalça revizyon artroplastisi, total, her iki komponent allogreft veya metal kafesler kullanarak",surgical,
P612500,Kalçadan hemiartroplasti protezi çıkartılması,surgical,
P612501,Kalça total protezin çıkarılması,surgical,
P612510,Kısaltma ve/veya asetabular greft ile yapılan kalça artroplastisi,surgical,
P612520,"Küçük eklem rezeksiyon, interpozisyon artroplastisi",surgical,
P612530,Omuz artroplastisi çıkartılması,surgical,
P612540,Omuz artroplastisi revizyonu,surgical,
P612550,Omuz total artroplastisi,surgical,
P612551,Omuz ters (reverse) artroplastisi,surgical,
P612560,"Orta eklem rezeksiyon, interpozisyon artroplastisi",surgical,
P612570,"Orta eklem ve küçük eklem protezleri, primer",surgical,
P612580,Unikompartmantal diz artroplastisi,surgical,
P612590,Büyük eklem artrodezi,surgical,
P612600,Orta eklem artrodezi,surgical,
P612610,Küçük eklem artrodezi,surgical,
P612620,Büyük kemik osteomyelit tedavisi,surgical,
P612630,Orta kemik osteomyelit tedavisi,surgical,
P612640,Küçük kemik osteomyelit tedavisi,surgical,
P612650,"Artroskopi, tanısal",surgical,
P612651,Girişimsel artroskopi,surgical,
P612710,Artroskopik mozaikplasti,surgical,
P612720,Artroskopik Osteo Kondritis Dissekans (OCD) fiksasyonu,surgical,
P612730,Artroskopik eklem kıkırdağı debritmanı ile birlikte drill ya da mikrokırık,surgical,
P612731,Artroskopik otolog kondrosit implantasyonu,surgical,
P612732,Artroskopik hücresiz matriks/skafold ile kıkırdak tamiri,surgical,
P612740,Artroskopik artrodez,surgical,
P612750,Girişimsel kalça artroskopisi,surgical,
P612751,Artroskopik kalça ekleminde labrum tamiri,surgical,
P612760,"Artroskopik menisküs onarımı, diz",surgical,
P612770,"Artroskopik menisküs transplantasyonu, diz",surgical,
P612810,"Artroskopik lateral gevşetme ve mediyal plikasyon, diz",surgical,
P612820,Artroskopik eklem içi kırık fiksasyonu,surgical,
P612830,"Artroskopik ön çapraz bağ rekonstrüksiyonu, diz",surgical,
P612840,"Artroskopik ön çapraz bağ rekonstrüksiyon revizyonu, diz",surgical,
P612850,"Artroskopik arka çapraz bağ rekonstrüksiyonu, diz",surgical,
P612860,"Artroskopik arka çapraz bağ rekonstrüksiyon revizyonu, diz",surgical,
P612865,Girişimsel ayak bileği artroskopisi,surgical,
P612870,"Artroskopik SLAP onarımı, omuz",surgical,
P612880,"Artroskopik kapsüler kaydırma, omuz",surgical,
P612890,"Artroskopik bankart onarımı, omuz",surgical,
P612900,"Artroskopik rotator kılıf debritmanı, omuz",surgical,
P612910,"Artroskopik rotator kılıf onarımı , omuz",surgical,
P612920,"Artroskopik bursoskopi ve bursektomi, omuz",surgical,
P612930,"Artroskopik akromiyoplasti, omuz",surgical,
P612940,Artroskopik akromiyoklaviküler eklem rezeksiyonu,surgical,
P612950,Artroskopik radius başı rezeksiyonu,surgical,
P612960,Artroskopik Triangüler fibrokartilaj kompleks (TFCC) debritmanı,surgical,
P612970,Artroskopik Triangüler fibrokartilaj kompleks (TFCC) onarımı,surgical,
P612975,"Otolog Kondrosit implantasyonu cerrahisi, açık",surgical,
P612976,"Hücresiz matriks/skafold ile kıkırdak tamiri, açık",surgical,
P612977,Kalça kontrollü çıkık ile labrum tamir veya rekonstrüksiyonu,surgical,
P612980,Akromiyoklaviküler eklem rezeksiyonu,surgical,
P612990,Akromiyoplasti,surgical,
P613000,Arka çapraz bağ rekonstrüksiyonu,surgical,
P613001,"Arka çapraz bağ rekonstrüksiyonu,revizyonu, diz",surgical,
P613010,Ayak bileği kollateral ligament primer onarımı,surgical,
P613020,Ayak bileği kollateral ligament rekonstrüksiyonu,surgical,
P613030,Büyük eklem debritmanı,surgical,
P613031,Yara evantrasyonunda revizyon,surgical,
P613040,Dirsek kollateral ligament rekonstrüksiyonu,surgical,
P613050,Diz dış yan bağ primer onarımı,surgical,
P613060,Diz dış yan bağ rekonstrüksiyonu,surgical,
P613070,Diz iç yan bağ primer onarımı,surgical,
P613080,Diz iç yan bağ rekonstrüksiyonu,surgical,
P613100,Eminensiya kırık fiksasyonu,surgical,
P613110,Greft alınması,surgical,
P613120,Kondral debritman,surgical,
P613130,Korakoakrominal ligament rekonstrüksiyonu,surgical,
P613140,Küçük eklem debritmanı,surgical,
P613150,Küçük eklem ligament rekonstrüksiyonu,surgical,
P613160,Menisektomi,surgical,
P613170,Menisküs kisti eksizyonu,surgical,
P613180,Menisküs onarımı,surgical,
P613190,Menisküs transplantasyonu,surgical,
P613200,Mozaikplasti,surgical,
P613210,Ön çapraz bağ rekonstrüksiyonu,surgical,
P613211,"Ön çapraz bağ rekonstrüksiyon revizyonu, diz",surgical,
P613220,Orta eklem debritmanı,surgical,
P613230,Patella distal ve proksimal dizilim cerrahisi,surgical,
P613240,Patella distal realinman,surgical,
P613250,Patella proksimal dizilim cerrahisi,surgical,
P613260,Rotator kılıf onarımı,surgical,
P613261,"Bankart onarımı, omuz",surgical,
P613270,Septik artrit büyük eklem cerrahisi,surgical,
P613280,Septik artrit küçük eklem cerrahisi,surgical,
P613290,Septik artrit orta eklem cerrahisi,surgical,
P613300,"Sinovektomi, büyük eklem",surgical,
P613310,"Sinovektomi, küçük-orta eklem",surgical,
P613320,Büyük eklem habitüel çıkık onarımı,surgical,
P613330,Orta eklem habitüel çıkık onarımı,surgical,
P613340,Küçük eklem habitüel çıkık onarımı,surgical,
P613350,Aşiloplasti,surgical,
P613360,Aşiloplasti ve posteriyor kapsül gevşetmesi,surgical,
P613370,Ayak komplet subtalar gevşetme,surgical,
P613380,Ayak posteromediyal gevşetme,surgical,
P613390,Chiari osteotomisi,surgical,
P613400,"Gelişimsel kalça çıkığı, açık redüksiyon",surgical,
P613410,Gelişimsel kalça çıkığı kapalı redüksiyonu ve pelvipedal alçı,surgical,
P613420,Gelişimsel kalça çıkığında pelvik osteotomiler,surgical,
P613430,Gelişimsel kalça çıkığında periasetabular osteotomiler,surgical,
P613440,"Gelişimsel kalça çıkığı, radikal redüksiyon",surgical,
P613450,Gelişimsel kalça çıkığında üçlü pelvik osteotomiler (Steel vb.),surgical,
P613460,Osteoklazi,surgical,
P613470,PEV manüplasyon dahil alçı,surgical,
P613480,Plantar fasiya ve addüktör tendonların gevşetilmesi,surgical,
P613490,Shelf osteotomisi,surgical,
P613500,Üçlü artrodez,surgical,
P613510,Trokanter majör transferi,surgical,
P613520,Vertikal talus ameliyatları,surgical,
P613530,"Tenotomi, kalça addüktörleri, kapalı, subkütan",surgical,
P613540,"Tenotomi, kalça addüktörleri, açık",surgical,
P613550,"Tenotomi, iliyopsoas, açık",surgical,
P613560,Anteriyor girişim ile vertebra apse drenajı,surgical,
P613570,Anteriyor girişim ile vertebra apse drenajı ve korpektomi ile birlikte strut greftleme,surgical,
P613580,Anteriyor girişim ile vertebra apse drenajı ve anteriyor enstrümentasyon,surgical,
P613590,Anteriyor girişim ile vertebra apse drenajı ve posteriyor enstrümentasyon,surgical,
P613600,Posteriyor girişim ile vertebra apse drenajı,surgical,
P613610,Posteriyor girişim ile vertebra apse drenajı ve korpektomi ile birlikte strut greftleme,surgical,
P613620,Posteriyor girişim ile vertebra apse drenajı ve posteriyor enstrümentasyon,surgical,
P613630,"Posteriyor elemanların osteotomisi, tek vertebra segmenti",surgical,
P613640,Posteriyor elemanlar ve anterior korpusu da içeren osteotomiler,surgical,
P613650,"Spinal osteotomi, tek vertebra segmenti, anteriyor yaklaşım ile",surgical,
P613660,"Konkav veya konveks kosta osteotomisi, her seviye için",surgical,
P613670,"Vertebra kırıklarının redüksiyonu, manipülasyon veya traksiyonsuz",surgical,
P613680,"Vertebra kırıklarının kapalı tedavisi, manipülasyon veya traksiyonla",surgical,
P613690,"Vertebra kırık veya çıkığı tek seviye, posteriyor yaklaşımla enstrümentasyon 4 seviyeye kadar",surgical,
P613700,"Vertebra kırık veya çıkığı tek seviye, posteriyor yaklaşımla enstrümentasyon 4 seviyeden fazla",surgical,
P613710,"Vertebra kırık veya çıkığı tek seviye, enstrümentasyon 4 seviyeye kadar, anteriyor yaklaşımla",surgical,
P613720,"Vertebra kırık veya çıkığı tek seviye, anteriyor yaklaşımla enstrümentasyon 4 seviyeden fazla",surgical,
P613730,"Vertebra kırığı veya çıkığı tek seviye, anteriyor dekompresyon- enstrümentasyon ve füzyon (4 seviyeye kadar) ile birlikte posteriyor enstrümentasyon ve füzyon",surgical,
P613740,Otogreft alınması (İliyak kanat),surgical,
P613750,Nonvaskülarize fibular strut greft alınması,surgical,
P613760,"Anteriyor artrodez, transoral veya ekstraoral yolla",surgical,
P613770,"Anteriyor artrodez, interbody tekniği ile",surgical,
P613780,"Her ek vertebra segmenti için anteriyor artrodez , interbody tekniği ile",surgical,
P613790,"Kraniyoservikal artrodez, posteriyor teknik ile",surgical,
P613800,"Atlas-aksis artrodez, posteriyor teknik ile",surgical,
P613810,"Servikal artrodez, posteriyor-posterolateral teknik ile",surgical,
P613820,"Her ek vertebra için artrodez, posteriyor-posterolateral teknik ile",surgical,
P613830,"Artrodez anteriyor, 3 vertebral segmente kadar",surgical,
P613840,"Artrodez anteriyor, 4 veya daha fazla vertebral segment",surgical,
P613850,Kifotik deformite için anteriyor trikortikal strut greftleme,surgical,
P613860,Kifotik deformite için vaskülarize kosta ile greftleme,surgical,
P613870,"Artrodez posteriyor, 7 vertebral segmente kadar",surgical,
P613880,"Artrodez posteriyor, 8 veya daha fazla vertebral segment",surgical,
P613890,"Artrodez posteriyor, tek disk aralığı",surgical,
P613900,"Artrodez posteriyor, her disk aralığı",surgical,
P613910,Spinal füzyon eksplorasyonu,surgical,
P613920,Anteriyor enstrümantasyon; 3 vertebra segmentine kadar,surgical,
P613930,Anteriyor enstrümantasyon; 4 veya daha fazla vertebra segmenti,surgical,
P613940,Anteriyor odontoid fiksasyonu,surgical,
P613950,Anteriyor sakroiliyak fiksasyon,surgical,
P613960,Crutchfield takılması,surgical,
P613970,"Enstrümantasyon çıkarılması, 6 seviyeden fazla",surgical,
P613980,"Enstrümantasyon çıkarılması, 6 veya daha az vertebra segmenti",surgical,
P613990,Halo fiksasyon uygulanması,surgical,
P614000,"Pelvik fiksasyon, sakrum dışında",surgical,
P614010,"Posteriyor C1-C2 enstrümantasyonu+ vida rod+ transartiküler vida + lamina, spinöz proses telleme",surgical,
P614020,Posteriyor oksipitoservikal enstrümantasyon,surgical,
P614030,Posteriyor sakroiliyak fiksasyon,surgical,
P614040,Posteriyor segmental enstrümantasyon; 6 veya daha az vertebra segmenti,surgical,
P614050,Posteriyor segmental enstrümantasyon; 7 veya daha fazla vertebra segmenti,surgical,
P614060,Posteriyor segmental olmayan enstrümantasyon,surgical,
P614070,Spinöz proseslerin tellenmesi ile internal spinal fiksasyon,surgical,
P614080,"Translaminer faset eklem vida fiksasyonu, tek seviye",surgical,
P614090,"Vertebra defektlerine, strüktürel, strut greft veya prostetik materyal yerleştirilmesi",surgical,
P614100,Kifektomi,surgical,
P614110,Spondilolizis pars kırık onarımı,surgical,
P614120,"Sakrektomi, parsiyel",surgical,
P614130,"Sakrektomi, total",surgical,
P614140,"Vertebroplasti, tek seviye",surgical,
P614150,Kifoplasti,surgical,
P614160,Faset eklem blokajı,surgical,
P614170,Spondilolistezis cerrahi redüksiyon,surgical,
P614180,Büyük kemik bifokal,surgical,
P614190,Büyük kemik defektli psödoartrozu,surgical,
P614200,Büyük kemik psödoartrozu,surgical,
P614210,Kemik-kemik defektli psödoartrozu,surgical,
P614220,Küçük kemik psödoartrozu,surgical,
P614230,Orta kemik defektli psödoartrozu,surgical,
P614240,Orta kemik psödoartrozu,surgical,
P614250,Büyük kemik kallo-hemikallotazis ile deformite düzeltilmesi,surgical,
P614260,Orta kemik kallo-hemikallotazis ile deformite düzeltilmesi,surgical,
P614270,Küçük kemik kallo-hemikallotazis ile deformite düzeltilmesi,surgical,
P614280,"Hemikondrodiastazis, büyük kemik",surgical,
P614290,Büyük eklem kontraktürünün eksternal fiksatör ile açılması,surgical,
P614300,Küçük eklem kontraktürünün eksternal fiksatör ile açılması,surgical,
P614320,Büyük kemik uzatma/ Deformite Düzeltme Cerrahisi,surgical,
P614330,Orta kemik uzatma/Deformite Düzeltme Cerrahisi,surgical,
P614340,Küçük kemik uzatma/Deformite Düzeltme Cerrahisi,surgical,
P614350,"Kemik tümörü açık biyopsisi, (büyük kemik)",surgical,
P614351,"Kemik tümörü açık biyopsisi, (orta/küçük kemik)",surgical,
P614353,Kapalı kemik biyopsisi,surgical,
P614360,"Yumuşak doku tümörü açık biyopsisi, pelvis içi",surgical,
P614370,"Yumuşak doku tümörü trokar veya iğne biyopsisi, pelvis içi",surgical,
P614380,"Benign yumuşak doku tümörü, derin",surgical,
P614390,"Benign yumuşak doku tümörü, kompleks",surgical,
P614400,"Benign yumuşak doku tümörü, pelvis içi",surgical,
P614410,"Benign yumuşak doku tümörü, yüzeyel",surgical,
P614420,Büyük kemik malign tümörünün geniş veya radikal rezeksiyonu,surgical,
P614430,Büyük kemik benign tümörü veya kistinin küretaj veya rezeksiyonu,surgical,
P614440,Küçük kemik benign tümörü veya kistinin küretaj veya rezeksiyonu,surgical,
P614450,Küçük kemik malign tümörünün geniş veya radikal rezeksiyonu,surgical,
P614460,"Malign yumuşak doku tümörü rezeksiyonu, derin",surgical,
P614470,"Malign yumuşak doku tümörü rezeksiyonu, kompleks",surgical,
P614480,"Malign yumuşak doku tümörü rezeksiyonu, pelvis içi",surgical,
P614490,"Malign yumuşak doku tümörü rezeksiyonu, yüzeyel",surgical,
P614500,Orta kemik malign tümörünün geniş veya radikal rezeksiyonu,surgical,
P614510,Orta kemik benign tümörü veya kistinin küretaj veya rezeksiyonu,surgical,
P614520,Spine benign kemik tümörü veya kistinin küretaj veya rezeksiyonu,surgical,
P614530,Spine malign kemik tümörünün geniş veya radikal rezeksiyonu,surgical,
P614540,"Total kapalı eklem rezeksiyonu, büyük eklem",surgical,
P614550,"Total kapalı eklem rezeksiyonu, orta eklem",surgical,
P614551,Tümör rezeksiyon protezi ile diz artroplastisi,surgical,
P614552,Tümör rezeksiyon protezi ile kalça artroplastisi,surgical,
P614553,Tümör rezeksiyon protezi ile omuz artroplastisi,surgical,
P614554,Tümör rezeksiyon protezi ile dirsek artroplastisi,surgical,
P614555,Tümör rezeksiyon protezi ile total büyük kemik ve/veya eklem artroplastisi,surgical,
P614556,Metastatik tümörlerde profilaktik fiksasyon,surgical,
P614560,Damarlı kemik transplantasyonu,surgical,
P614570,"Eklem transplantasyonu, total",surgical,
P614580,Kemik defektlerinin yonga greft ile doldurulması,surgical,
P614590,Kemik kaydırma yöntemi ile rekonstrüksiyon,surgical,
P614600,Kısmi eklem transplantasyonu,surgical,
P614610,Masif allogreft ile rekonstrüksiyon,surgical,
P614620,"Rezeksiyon artrodezi, büyük eklem",surgical,
P614630,"Rezeksiyon artrodezi, küçük eklem",surgical,
P614640,"Rezeksiyon artrodezi, orta eklem",surgical,
P614650,Segmental greft ile rekonstrüksiyon,surgical,
P614660,Modüler tümör protezi ile rekonstrüksiyon,surgical,
P614720,Uzun süreli video EEG için subdural elektrot konması için cerrahi girişim,surgical,
P614730,Uzun süreli video EEG amaçlı Foramen ovale elektrotu için cerrahi girişim,surgical,
P614740,Uzun süreli video EEG amaçlı derin elektrot konması için cerrahi girişim,surgical,
P614750,Kortikal stimülasyon,surgical,
P614760,Elektrokortikografi,surgical,
P614770,"Vestibüler nörektomi, transkanal",surgical,
P614780,MAI dekompresyonu,surgical,
P614790,BOS fistüllerinin onarımı,surgical,
P614800,Temporal kemik tümör eksizyonu,surgical,
P614810,Akustik tümör eksizyonu,surgical,
P614820,"Vestibüler nörektomi, retrosigmoid-retrolabirenter",surgical,
P614830,Dekompresyon ameliyatı (AICA),surgical,
P614840,Açık kordotomi,surgical,
P614850,Baklofen pompa implantasyonu,surgical,
P614860,"Derin beyin nörostimülatörü implantasyonu, iki taraf",surgical,
P614870,"Derin beyin nörostimülatörü implantasyonu, tek taraf",surgical,
P614880,Dorsal kolon stimülasyonu,surgical,
P614890,Eksternal radyoşirürji,surgical,
P614900,Faset denervasyonu,surgical,
P614910,Mikroelektrot kayıt,surgical,
P614920,"Mikroelektrot kayıt eşliğinde pallidotomi, iki taraf",surgical,
P614930,"Mikroelektrot kayıt eşliğinde pallidotomi, tek taraf",surgical,
P614940,"Mikroelektrot kayıt eşliğinde talamotomi, iki taraf",surgical,
P614950,"Mikroelektrot kayıt eşliğinde talamotomi, tek taraf",surgical,
P614960,Mikroelektrot kayıtla nörostimülatör implantasyonu,surgical,
P614970,Mikrovasküler dekompresyon,surgical,
P614981,İntraoperatif nöronavigasyon,surgical,
P614990,Perkütan foramen ovale gasser gangliyon bloğu,surgical,
P615000,Perkütan foramen ovale gasser gangliyonu RF termokoagülasyonu,surgical,
P615010,Perkütan kordotomi,surgical,
P615020,Perkütan sempatik blokaj,surgical,
P615030,Perkütan traktotomi,surgical,
P615040,Selektif dorsal rizotomi,surgical,
P615050,Stereotaktik biyopsi,surgical,
P615060,Stereotaktik brakiterapi,surgical,
P615070,"Stereotaktik talamotomi, iki taraf",surgical,
P615080,"Stereotaktik talamotomi, tek taraf",surgical,
P615090,Stereotaktik kateterizasyon,surgical,
P615100,Stereotaktik kraniyotomi,surgical,
P615110,"Stereotaktik pallidotomi, iki taraf",surgical,
P615120,"Stereotaktik pallidotomi, tek taraf",surgical,
P615130,Stereotaktik singulotomi-kapsulotomi,surgical,
P615140,Trigeminal nörektomi,surgical,
P615150,Vestibüler nörotomi,surgical,
P615160,Hidrosefali şant ameliyatları,surgical,
P615161,Hidrosefali Şant Revizyonu,surgical,
P615170,"Hidrosefali ameliyatları, 3.ventrikülostomi",surgical,
P615171,Araknoid Kist Endoskopik Fenestrasyon,surgical,
P615180,"BOS fistülünün kraniyotomi ile ameliyatları, transkraniyal yolla",surgical,
P615190,"BOS fistülü ameliyatları, transsfenoidal yolla",surgical,
P615200,"Kafa kaidesinde dura onarımı, kraniyotomi ile",surgical,
P615201,Dekompresif Kraniektomi,surgical,
P615202,Chiari malformasyonu dekompresyon+duraplasti,surgical,
P615203,Kisto-peritoneal şant takılması,surgical,
P615204,Eksternal ventriküler veya lomber drenaj seti uygulanması,surgical,
P615205,Syringomyeli şantları,surgical,
P615210,Endoskopik tümör biyopsisi,surgical,
P615220,Endoskopik akuaduktoplasti,surgical,
P615230,"Burr Hole eksplorasyonu, tek",surgical,
P615240,"Burr Hole eksplorasyonu, her bir ilave için",surgical,
P615250,"Epidural hematom drenajı, kraniyektomi ile",surgical,
P615260,"Epidural hematom drenajı, kraniyotomi ile",surgical,
P615270,"Subdural hematomun kraniyotomi ile drenajı, tek taraf",surgical,
P615280,"Subdural hematomun kraniyotomi ile drenajı, iki taraf",surgical,
P615290,"Subdural hematomun Burr Hole ile drenajı, tek taraf",surgical,
P615300,"Subdural hematomun Burr Hole ile drenajı, iki taraf",surgical,
P615310,"Depresyon fraktürü, basit",surgical,
P615320,"Depresyon fraktürü, komplike",surgical,
P615330,"Duraplasti, galeal greft ile",surgical,
P615331,"Duraplasti, diğer greftler (Sentetik vb) ile",surgical,
P615340,"Duraplasti, fasiya lata grefti ile",surgical,
P615350,3. ventrikül içi tümörleri,surgical,
P615351,Endoskopik 3. ventrikül içi tümör cerrahisi,surgical,
P615360,"Anevrizma ameliyatları, aynı keside çoklu",surgical,
P615370,"Anevrizma ameliyatları, ayrı keside çoklu",surgical,
P615380,"Anevrizma ameliyatları, tek",surgical,
P615390,Arteriyovenöz malformasyon ameliyatları,surgical,
P615400,"Beyin apsesi, Burr Hole ile aspirasyon",surgical,
P615410,"Beyin apsesi cerrahisi, kraniyotomi ile",surgical,
P615420,Beyin intraparankimal kist hidatik çıkarılması,surgical,
P615430,Glial tümör eksizyonu,surgical,
P615440,"Glial tümör eksizyonu, mikroşirürjikal teknikle",surgical,
P615441,Yüzeyel metastatik beyin tümörleri,surgical,
P615442,Derin metastatik beyin tümörleri,surgical,
P615450,"Glial tümör eksizyonu, lobektomi ilavesiyle",surgical,
P615460,"İntraorbital tümör eksizyonu, kraniyotomi ile",surgical,
P615470,"İntraserebral hematom boşaltılması, Burr Hole ile",surgical,
P615480,"İntraserebral hematom boşaltılması, kraniyotomi ile",surgical,
P615490,Kaide tümörleri,surgical,
P615500,Karotid endarterektomi,surgical,
P615510,Karotikokavernöz fistül veya anevrizması,surgical,
P615520,Konveksite tümörleri cerrahisi,surgical,
P615530,Köşe tümörleri cerrahisi,surgical,
P615540,Lateral ventrikül içi tümörleri cerrahisi,surgical,
P615550,"Parasagital (İnterhemisferik), tentoriyel açıklık vb.yerleşimli tümörlerin cerrahisi",surgical,
P615560,Pineal kitle ameliyatları,surgical,
P615570,Posteriyor fossa tümörleri cerrahisi,surgical,
P615571,4. Ventrikül tümör cerrahisi,surgical,
P615572,Beyin sapı lezyonlar cerrahisi,surgical,
P615580,Sellar ve parasellar tümörleri cerrahisi,surgical,
P615581,Petroklival bölge tümör cerrahisi,surgical,
P615582,Kavernöz sinus tümör cerrahisi,surgical,
P615583,Kavernom ameliyatları,surgical,
P615584,Mikrocerrahi kist fenestrasyonu,surgical,
P615585,Subdural /epidural abse ameliyatları,surgical,
P615586,Uyanık kraniyotomi ile tümör eksizyonu,surgical,
P615590,Serebral by-pass ameliyatları,surgical,
P615600,Transsfenoidal hipofizektomi,surgical,
P615601,Endoskopik hipofiz cerrahisi,surgical,
P615602,Endoskopik BOS fistülü cerrahisi,surgical,
P615610,Ekstratemporal rezeksiyonlar,surgical,
P615620,Hemidekortikasyon,surgical,
P615630,Hemisferektomi,surgical,
P615640,Korpus kallozotomi,surgical,
P615650,Selektif amigdalohipokampektomi,surgical,
P615660,Subpial insizyon,surgical,
P615670,"Serebral lobektomi total, mediyal veya lateral",surgical,
P615680,Vagal stimülatör takılması,surgical,
P615690,Spinal meningosel eksizyonu,surgical,
P615700,Spinal meningomyelosel eksizyonu,surgical,
P615710,"Spinal disrafizm, kapalı ameliyatları",surgical,
P615720,Sakrokoksigeal teratom eksizyonu,surgical,
P615730,Diskografi tek seviye,surgical,
P615750,"İntradural, intramedüller vertebra apsesi drenajı",surgical,
P615760,Lomber intradural tümör eksizyonu,surgical,
P615761,Lomber ekstradural tümör eksizyonu,surgical,
P615770,Lomber spinal kord AVM eksizyonu,surgical,
P615800,Servikal intradural ekstramedüller tümör eksizyonu,surgical,
P615801,Servikal ekstradural tümör eksizyonu,surgical,
P615810,Servikal intramedüller tümör eksizyonu,surgical,
P615820,Servikal spinal kord AVM eksizyonu,surgical,
P615830,Spinal syringomyeli drenajı eksizyonu,surgical,
P615831,Servikal anterior oblik korpektomi tek omurga,surgical,
P615840,Torakal intradural ekstramedüller tümör eksizyonu,surgical,
P615841,Torakal ekstradural tümör eksizyonu,surgical,
P615850,Torakal intramedüller tümör eksizyonu,surgical,
P615860,Torakal spinal kord AVM eksizyonu,surgical,
P615880,"Lomber diskektomi, tek seviye",surgical,
P615881,"Lomber diskektomi, nüks",surgical,
P615890,"Lomber diskektomi, tek seviye, iki taraf",surgical,
P615895,Transsakral girişimle kamera eşliğinde lomber epidural diskoplasti,surgical,
P615900,Lomber laminektomi ve iki taraflı diskektomi,surgical,
P615910,Lomber laminektomi ve tek taraf diskektomi,surgical,
P615920,"Lomber mikrocerrahi ile diskektomi, tek seviye",surgical,
P615921,İnterlaminar yol ile Endoskopik lomber disk cerrahisi,surgical,
P615922,Transforaminal yol ile Endoskopik lomber disk cerrahisi,surgical,
P615930,"Lomber mikrocerrahi ile iki taraflı diskektomi, tek seviye",surgical,
P615940,"Anteriyor yaklaşım ve mikrocerrahi ile servikal diskektomi ,tek mesafe",surgical,
P615941,"Posterior yaklaşım ile servikal diskektomi, nüks",surgical,
P615950,"Anteriyor yaklaşım ve mikrocerrahi ile servikal diskektomi ve intervertebral greft-kafes -disk protezi uygulaması ,tek mesafe",surgical,
P615951,"Anteriyor yaklaşım ile servikal diskektomi, nüks",surgical,
P615960,Servikal laminektomi ve disk boşaltılması,surgical,
P615970,Torakal disk eksizyonu,surgical,
P615971,"İnterbody füzyon ameliyatı ( ekstrem lateral, direkt lateral)",surgical,
P615972,"Torakal disk eksizyonu, nüks",surgical,
P615980,Torakal kostatransversektomi ile disk eksizyonu,surgical,
P615990,Torakal transtorasik disk eksizyonu,surgical,
P615991,Transsakral girişimle kamera eşliğinde lomber epidural adezyolizis,surgical,
P616000,Kraniyovertebral junction anomalisi ameliyatları veya dekompresyon,surgical,
P616010,"Lomber hemilaminektomi - laminotomi, parsiyel /total, tek omurga",surgical,
P616020,"Lomber laminektomi, tek omurga",surgical,
P616030,"Lomber laminoplasti, tek omurga",surgical,
P616040,"Lomber parsiyel korpektomi, tek omurga",surgical,
P616050,"Servikal hemilaminektomi - laminotomi, tek omurga",surgical,
P616060,"Servikal, torakal veya lomber korpektomi, tek omurga",surgical,
P616070,"Servikal laminektomi, tek omurga",surgical,
P616080,"Servikal laminoplasti, tek omurga",surgical,
P616090,"Servikal veya torakal parsiyel korpektomi, tek omurga",surgical,
P616100,"Torakal hemilaminektomi - laminotomi, tek omurga",surgical,
P616110,"Torakal laminektomi, tek omurga",surgical,
P616120,"Torakal laminoplasti, tek omurga",surgical,
P616130,Total omurga rezeksiyonu,surgical,
P616140,Transoral odontoidektomi,surgical,
P616141,Endoskopik odontoid cerrahisi,surgical,
P616150,Yalnızca deriye müdahale ile statik onarımlar,surgical,
P616160,Fasiya veya tendon grefti ile askı ameliyatları,surgical,
P616170,Kas transpozisyonu veya greft ile düzeltme,surgical,
P616180,Fasiyal sinir onarımı,surgical,
P616190,Fasiyal sinirin greftle onarımı,surgical,
P616200,Hipoglossal sinir transpozisyonu,surgical,
P616210,Mikronörovasküler teknik ile kas transferi,surgical,
P616220,Yumuşak doku suspansiyonu,surgical,
P616230,Nöroliz,surgical,
P616231,"Sempatektomi aksiller, tek taraf",surgical,
P616240,"Sempatektomi lomber, tek taraf",surgical,
P616250,"Sempatektomi lomber, iki taraf",surgical,
P616260,"Sempatektomi servikal, tek taraf",surgical,
P616270,"Sempatektomi servikal, iki taraf",surgical,
P616280,Periferik arter sklerizasyonu,surgical,
P616290,"Torakal sempatektomi, tek taraf",surgical,
P616300,"Torakal sempatektomi, iki taraf",surgical,
P616310,Sinir grefti alınması,surgical,
P616320,Sinir için torasik çıkım sendromu ameliyatları,surgical,
P616330,Brakiyal pleksus eksplorasyonları,surgical,
P616331,Brakiyal pleksus Erb Palsi rekonstrüksiyonu(Greft veya sinir transferleri ile 3 sinire kadar),surgical,
P616332,Brakiyal pleksus Erb Palsi rekonstrüksiyonu(Greft veya sinir transferleri ile 4 sinir ve üzeri),surgical,
P616340,Lomber pleksus eksplorasyonları,surgical,
P616350,"Her türlü periferik sinir eksplorasyonu, tek bir sinir",surgical,
P616360,Nervus medianusun dekompresyonu,surgical,
P616370,Nervus ulnaris transpozisyonu,surgical,
P616380,Supraskapüler sinir kompresyon sendromu ve dekompresyon cerrahisi,surgical,
P616390,"Nervus radialis posterior interosseous kompresyon sendromu, dekompresyon cerrahisi",surgical,
P616400,Meralgia parestetika dekompresyon ameliyatı,surgical,
P616410,Tarsal tünel sendromu dekompresyon ameliyatı,surgical,
P616420,Kraniyal sinirlerin mikrovasküler dekompresyon,surgical,
P616430,"Dijital veya diğer saf duyu sinir onarımı,tek bir sinir",surgical,
P616431,"Motor veya mikst sinir onarımı,tek bir sinir",surgical,
P616440,"Dijital veya diğer saf duyu sinir onarımı, greft ile,tek bir sinir",surgical,
P616441,"Motor veya mikst sinir onarımı,greft ile,tek bir sinir",surgical,
P616450,"Dijital veya diğer saf duyu sinir onarımı, greft ile, ilave her bir sinir",surgical,
P616451,"Motor veya mikst sinir onarımı, greft ile, ilave her bir sinir",surgical,
P616460,Dijital sempatektomi,surgical,
P616470,"Ayarlanabilir sütür, pitozis",surgical,
P616490,Dermoid kist eksizyonu,surgical,
P616510,Ektropiyum için cerrahi girişim,surgical,
P616520,Entropiyum için cerrahi girişim,surgical,
P616530,Epikantus onarımı,surgical,
P616540,"Frontale asma teknikleri, pitozis",surgical,
P616550,Görüş alanına engel yaratan psödopitoz tedavisi,surgical,
P616560,Göz kapağı deri defektlerinin rekonstrüksiyonu,surgical,
P616570,Göz kapağı tam kat defektlerinin rekonstrüksiyonu,surgical,
P616580,Göz kapağına altın implantasyonu,surgical,
P616590,Kantoplasti,surgical,
P616600,"Kapak kesisi sütürasyonu, 1 cm'den fazla",surgical,
P616610,"Kapak kesisi sütürasyonu, 1 cm'ye kadar",surgical,
P616620,"Kapak kesisi sütüre edilmesi, kirpikli kenar, kaş veya tars onarımı",surgical,
P616630,"Kapak rekonstrüksiyonu, greft veya flep ile",surgical,
P616640,Kapak tümörü ameliyatı,surgical,
P616670,Kapak veya konjonktiva biyopsisi,surgical,
P616680,Kapaklara kriyo aplikasyonu,surgical,
P616700,Kemodenervasyon,surgical,
P616710,"Levator prosedürleri, pitozis",surgical,
P616730,Saçlı deriden ada flep yardımı ile kaş rekonstrüksiyonu,surgical,
P616740,Saçlı derinin kompozit greft olarak kullanıldığı kaş rekonstrüksiyonu,surgical,
P616750,Tarsorafi,surgical,
P616760,Telekantüs onarımı,surgical,
P616770,Alt konka kırılması,surgical,
P616780,"Dakriosistorinostomi (DSR), eksternal",surgical,
P616790,"Dakriosistorinostomi (DSR), endonazal",surgical,
P616800,Göz yaşı yolları entübasyonu,surgical,
P616810,Göz yaşı yolları entübasyonu ve alt konka kırılması,surgical,
P616820,Kanalikül kesisi reperasyonu,surgical,
P616830,Kese ablasyonu,surgical,
P616840,Kese flegmonu drenajı,surgical,
P616870,Nazolakrimal balon uygulamaları,surgical,
P616880,Nazolakrimal kanal oklüzyonuna girişim-probing,surgical,
P616900,Tüp implantlı konjonktival rinostomi,surgical,
P616910,"Rektuslara geriletme veya rezeksiyon, her biri",surgical,
P616920,"Rektuslara geriletme ve rezeksiyon, aynı göz",surgical,
P616930,Her iki gözde birer rektusa geriletme ve/veya rezeksiyon,surgical,
P616960,Adele transpozisyonu,surgical,
P616970,"Ayarlanabilir sütür, şaşılık",surgical,
P616980,Faden ameliyatı,surgical,
P616990,"Nistagmus cerrahisi, her iki gözde tüm horizontal kaslara geriletme",surgical,
P617000,Amnion zarı ile yüzey rekonstrüksiyonu,surgical,
P617010,Delici göz yaralanmaları tamiri,surgical,
P617020,Fototerapötik keratektomi (PTK),surgical,
P617030,İntraoküler yabancı cisimlerin çıkarılması,surgical,
P617040,Keratoplasti,surgical,
P617050,Keratoprotez uygulaması,surgical,
P617051,Korneal Cross-Linking uygulaması,surgical,
P617052,İntrakorneal halka uygulaması,surgical,
P617060,Konjonktiva örtmesi,surgical,
P617070,"Konjonktiva plastiği, greft ile",surgical,
P617090,Konjonktivadan kist ve tümör çıkarılması,surgical,
P617120,"Kornea hazırlanması, transplantasyon için",surgical,
P617130,Kornea kesisi sütüre edilmesi,surgical,
P617170,Limbal kök hücre transplantasyonu,surgical,
P617210,Pterjium ameliyatı,surgical,
P617211,Otogreftli Pterjium ameliyatı,surgical,
P617230,Şeffaf lens ekstraksiyonu,surgical,
P617240,Yüksek miyopide negatif lens implantasyonu,surgical,
P617250,"Fotoretraktif keratoplasti (PRK), eximer lazer ile",surgical,
P617260,"LASIK, LASEK",surgical,
P617270,Radyal keratotomi,surgical,
P617280,Astigmatik keratotomi,surgical,
P617290,Açı revizyonu,surgical,
P617300,Dissizyon veya kapsülektomi,surgical,
P617310,Dissizyon-lens aspirasyonu,surgical,
P617320,Dissizyon-lens aspirasyonu ile birlikte ön vitrektomi,surgical,
P617330,Dissizyon-lens aspirasyonu ve ön vitrektomi ile birlikte intraoküler lens implantasyonu,surgical,
P617340,Fakoemülsüfikasyon ve intraoküler lens implantasyonu,surgical,
P617341,"Kataraktta fakoemilsifikasyon ve intraoküler lens implantasyonu (Multifokal, astigmatik veya torik, multifokal ve torik)",surgical,
P617342,Femtosaniye lazer ile katarakt cerrahisi,surgical,
P617350,"İridodiyaliz düzeltilmesi, 3 saat kadranı kadar",surgical,
P617360,"İridodiyaliz düzeltilmesi, 4-6 saat kadranı kadar",surgical,
P617370,"İridodiyaliz düzeltilmesi, 6 saat kadranından çok",surgical,
P617380,Kapsül germe halkası yerleştirilmesi,surgical,
P617390,Kapsül içine sekonder intraoküler lens implantasyonu,surgical,
P617400,Lazer iridotomi,surgical,
P617410,Lazer kapsülotomi-sineşiotomi,surgical,
P617420,Lens ekstraksiyonu ve intraoküler lens implantasyonu,surgical,
P617430,"Lens ekstraksiyonu, ekstrakapsüler",surgical,
P617440,"Lens ekstraksiyonu, intrakapsüler",surgical,
P617441,İntraoküler lens (IOL) repozisyonu işlemi,surgical,
P617442,İntraoküler lens (IOL) çıkarılması,surgical,
P617450,Ön kamara veya sulkusa sekonder intraoküler lens implantasyonu,surgical,
P617451,Ön kamaradan silikon alınması,surgical,
P617460,Parsplana lensektomi,surgical,
P617470,Parsplana lensektomi ve intraoküler lens implantasyonu,surgical,
P617480,Periferik iridektomi,surgical,
P617490,Pupilloplasti,surgical,
P617500,Sineşiotomi,surgical,
P617510,Skleral fiksasyon ile sekonder intraoküler lens implantasyonu,surgical,
P617520,Travmatik paralitik midriyazis için pupillaplasti,surgical,
P617525,Vitreus Wick sendromunda YAG lazer uygulaması,surgical,
P617530,Ankiste bleb revizyonu,surgical,
P617540,Glokomla kombine katarakt ameliyatları,surgical,
P617550,"Gonyotomi, trabekülotomi",surgical,
P617560,"Lazer gonyoplasti, trabeküloplasti",surgical,
P617570,"Seton ameliyatı (Tüp, molteno vb.)",surgical,
P617580,Siklodiyaliz,surgical,
P617590,Siklofotokoagülasyon,surgical,
P617600,Siklokrioterapi,surgical,
P617610,Trabekülektomi,surgical,
P617620,Viskokanalostomi,surgical,
P617640,"Vitrektomi, anterior",surgical,
P617650,"Vitrektomi, pars plana",surgical,
P617660,"Vitroretinal cerrahi, tüm işlemler",surgical,
P617661,Prematüre retinopatisinde vitroretinal cerrahi,surgical,
P617670,Pnömatik retinopeksi,surgical,
P617680,"Dekolman ameliyatları, kriyo aplikasyonu",surgical,
P617690,"Dekolman ameliyatları, sörklaj, lokal",surgical,
P617700,Makula dejenerasyonu için fotodinamik tedavi,surgical,
P617710,Silikon yağı çıkarılması,surgical,
P617730,Ekvatoryel kriyoterapi,surgical,
P617740,Deri veya mukoza grefti kullanarak soket onarımı,surgical,
P617750,Ekzanterasyon ve alın flebi ile birlikte deri grefti,surgical,
P617760,Ekzanterasyon ve deri grefti,surgical,
P617770,Ekzanterasyon ve temporal kas flebi ile birlikte deri grefti,surgical,
P617780,Ekzanterasyon ve ikincil iyileşmeye bırakmak,surgical,
P617790,"Ekzoftalmus için orbital dekompresyon, iki taraf",surgical,
P617800,Enükleasyon veya evisserasyon,surgical,
P617810,Hidroksiapatit implant için peg takılması,surgical,
P617820,İntraorbital tümör,surgical,
P617830,İntraorbital yabancı cisimlerin çıkarılması,surgical,
P617840,Mobil hidroksiapatit implantı,surgical,
P617850,Mobil implantlı enükleasyon,surgical,
P617860,Optik sinir dekompresyon operasyonu,surgical,
P617870,Orbita dekompresyon operasyonu,surgical,
P617880,Orbitotomi,surgical,
P617900,Radyoaktif plak çıkarılması,surgical,
P617910,Radyoaktif plak uygulaması,surgical,
P617930,Soket revizyonu,surgical,
P617950,Stafilom tashihi,surgical,
P617960,Ampute kulak kepçesinin kompozit greft olarak sütüre edilmesi,surgical,
P617990,"Aurikula eksizyonu, basit",surgical,
P618000,"Aurikula eksizyonu, total",surgical,
P618010,Basit mastoidektomi,surgical,
P618021,Canal Wall Down timpanoplasti,surgical,
P618030,Dış kulak yolu atrezisi,surgical,
P618050,"Dış kulak yolu, ekzositoz eksizyonu",surgical,
P618060,"Dış kulak yolu, malign kısımların radikal eksizyonu",surgical,
P618080,"Dış kulak yolu, yabancı cisim çıkarılması, cerrahi",surgical,
P618090,Eksploratis timpanotomi,surgical,
P618100,"Endolenfatik sak operasyonu, şant ile",surgical,
P618110,"Endolenfatik sak operasyonu, şant olmaksızın",surgical,
P618120,Fasiyal sinir dekompresyonu,surgical,
P618130,Fasiyal sinir sütürü,surgical,
P618140,"Glomus tümör eksizyonu, genişletilmiş eksternal yaklaşım ile",surgical,
P618150,"Glomus tümör eksizyonu, transmastoid yaklaşım ile",surgical,
P618160,"Glomus tümör eksizyonu, transmeatal yaklaşım ile",surgical,
P618170,İki loblu kulak memesinin onarımı,surgical,
P618171,İnfratemporal fossa tip A cerrahisi,surgical,
P618172,İnfratemporal fossa tip B cerrahisi,surgical,
P618173,İnfratemporal fossa tip C cerrahisi,surgical,
P618180,Kemik iletimi işitme dekompresyonu,surgical,
P618190,"Kepçe kulak onarımı, tek taraf",surgical,
P618200,Koklear implant yerleştirilmesi,surgical,
P618201,Orta kulağa implante edilebilir işitme cihazları yerleştirilmesi,surgical,
P618202,Kemiğe implante edilebilir işitme cihazı yerleştirilmesi,surgical,
P618203,İşitsel beyin sapı implantı yerleştirilmesi,surgical,
P618204,Koklear implant revizyonu,surgical,
P618205,Kemiğe implante edilebilir işitme cihazı revizyonu,surgical,
P618206,Kafa bandı uygulaması,surgical,
P618207,Bilateral koklear implant yerleştirilmesi,surgical,
P618210,Kriptotia düzeltilmesi,surgical,
P618220,Kulak kepçesi replantasyonu,surgical,
P618230,Kulak kepçesinde yerleşik tümörler için tam kat rezeksiyon ve primer sütür,surgical,
P618250,"Kulak rekonstrüksiyonu, tek aşamalı",surgical,
P618260,Labirentektomi (TALK operasyonu),surgical,
P618270,"Labirentektomi, mastoidektomi ile",surgical,
P618280,"Labirentektomi, transkanal",surgical,
P618290,Makrotia düzeltilmesi,surgical,
P618310,"Meatoplasti, stenozlarda",surgical,
P618315,Dış kulak yolu kapatılması,surgical,
P618320,Mikrotia onarımı için lobül transpozisyonu,surgical,
P618330,Mikrotia onarımı için posterior sulkus oluşturulması,surgical,
P618340,Mikrotia onarımı için kıkırdak çatı hazırlanması-yerleştirilmesi,surgical,
P618350,Miringoplasti,surgical,
P618370,Petröz apeks rezeksiyonu ve radikal mastoidektomi,surgical,
P618380,Radikal veya çoklu modifiye radikal mastoidektomi,surgical,
P618390,Stapedektomi,surgical,
P618400,Temporal kemik rezeksiyonu,surgical,
P618410,Timpanoplasti,surgical,
P618411,"Ventilasyon tüpü uygulaması, tek taraf",surgical,
P618420,"Timektomi, basit",surgical,
P618430,"Timektomi, maksimal",surgical,
P618440,"Substernal tiroidektomi, intratorasik",surgical,
P618450,"Tiroid biyopsisi, cerrahi",surgical,
P618460,"Tiroidektomi subtotal, tek taraf",surgical,
P618470,"Tiroidektomi subtotal, iki taraf",surgical,
P618480,"Tiroidektomi total, tek taraf",surgical,
P618490,"Tiroidektomi total, iki taraf",surgical,
P618500,Tiroidektomi (Tek taraf total ve karşı taraf subtotal),surgical,
P618510,"Tiroidektomi (tamamlayıcı, total)",surgical,
P618511,Nüks tiroidektomi,surgical,
P618520,"Paratiroid kas implantasyonu, otogreft",surgical,
P618530,"Paratiroidektomi, adenom için",surgical,
P618540,"Paratiroidektomi, hiperplazi veya kanser için",surgical,
P618550,"Sürrenalektomi transperitoneal, tek taraf",surgical,
P618551,"Sürrenalektomi transperitoneal, tek taraf, laparoskopik",surgical,
P618560,"Sürrenalektomi lomber, ekstra peritoneal, tek taraf",surgical,
P618570,Nöroblastom eksizyonu,surgical,
P618580,"Atnalı böbrek revizyonu, istmektomi",surgical,
P618590,"Böbrek biyopsisi, açık cerrahi",surgical,
P618600,Böbrek kisti rezeksiyonu,surgical,
P618610,Böbrek transplantasyonu,surgical,
P618620,Böbrek tümörü perkütan rezeksiyonu,surgical,
P618630,Endopyelotomi,surgical,
P618640,ESWL 1. seans,surgical,
P618641,ESWL 2. seans,surgical,
P618642,ESWL 3. seans,surgical,
P618650,Laparoskopik nefrektomi,surgical,
P618660,"Nefrektomi, basit",surgical,
P618670,"Nefrektomi, canlı donör",surgical,
P618680,"Nefrektomi, parsiyel",surgical,
P618690,"Nefrektomi, radikal",surgical,
P618700,"Nefrektomi, subkapsüler",surgical,
P618710,Nefrokütanöz fistül onarımı,surgical,
P618720,Nefrolitotomi,surgical,
P618730,"Nefrolitotomi, anatrofik",surgical,
P618740,"Nefrolitotomi, perkütan",surgical,
P618750,Nefropeksi,surgical,
P618760,Nefropyelolitotomi,surgical,
P618770,Nefrostomi kapatılması,surgical,
P618780,"Nefrostomi, açık cerrahi",surgical,
P618790,Nefroüreterektomi,surgical,
P618800,Nefroüreterektomi ve parsiyel sistektomi,surgical,
P618810,"Nefrovezikal stent yerleştirilmesi, subkütan",surgical,
P618820,"Perirenal apse drenajı, cerrahi",surgical,
P618830,Piyelolitotomi,surgical,
P618840,Piyeloplasti,surgical,
P618850,Piyelostomi,surgical,
P618860,Renal arter plastik operasyonu,surgical,
P618861,Wilm’s tümörü çıkarılması,surgical,
P618870,"Renal kist eksizyonu, laparoskopik",surgical,
P618880,Renal rüptür onarımı,surgical,
P618890,"Retrograd pyelografi, endoskopi dahil",surgical,
P618900,Travmatik böbrek rüptüründe onarım,surgical,
P618910,Endoskopik üreter taşı tedavisi,surgical,
P618920,Retrograd üreteral kateterizasyon,surgical,
P618930,Transüreteroüreterostomi,surgical,
P618940,Urakus kist ve fistül eksizyonu,surgical,
P618950,Üreter tümöründe üreterektomi ve anastomoz,surgical,
P618960,Üreteral J Stent yerleştirilmesi,surgical,
P618970,Üreteral balon dilatasyonu,surgical,
P618980,Double J harici kalıcı üreteral stent yerleştirilmesi,surgical,
P618990,Üreteral stent çıkarılması,surgical,
P619000,Üreteral substitüsyonlar (İleal üreter),surgical,
P619010,"Üretere basket konulması, transüreterolitotomi",surgical,
P619020,Üreterektomi,surgical,
P619030,Üreterokalisiyel anastamoz,surgical,
P619040,Üreterokütaneostomi,surgical,
P619050,Üreterokütaneostomi kapatılması,surgical,
P619060,Üreterolitotomi,surgical,
P619070,Üreterolizis,surgical,
P619080,"Üreteroneosistostomi, iki taraf",surgical,
P619090,"Üreteroneosistostomi, tek taraf",surgical,
P619100,Üreteroplasti,surgical,
P619110,"Üreteroplasti, megaüreterde",surgical,
P619120,"Üreterorenoskopi, biyopsi",surgical,
P619130,"Üreterorenoskopi, tanısal",surgical,
P619140,"Üreterorenoskopi, tümör tedavisi",surgical,
P619150,Üreterosel eksizyonu veya insizyonu,surgical,
P619160,"Üreterosel, açık eksizyonel tedavi",surgical,
P619170,"Üreterosel, endoskopik tedavi",surgical,
P619180,Üreterosigmoidostomi,surgical,
P619190,Üreterostomi,surgical,
P619200,Üreteroüreterostomi,surgical,
P619210,"Üriner diversiyon, ileal loop",surgical,
P619220,"Üriner diversiyon, kontinan",surgical,
P619230,"Üriner diversiyon, üreterokutanöz anastomoz",surgical,
P619240,"Üriner diversiyon, üreterosigmoidostomi",surgical,
P619250,Artifisyel sfinkter takılması,surgical,
P619260,Artifisyel sfinkter çıkartılması,surgical,
P619270,Augmentasyon sistoplasti,surgical,
P619280,"Ekstrofi vezikalis, mesane boynu onarımı",surgical,
P619290,"Ekstrofi vezikalis, primer onarım",surgical,
P619300,"Ekstrofi vezikalis, üretroplasti",surgical,
P619310,Barsaktan mesane substitüsyonları,surgical,
P619320,Divertikülektomi,surgical,
P619330,"Mesane suspansiyonu, laparoskopik",surgical,
P619340,Mesane boynu rezeksiyonu,surgical,
P619350,Mesane boynuna inkontinansta madde enjeksiyonu,surgical,
P619360,Mesane divertikülü eksizyonu,surgical,
P619370,Mesane perforasyon onarımı,surgical,
P619390,Mesane tümörü (TUR) (< 3 cm),surgical,
P619400,Mesane tümörü (TUR) (≥ 3 cm),surgical,
P619415,"Mesane TUR (Tümöral olmayan, reTUR, TUR biyopsi)",surgical,
P619420,"Mesane tümörü rezeksiyonu, cerrahi",surgical,
P619430,Mesane tümöründe lazerle tedavi,surgical,
P619440,Mesanenin prekanseröz lezyonlarında fulgurasyon,surgical,
P619450,Mitrofanof veya Monti prosedürü,surgical,
P619460,Sakral implant yerleştirilmesi,surgical,
P619470,"Sistektomi, basit",surgical,
P619480,"Sistektomi, parsiyel",surgical,
P619490,"Sistektomi, total",surgical,
P619500,"Sistolitotomi, açık cerrahi",surgical,
P619510,"Sistolitotomi, endoskopik",surgical,
P619520,"Sistoskopi ve mesaneden ""punch"" biyopsi",surgical,
P619530,"Sistoskopi, tanısal/ Sistoüretroskopi",surgical,
P619540,"Sistostomi, açık",surgical,
P619550,"Sistostomi, perkütan",surgical,
P619570,Travmatik mesane rüptüründe onarım,surgical,
P619580,Vezikoplasti,surgical,
P619590,Vezikorektal fistül onarımı,surgical,
P619600,Vezikoservikal fistül onarımı,surgical,
P619610,Vezikovajinal fistül onarımı,surgical,
P619620,Vezikostomi,surgical,
P619630,Vezikostomi kapatılması,surgical,
P619640,"Vezikoüreteral reflüde subüreterik enjeksiyon, iki taraf",surgical,
P619650,"Vezikoüreteral reflüde subüreterik enjeksiyon, tek taraf",surgical,
P619660,Epispadias onarımı,surgical,
P619670,"Hipospadias onarımı, distal",surgical,
P619681,"Hipospadias onarımı, penoskrotal",surgical,
P619682,"Hipospadias onarımı, perineal",surgical,
P619690,İnternal üretrotomi,surgical,
P619700,Posterior üretral valv rezeksiyonu,surgical,
P619710,Distal üretra yaralanmalarında primer onarım,surgical,
P619720,Rail-road kateterizasyon (Travmatik üretra ruptüründe),surgical,
P619730,Retropubik üretropeksi ve sling ameliyatları,surgical,
P619740,Üretra yaralanmalarında transpubik onarım,surgical,
P619750,Üretra dilatasyonu,surgical,
P619760,Üretra veya mesaneden taş veya yabancı cisim çıkarılması,surgical,
P619770,Üretral balon dilatasyonu ve/veya stent yerleştirilmesi,surgical,
P619780,Üretral divertikülektomi,surgical,
P619790,Üretral fistül onarımı,surgical,
P619800,Üretral instilasyon,surgical,
P619810,Üretral kordi onarımı,surgical,
P619820,Üretrektomi,surgical,
P619830,"Üretrolitotomi, açık",surgical,
P619840,Üretrolizis,surgical,
P619850,Üretroplasti,surgical,
P619860,"Üretroplasti, flep ile",surgical,
P619870,"Üretroplasti, transpubik",surgical,
P619880,"Üretroplastiler, hipospadias-epispadias dışı",surgical,
P619890,Üretrostomi,surgical,
P619900,Üretrovajinal fistül operasyonu,surgical,
P619910,Müdahaleli vajinal doğum,surgical,
P619911,Müdahaleli vajinal doğum (İlk doğum),surgical,
P619912,Müdahaleli vajinal doğum (Çoğul gebelik),surgical,
P619913,Müdahaleli vajinal ilk doğum (Çoğul gebelik),surgical,
P619920,Normal vajinal doğum,surgical,
P619921,Normal vajinal doğum (İlk doğum),surgical,
P619922,Epidural anestezi ile vajinal doğum,surgical,
P619923,Epidural anestezi ile vajinal doğum (Çoğul gebelik),surgical,
P619925,Suda vajinal doğum,surgical,
P619926,Normal vajinal doğum (Çoğul gebelik),surgical,
P619927,Normal vajinal ilk doğum (Çoğul gebelik),surgical,
P619929,Sezaryen (Çoğul gebelik),surgical,
P619930,Sezaryen,surgical,
P619940,Amniyoinfüzyon,surgical,
P619950,Amniyosentez,surgical,
P619960,Fetal kan numunesi (Kordosentez),surgical,
P619970,Fetosid,surgical,
P619980,İntrauterin cerrahi,surgical,
P619981,Fetal cerrahi ile spina bifida onarımı,surgical,
P619990,İntrauterin transfüzyon,surgical,
P620000,Korion villus alınması,surgical,
P620010,McDonald-Schirodkar,surgical,
P620020,Bartholin kisti çıkarılması,surgical,
P620050,Endometriyal biyopsi,surgical,
P620060,İmperfore himen açılması,surgical,
P620070,Kolpotomi,surgical,
P620090,Labiyal füzyon açılması,surgical,
P620101,Bumm küretaj,surgical,
P620110,Servikal biyopsi,surgical,
P620120,Servikal biyopsi ve tanısal küretaj,surgical,
P620130,Servikal koterizasyon,surgical,
P620140,Servikal polip çıkarılması,surgical,
P620150,Servikal polipektomi ve tanısal küretaj,surgical,
P620160,"Terapötik küretaj, teşhis ve tedavi amaçlı",surgical,
P620200,Anal sfinkter yetmezliği operasyonu,surgical,
P620220,"Bartholin kisti koterizasyonu, gümüş nitrat ile",surgical,
P620230,Gartner veya inklüzyon kisti eksizyonu,surgical,
P620240,Kolposkopi,surgical,
P620250,Kondilom koterizasyonu,surgical,
P620260,Konizasyon operasyonu,surgical,
P620270,LEEP operasyonu,surgical,
P620280,Mancherster-Fothergill operasyonu,surgical,
P620290,Pelvis apsesinin vajinal yolla drenajı,surgical,
P620300,Perinoplasti,surgical,
P620310,Rektosel,surgical,
P620320,Servikal stump çıkarılması,surgical,
P620321,Servikosakropeksi,surgical,
P620330,Sistorektosel operasyonu,surgical,
P620340,Sistosel operasyonu,surgical,
P620350,Skinning vulvektomi,surgical,
P620360,Stumdorf operasyonu,surgical,
P620370,Tıbbi nedenli tahliye (10 hafta ve daha üstü),surgical,
P620380,Dilatasyon ve kürtaj (10 haftadan küçük),surgical,
P620390,Üretral karunkül operasyonu,surgical,
P620400,Üretral kist operasyonu,surgical,
P620410,"Vajen darlığının genişletilmesi, cerrahi",surgical,
P620411,Vajene doğmuş myomun çıkarılması,surgical,
P620419,Vajinal histerektomi,surgical,
P620420,Vajinal histerektomi rektosel operasyonu,surgical,
P620421,Vajinal histerektomi ve sistosel operasyonu,surgical,
P620430,Vajinal histerektomi ve salpingoooferektomi (Tek veya iki taraf),surgical,
P620440,Vajinal histerektomi ve sistorektosel operasyonu,surgical,
P620450,Vajinal yolla enterosel tamiri,surgical,
P620460,Vajinektomi,surgical,
P620461,Klitoroplasti,surgical,
P620462,Labioplasti,surgical,
P620470,"Vajina rekonstrüksiyonu, deri grefti ile",surgical,
P620480,"Vajina rekonstrüksiyonu, deri flepleri ile",surgical,
P620490,"Vajina rekonstrüksiyonu, barsak segmenti transferi ile",surgical,
P620500,Baldy Webster suspansiyon,surgical,
P620510,Dış gebelik operasyonu,surgical,
P620520,Endometriyoma ve endometriyozis operasyonu,surgical,
P620530,"Histerektomi, abdomial (TAH)",surgical,
P620540,"Histerektomi ile birlikte salpingo-ooferektomi, abdomial (TAH+USO veya TAH+BSO)",surgical,
P620560,Tüp ligasyonu,surgical,
P620570,Myomektomi,surgical,
P620580,Ooferektomi (Tek veya iki taraf),surgical,
P620590,Over transpozisyonu,surgical,
P620591,Over detorsiyonu,surgical,
P620600,Overyel veya paraoveryel kist eksizyonu,surgical,
P620610,Over Wedge rezeksiyon (Tek taraf veya iki taraf),surgical,
P620620,Postpartum tüp ligasyonu,surgical,
P620630,Salpingo-ooferektomi (Tek taraf veya iki taraf),surgical,
P620640,Salpinjektomi (Tek taraf veya iki taraf),surgical,
P620650,Sterilizasyon operasyonları,surgical,
P620660,Subtotal histerektomi,surgical,
P620661,Subtotal histerektomi ve salpingooforektomi (Tek taraf veya iki taraf),surgical,
P620662,Uterus perforasyonunun / rüptürasyonunun onarımı,surgical,
P620670,Uterosakral ligamentin kısaltılması,surgical,
P620680,Abdominal ve kombine entorosel tamiri,surgical,
P620690,Burch operasyonu,surgical,
P620701,Debulking ameliyatı,surgical,
P620710,Double needle operasyonu,surgical,
P620720,Hipogastrik arter ligasyonu,surgical,
P620730,Kuldoplasti,surgical,
P620740,Laparoskopik histerektomi,surgical,
P620750,Lash operasyonu,surgical,
P620760,Le Forte operasyonu (Kolpokleizis),surgical,
P620770,Marshall- Marchetti Kranz operasyonu,surgical,
P620771,Paravajinal onarım,surgical,
P620780,Pereyra operasyonu,surgical,
P620790,Periaortik pelvik lenf diseksiyonu,surgical,
P620800,Postoperatif cuff prolapsus tamiri (Abdominal fasiyal suspansiyon ile kolpopleksi),surgical,
P620810,Vajinal sakrospinoz ligamentopeksi,surgical,
P620820,Presakral nörektomi,surgical,
P620821,Promontofiksasyon,surgical,
P620830,Radikal anterior rezeksiyon,surgical,
P620840,Radikal posterior rezeksiyon,surgical,
P620850,Radikal vulvektomi,surgical,
P620860,Raz operasyonu,surgical,
P620870,Rektovajinal fistül,surgical,
P620880,Richardson kompozit operasyonu,surgical,
P620890,Sakrokolpopeksi,surgical,
P620900,Shauta Emerichh operasyonu,surgical,
P620910,Sling operasyonu (IVS-TVT dahil),surgical,
P620920,Total pelvik rezeksiyon,surgical,
P620921,Transobturator tape uygulaması,surgical,
P620940,Vulvektomi,surgical,
P620950,Wertheim ameliyatı (Radikal histerektomi),surgical,
P620951,Radikal parametrektomi,surgical,
P620960,William Dolores suspansiyon,surgical,
P620970,"Histeroskopi, diyagnostik",surgical,
P620980,"Histeroskopi, operatif",surgical,
P620990,"Laparoskopi, tanısal",surgical,
P621000,İnfertilitede laparoskopik cerrahi,surgical,
P621010,"Metroplasti, her biri",surgical,
P621020,"Mikrocerrahi ile miyomektomi, her biri",surgical,
P621030,Tubaplasti,surgical,
P621040,Vajinal rekonstrüksiyon (Mc Indoe),surgical,
P621043,Sağlam çocuk doğmasına yönelik invitro fertilizasyon (IVF),surgical,
P621044,Kök hücre vericisi kardeş doğmasına yönelik invitro fertilizasyon (İVF),surgical,
P621045,İnvitro fertilizasyon (İVF),surgical,
P621046,Freezing işlemi uygulanan embriyonun transferi,surgical,
P621050,Ekspoze olmuş penil implantın çıkarılması,surgical,
P621060,Ekspoze olmuş penil implantın üzerinin örtülmesi,surgical,
P621070,Fimozis açılması,surgical,
P621071,Sünnet,surgical,
P621080,Korpus kavernozum drenajı (Priapismus),surgical,
P621090,Meatotomi,surgical,
P621100,Mikrocerrahi ile penis rekonstrüksiyonu ve penil implant yerleştirilmesi,surgical,
P621110,Parafimozis redüksiyonu,surgical,
P621120,"Penektomi, parsiyel",surgical,
P621130,Penil dorsal ven ligasyonu,surgical,
P621140,Penil fraktür onarımı,surgical,
P621150,Penil plikasyon,surgical,
P621160,Çok parçalı penil protezin çıkarılması,surgical,
P621170,Tek parçalı penil protezin çıkarılması,surgical,
P621180,Çok parçalı penil protez implantasyonu,surgical,
P621190,Tek parçalı penil protez implantasyonu,surgical,
P621200,Penil revaskülarizasyon,surgical,
P621210,"Penis rekonstrüksiyonu, mikrocerrahi gerektiren bir teknik ile",surgical,
P621220,"Penis rekonstrüksiyonu, rejyonel flep ile",surgical,
P621230,Penis replantasyonu,surgical,
P621240,Penis uzatma,surgical,
P621250,Peyronie plak eksizyonu,surgical,
P621260,"Peyronie plak eksizyonu, greft ile",surgical,
P621270,Radikal penektomi,surgical,
P621280,Rejyonel flep ile penis rekonstrüksiyonu ve penil protez implantasyonu,surgical,
P621290,Safeno-kavernozal şant (Priapismus),surgical,
P621300,Spongio-kavernozal şant (Priapismus),surgical,
P621310,Prostat apsesinin perineal drenajı,surgical,
P621320,"Prostat iğne biyopsisi, çoklu",surgical,
P621330,"Prostat iğne biyopsisi, ultrason kılavuzluğunda, çoklu",surgical,
P621340,"Prostat kanserinde laparoskopik lenfadenektomi, iki taraf",surgical,
P621360,Prostata lazer tedavisi,surgical,
P621380,Prostata TUNA,surgical,
P621390,"Prostatektomi, unipolar TUR",surgical,
P621391,"Prostatektomi, bipolar TUR",surgical,
P621400,"Prostatektomi, açık",surgical,
P621410,"Prostatektomi, radikal",surgical,
P621420,Transüretral prostat insizyonu,surgical,
P621430,İntraprostatik stent yerleştirilmesi,surgical,
P621440,Ejakülatör kanal rezeksiyonu,surgical,
P621450,Epididim kisti eksizyonu,surgical,
P621460,Epididimektomi,surgical,
P621470,Fournier gangreni için debritman,surgical,
P621480,Funiküler kist eksizyonu,surgical,
P621490,Hematoselektomi,surgical,
P621500,Hemiskrotektomi,surgical,
P621510,"Hidroselektomi, tek taraf",surgical,
P621520,Hidroselektomi ve herniyoplasti,surgical,
P621530,İnguinal eksplorasyon,surgical,
P621540,"İnguinal orşiyektomi, tek taraf",surgical,
P621550,İnmemiş testis cerrahisi,surgical,
P621560,"İnmemiş testis cerrahisi iki taraf, herni onarımı iki taraf",surgical,
P621570,"İnmemiş testis cerrahisi iki taraf, herni onarımı tek taraf",surgical,
P621580,"İnmemiş testis cerrahisi tek taraf, herni onarımı iki taraf",surgical,
P621590,Kord eksizyonu,surgical,
P621600,Laparoskopik ektopik testis araştırılması,surgical,
P621610,Laparoskopik orşiyopeksi,surgical,
P621620,Mikrocerrahi epididimal sperm aspirasyonu,surgical,
P621630,Perkütan epididimal sperm aspirasyonu,surgical,
P621640,Ön üretradan papillom koterizasyonu,surgical,
P621650,Seminal vezikülektomi,surgical,
P621651,"Skrotal orşiyektomi, tek taraf",surgical,
P621652,"Skrotal orşiyektomi, iki taraf",surgical,
P621660,Spermatoselektomi,surgical,
P621670,"Testiküler fiksasyon, iki taraf",surgical,
P621680,"Testiküler fiksasyon, tek taraf",surgical,
P621690,Testiküler sperm ekstraksiyonu (TESE),surgical,
P621700,"Testis biyopsileri, açık (Tek, bilateral)",surgical,
P621710,"Testis detorsiyonu, açık",surgical,
P621720,"Testis detorsiyonu, kapalı",surgical,
P621730,Testis protezi yerleştirilmesi,surgical,
P621740,"Varikoselektomi, tek taraf",surgical,
P621770,"Varikoselektomi, iki taraf",surgical,
P621780,Vazektomi,surgical,
P621790,Vazoepididimostomi,surgical,
P621800,Vazovazostomi,surgical,
P700640,"Geçici transvenöz kalp pili; atriyal veya ventriküler, ilk işlem",surgical,
P700650,"Geçici kalp pili elektrotunun yeniden yerleştirilmesi, her bir uygulama",surgical,
P700660,"Kalıcı kalp pili takılması, atriyal veya ventriküler, ilk işlem",surgical,
P700670,"Kalıcı kalp pili takılması, atriyoventriküler",surgical,
P700680,"Kalıcı kalp pili takılması biventriküler, 3 elektrotlu",surgical,
P700690,"Kalıcı kalp pili değiştirilmesi, jeneratör",surgical,
P700692,Kalıcı kalp pili elektrotu değiştirilmesi,surgical,
P700700,"ICD (Implantable Cardioverter Defibrillator) takılması, tek elektrot",surgical,
P700710,"ICD (Implantable Cardioverter Defibrillator) takılması, iki elektrot",surgical,
P700711,ICD tek elektrot revizyonu,surgical,
P700712,ICD iki elektrot revizyonu,surgical,
P700713,ICD üç elektrot revizyonu,surgical,
P700714,ICD tek elektrot çıkarılması,surgical,
P700715,ICD iki elektrot çıkarılması,surgical,
P700716,ICD üç elektrot çıkarılması,surgical,
P700717,ICD tek elektrot değiştirilmesi,surgical,
P700718,ICD iki elektrot değiştirilmesi,surgical,
P700719,ICD üç elektrot değiştirilmesi,surgical,
P700720,ICD batarya değiştirilmesi,surgical,
P700721,ICD elektrot/elektrotlarının ekstraksiyon cihazı ile değiştirilmesi,surgical,
P700722,ICD elektrot/elektrotlarının ekstraksiyon cihazı ile çıkarılması,surgical,
P700723,ICD batarya ve elektrotlarının (tüm sistemin) çıkarılması,surgical,
P700724,ICD batarya ve elektrotlarının (tüm sistemin) ekstraksiyon cihazı ile çıkarılması,surgical,
P700730,"Biventriküler ICD takılması, üç elektrot",surgical,
P700731,Kalıcı kalp pili lead çıkarılması,surgical,
P700732,Pil cebinin revizyonu ve relokasyonu,surgical,
P700733,ICD cebinin revizyonu ve relokasyonu,surgical,
P700740,Sağ kalp kateterizasyonu,surgical,
P700750,Endomiyokardiyal biyopsi,surgical,
P700760,Sol kalp kateterizasyonu,surgical,
P700770,Transseptal sol kalp kateterizasyonu,surgical,
P700780,Sağ ve sol kalp kateterizasyonu,surgical,
P700800,Kardiyak debi ve indeks ölçümü,surgical,
P700801,Pulmoner vasküler reaktivite değerlendirilmesi,surgical,
P700810,Selektif koroner anjiyografi,surgical,
P700811,Basınç veya Doppler teli ile intrakoroner hemodinamik çalışma,surgical,
P700820,Selektif koroner anjiyografi ve ventrikülografi ve/veya aortografi,surgical,
P700830,Selektif sağ-sol koroner anjiyografi ve by-pass kontrolü,surgical,
P700840,"Selektif koroner anjiyografi, sağ ve sol kalp kateterizasyonu",surgical,
P700841,Asiyanotik doğumsal kalp hastalığında tanısal kalp kateterizasyonu,surgical,
P700842,Siyanotik doğumsal kalp hastalığında tanısal kalp kateterizasyonu,surgical,
P700843,2 yaş altı doğumsal kalp hastalıklarında tanısal kalp kateterizasyonu,surgical,
P700844,Yenidoğan doğumsal kalp hastalıklarında tanısal kalp kateterizasyonu,surgical,
P700845,Doğumsal kalp hastalıklarında tanısal kalp kateterizasyonu ve selektif koroner anjiyografi,surgical,
P700846,Kardiyak debi ve indeks ölçümü,surgical,
P700847,Pulmoner vasküler reaktivite değerlendirilmesi,surgical,
P700850,"Trombolitik (Fibrinolitik) tedavi, intrakoroner",surgical,
P700860,Trombolitik tedavi (Diğer arterler-pulmoner vb.),surgical,
P700870,"Trombolitik tedavi uygulaması, venöz yoldan",surgical,
P700880,"Perkütan transluminal koroner anjiyoplasti, tek damar (Balon)",surgical,
P700890,"Perkütan transluminal koroner anjiyoplasti, ilave her damar için",surgical,
P700900,"Perkütan transluminal koroner aterektomi, balon anjiyoplasti dahil",surgical,
P700910,"Perkütan transluminal koroner anjiyoplasti ve stent, tek damar",surgical,
P700920,"Perkütan transluminal koroner anjiyoplasti ve stent, ilave her damar için",surgical,
P700921,Perkütan transluminal koroner artere direkt stent,surgical,
P700922,"Perkütan transluminal koroner artere direkt stent, ilave her damar için",surgical,
P700923,"Perkütan transkateter antiembolik filtre uygulaması, balon ve/veya stente ek olarak",surgical,
P700924,Perkütan endovasküler yabancı cisim çıkarılması,surgical,
P700930,"Perkütan balon valvüloplasti, mitral kapak için",surgical,
P700940,"Perkütan balon valvüloplasti, edinsel aort stenozu için",surgical,
P700942,Perkütan perikart sıvısı drenajı (Floroskopi veya ekokardiyografi altında),surgical,
P700943,Perkütan mitral kapak onarımı,surgical,
P700944,Transkateter protez aortik kapak implantasyonu (Replasmanı),surgical,
P700945,Transkateter protez pulmoner kapak implantasyonu (Replasmanı),surgical,
P700946,Paravalvüler leak kapama,surgical,
P700990,"Lazer anjiyoplasti, koroner arter",surgical,
P700991,"Perkütan septal alkol ablasyonu, hipertrofik kardiyomyopatide",surgical,
P700992,Perkütan sol appendiks kapatılması,surgical,
P701000,Perkütan intraaortik balon yerleştirilmesi,surgical,
P701001,Perkütan pulmoner balon valvüloplasti,surgical,
P701002,"Perkütan pulmoner balon valvüloplasti, yenidoğan",surgical,
P701003,Perkütan aort balon valvüloplasti,surgical,
P701004,"Perkütan aort balon valvüloplasti, yenidoğan",surgical,
P701005,"Doğumsal kalp hastalıklarında perkütan balon anjiyoplasti, preoperatif veya postoperatif",surgical,
P701006,"Doğumsal kalp hastalıklarında perkütan balon anjiyoplasti, yenidoğan, preoperatif veya postoperatif",surgical,
P701007,"Doğumsal kalp hastalıklarında perkütan balon anjiyoplasti ve stent uygulaması, preoperatif veya postoperatif",surgical,
P701008,Balon atriyal septostomi,surgical,
P701009,Balon atriyal septoplasti ve septostomi,surgical,
P701010,Temel tanısal elektrofizyolojik çalışma,surgical,
P701011,Transözefajiyal elektrofizyolojik çalışma,surgical,
P701012,Blade atriyal septostomi ve balon septostomi,surgical,
P701013,Perkütan transkateter PDA kapatılması (Ductus oklüzyonu),surgical,
P701014,"Perkütan trans kateter aortopulmoner kollateral, venovenöz kollateral veya arteriyövenöz fistül oklüzyonu",surgical,
P701015,Perkütan transkateter koroner-kameral fistül oklüzyonu,surgical,
P701016,Perkütan transkateter guide-wire ile atretik kapak perforasyonu ve balon valvüloplasti,surgical,
P701017,Perkütan transkateter atretik kapak perforasyonu ve balon valvüloplasti ile duktal stent implantasyonu,surgical,
P701018,Perkütan duktus arteriyozusa stent implantasyonu,surgical,
P701019,Perkütan transkateter device ile ASD veya PFO kapatılması,surgical,
P701021,Perkütan transkateter device ile VSD kapatılması,surgical,
P701022,Periventriküler transkateter device ile VSD kapatılması,surgical,
P701030,"Radyofrekans kateter ile ablasyon, supraventriküler",surgical,
P701031,"Kriyoablasyon, supraventriküler",surgical,
P701040,"Radyofrekans kateter ile ablasyon, ventriküler",surgical,
P701041,"Kriyoablasyon, ventriküler",surgical,
P701050,AV nod ablasyonu,surgical,
P701061,Kompleks haritalama yöntemiyle yapılan RF kateter ablasyonu,surgical,
P701062,"Kriyobalon ile ablasyon, atriyal fibrilasyon, pulmoner ven izolasyonu",surgical,
P701063,Kompleks haritalama yöntemiyle yapılan kriyoablasyon,surgical,
P701064,Kompleks haritalama eşliğinde radyofrekans ablasyon katateri ile yapılan pulmoner ven izolasyonu ile atriyal fibrilasyon ablasyonu,surgical,
P701065,Kompleks haritalama eşliğinde radyofrekans katater ile yapılan sol atriyal taşikardi ablasyonu,surgical,
P701066,Ventriküler taşikardi nedeniyle mükerrer ICD şok varlığında kompleks haritalama eşliğinde radyofrekans ablasyon katateri ile endokardial ventriküler taşikardi ablasyonu,surgical,
P701067,Ventriküler taşikardi nedeniyle mükerrer ICD şok varlığında kompleks haritalama eşliğinde radyofrekans ablasyon katateri ile endokardial ablasyona ilavaten epikardial ventriküler taşikardi ablasyonu,surgical,
P701260,Akalazyada balon dilatasyonu,surgical,
P701270,Alt ve/veya üst GİS kanamalarında heater prob veya injeksiyon tedavisi veya klip uygulaması,surgical,
P701310,Endoskopik biliyer endoprotez yerleştirilmesi,surgical,
P701350,Endoskopik perkütan gastrostomi,surgical,
P701360,Endoskopik retrograd kolanjiyopankreotografi,surgical,
P701410,Gastroskopik polipektomi,surgical,
P701411,Endoskopik mukoza rezeksiyonu,surgical,
P701420,Gastrointestinal sistem darlıklarında balon veya buji dilatasyonu,surgical,
P702520,"Rekompresyon tedavisi, Tip I Dekompresyon Hastalığı",surgical,
P702530,"Rekompresyon tedavisi, Tip II Dekompresyon Hastalığı, birinci seans",surgical,
P702550,"Rekompresyon tedavisi, karışım gazla Tip I Dekompresyon Hastalığı",surgical,
P702560,"Rekompresyon tedavisi, karışım gazla Tip II Dekompresyon Hastalığı",surgical,
P702570,"Rekompresyon tedavisi, arteriyel gaz embolisi",surgical,
P702580,"Hiperbarik oksijen tedavisi, 1-2 ATA seansı",surgical,
P702590,"Hiperbarik oksijen tedavisi, 2-3 ATA seansı",surgical,
P702591,"Karbonmonoksit zehirlenmesinde hiperbarik oksijen tedavisi, birinci seans",surgical,
P702673,Yatarak Rehabilitasyon Merkezi Hizmetleri,surgical,
P702674,5. Grup psikiyatrik hasta günlük tedavisi,surgical,
P702675,1. Grup psikiyatrik hasta günlük tedavisi,surgical,
P702676,2. Grup psikiyatrik hasta günlük tedavisi,surgical,
P702677,3. Grup psikiyatrik hasta günlük tedavisi,surgical,
P702678,4. grup psikiyatrik hasta günlük tedavisi,surgical,
P702679,Toplum Ruh Sağlığı Merkezi (TRSM) hizmetleri,surgical,
P702681,Ayaktan Rehabilitasyon Merkezi hizmetleri,surgical,
P702682,Çok Disiplinli Çocuk ve Genç Ruh Sağlığı Merkezleri (ÇÖZGEM) hizmetleri,surgical,
P703365,Intraoperatif nöromonitörizasyon,surgical,
P704210,Acil hemodiyalizi,surgical,
P704230,Hemodiyaliz,surgical,
P704231,Hemodiyaliz için kateter yerleştirilmesi,surgical,
P704232,Kalıcı tünelli kateter yerleştirilmesi,surgical,
P704233,Ev hemodiyalizi,surgical,
P704951,Yurtiçi kemik iliği bankalarından kemik iliği/ kordon kanı temini,surgical,
P704970,"Hematopoietik hücre nakli, allojenik (Kardeş veya akrabadan)",surgical,
P704971,"Hematopoietik hücre nakli, allojenik (Akraba dışından)",surgical,
P704972,"Haploidentik nakil, allojenik (En az 2 HLA antijeni uyumsuz nakiller)",surgical,
P704973,"Kordon kanı nakli, allojenik",surgical,
P704974,"Kordon kanı nakli, otolog",surgical,
P704980,"Hematopoietik hücre nakli, otolog",surgical,
P750000,Ekstremite nakli (Tek kol veya tek bacak),surgical,
P750010,Yüz Nakli,surgical,
P800615,Kobalt-60 kaynaklı Teleterapi Cihazları ile yapılan Stereotaktik Radyoterapi/Radyocerrahi İşlemleri,surgical,
P800616,Robotik Lineer Akselaratör ile yapılan Stereotaktik Radyoterapi/Radyocerrahi İşlemleri,surgical,
P802350,Aorta-femoro-popliteal arteriyografi,surgical,
P802360,"Aortografi, torakal",surgical,
P802370,"Aortografi, abdominal",surgical,
P802380,Coliak anjiyografi ve arteriel portografi,surgical,
P802390,"Selektif renal anjiyografi, iki taraf",surgical,
P802400,İnferior mezenterik anjiyografi,surgical,
P802430,Pelvik arteriyografi,surgical,
P802440,Pulmoner anjiyografi,surgical,
P802450,Superior mezenterik anjiyografi,surgical,
P802460,"Üst ekstremite arteriografi, tek taraf",surgical,
P802470,"Femoro-popliteal arteriyografi, tek taraf",surgical,
P802480,"Selektif renal anjiyografi, tek taraf",surgical,
P802490,Translomber aorto-femoro-popliteal arteriyografi,surgical,
P802500,Transplant renal anjiyografi,surgical,
P802510,Amytal Testi (VADA),surgical,
P802520,Arkus aortografi,surgical,
P802530,"Selektif karotid anjiyografi, iki taraf",surgical,
P802540,4 sistem selektif serebral anjiyografi,surgical,
P802550,Orbital flebografi,surgical,
P802560,Petrozal sinüs kan örneklemesi,surgical,
P802570,"Selektif vertebral anjiyografi, iki taraf",surgical,
P802580,Spinal anjiyografik tarama,surgical,
P802590,"Selektif karotid anjiyografi, tek taraf",surgical,
P802600,Diyaliz fistülogram,surgical,
P802610,Hepatik venografi ve wedge venografi,surgical,
P802620,"Sürrenal venografi, iki taraf",surgical,
P802630,"Gonadal venografi, iki taraf",surgical,
P802640,İnferior veya superior vena kavagrafi,surgical,
P802650,Portal venöz kan örneklemesi,surgical,
P802660,Renal venografi ve renal ven kan örnekleri alınması,surgical,
P802670,Santral venöz kateter patensi kontrastlı değerlendirmesi,surgical,
P802680,Splenoportografi,surgical,
P802690,"Sürrenal venografi, tek taraf",surgical,
P802700,"Gonadal venografi, tek taraf",surgical,
P802710,"Venografi, alt ekstremite, tek taraf",surgical,
P802720,"Venografi, üst ekstremite, tek taraf",surgical,
P803190,Perkütan ablasyon tedavisi,surgical,
P911146,Kadavra donör temini,surgical,
P915030,Fizik tedavi ve rehabilitasyon D Grubu,surgical,
P915031,Fizik tedavi ve rehabilitasyon C Grubu,surgical,
P915032,Fizik tedavi ve rehabilitasyon B Grubu,surgical,
P915033,Fizik tedavi ve rehabilitasyon A Grubu,surgical,
P920000,Çocuk İzlem Merkezi (ÇİM) değerlendirmesi,surgical,
P920010,Evde sağlık hizmetleri,surgical,
