barcode,titck_product_code
3400935789525,
8680008000008,
8680008000169,
8680008010038,
8680008010076,
8680008010106,
8680008010120,
8680008010182,
8680008010205,
8680008010267,
8680008010298,
8680008010328,
8680008010564,
8680008010571,
8680008010595,
8680008010649,
8680008011004,
8680008040080,
8680008040325,
8680008090054,
8680008340036,
8680008350004,
8680008750125,
8680019013509,
8680019354008,
8680030190111,
8680080000132,
8680080000286,
8680080000309,
8680080000316,
8680080270139,
8680080270153,
8680080340689,
8680080540584,
8680080590602,
8680131470013,
8680131751532,
8680131751570,
8680131751648,
8680131751655,
8680131751662,
8680131751730,
8680131751747,
8680131751839,
8680131751853,
8680131751860,
8680131752096,
8680131752348,
8680131752362,
8680131752416,
8680131752447,
8680131756582,
8680131757084,
8680131757268,
8680131757336,
8680131757350,
8680131757442,
8680131758029,
8680131758296,
8680150010023,
8680150010030,
8680150090018,
8680150150019,
8680150150026,
8680150350037,
8680150350075,
8680150510011,
8680150540032,
8680150570039,
8680150570046,
8680150570060,
8680150570121,
8680150590037,
8680150650052,
8680150650069,
8680150700054,
8680150700061,
8680150890021,
8680177220016,
8680177220023,
8680177220054,
8680177220092,
8680177220115,
8680184520208,
8680184520215,
8680184750018,
8680184750025,
8680184750032,
8680184750056,
8680184750063,
8680184750087,
8680184760079,
8680184770047,
8680184790106,
8680184790137,
8680184790144,
8680184790229,
8680184790236,
8680184790243,
8680184790250,
8680184790267,
8680184790298,
8680186490097,
8680186490264,
8680186490288,
8680186490318,
8680186490370,
8680186490387,
8680186490448,
8680186490486,
8680199002010,
8680199002065,
8680199002089,
8680199002195,
8680199007312,
8680199007428,
8680199008753,
8680199009538,
8680199009545,
8680199012088,
8680199012439,
8680199012729,
8680199012996,
8680199013481,
8680199013771,
8680199014914,
8680199014921,
8680199020144,
8680199020151,
8680199078817,
8680199090789,
8680199090826,
8680199092004,
8680199093018,
8680199093322,
8680199093339,
8680199093346,
8680199093520,
8680199093902,
8680199094091,
8680199094381,
8680199094640,
8680199094855,
8680199094879,
8680199097450,
8680199097467,
8680199098471,
8680199099515,
8680199151398,
8680199151541,
8680199151565,
8680199151572,
8680199152005,
8680199153682,
8680199154023,
8680199163070,
8680199163087,
8680199175400,
8680199193220,
8680199193497,
8680199193503,
8680199196610,
8680199196634,
8680199197846,
8680199341447,
8680199342079,
8680199367447,
8680199540697,
8680199544091,
8680199546019,
8680199547580,
8680199570489,
8680199599701,
8680199610055,
8680199610123,
8680199611427,
8680199611533,
8680199611595,
8680199611618,
8680199615579,
8680199617269,
8680199617320,
8680199617887,
8680199619522,
8680199619959,
8680199651232,
8680199651249,
8680199701425,
8680199715842,
8680199718416,
8680199750225,
8680199751161,
8680199751987,
8680199792416,
8680199794366,
8680199797497,
8680199798968,
8680199900736,
8680199906271,
8680202600011,
8680202600059,
8680202600073,
8680202600097,
8680202600110,
8680202600134,
8680202600158,
8680202600172,
8680202600219,
8680202600226,
8680202600233,
8680202600240,
8680202600271,
8680202600288,
8680202600295,
8680202600301,
8680202600318,
8680202600356,
8680202600370,
8680202600394,
8680222690030,
8680222690047,
8680222690054,
8680222690061,
8680222690078,
8680222690085,
8680222690092,
8680222690108,
8680222690115,
8680222690122,
8680222690238,
8680222690245,
8680222690252,
8680222690269,
8680222690276,
8680222690283,
8680222690290,
8680222690306,
8680222690313,
8680222690320,
8680222690337,
8680222690351,
8680222690368,
8680222690375,
8680222690382,
8680222690405,
8680222690450,
8680222690467,
8680222690627,
8680222691006,
8680222691297,
8680222691303,
8680222691310,
8680222691372,
8680222691389,
8680222691396,
8680222691495,
8680222691501,
8680222691709,
8680222691822,
8680222691846,
8680222691853,
8680222691884,
8680222691891,
8680222691907,
8680222691921,
8680222750048,
8680222750062,
8680222750086,
8680222750109,
8680222750123,
8680222750161,
8680222750178,
8680222750246,
8680222750253,
8680222750260,
8680222750277,
8680222750307,
8680222750321,
8680222750376,
8680222750383,
8680222750390,
8680222750406,
8680222750413,
8680222750420,
8680222750444,
8680222750451,
8680222750482,
8680222760016,
8680222770015,
8680222770022,
8680222770039,
8680222770114,
8680222790013,
8680222790020,
8680222790037,
8680222790044,
8680222790051,
8680222790068,
8680222790075,
8680222790082,
8680222790129,
8680222790136,
8680222790143,
8680222790150,
8680222790167,
8680222790174,
8680222790181,
8680222790198,
8680264860040,
8680265010000,
8680265090200,
8680265591004,
8680265751002,
8680352000020,
8680352000112,
8680352000266,
8680352000273,
8680352000280,
8680352541288,
8680352591139,
8680381900148,
8680381900162,
8680381900193,
8680381900209,
8680381900216,
8680381900247,
8680400770073,
8680400770080,
8680400770097,
8680400770103,
8680400770110,
8680400770172,
8680400770196,
8680400770202,
8680400770219,
8680400770257,
8680400770264,
8680400770271,
8680400770332,
8680400770370,
8680400770387,
8680400770394,
8680400770417,
8680400770424,
8680400770448,
8680400770455,
8680400770462,
8680400770479,
8680400770486,
8680400770509,
8680400770516,
8680400770523,
8680400770547,
8680400770554,
8680400770561,
8680400770578,
8680400770592,
8680400770608,
8680400770615,
8680400770622,
8680400770653,
8680400770660,
8680400770677,
8680400770684,
8680400770691,
8680400770707,
8680400770721,
8680400770769,
8680400770776,
8680400770806,
8680400770813,
8680400770820,
8680400770837,
8680400770844,
8680400770851,
8680400770868,
8680400770875,
8680400770905,
8680400770912,
8680400770943,
8680400770950,
8680400770967,
8680400770974,
8680400770981,
8680400770998,
8680400771025,
8680400771032,
8680400771056,
8680400771063,
8680400771124,
8680400771155,
8680400771186,
8680400771193,
8680400771278,
8680400771292,
8680400771339,
8680400771414,
8680407100088,
8680407100095,
8680407100118,
8680407100132,
8680407100149,
8680407100248,
8680407100262,
8680407100279,
8680407100286,
8680407100293,
8680407100316,
8680426040013,
8680426040020,
8680426040297,
8680426040303,
8680530620057,
8680530620088,
8680530620095,
8680530620101,
8680530620118,
8680530620132,
8680530620149,
8680530620163,
8680530620279,
8680530620286,
8680530620293,
8680596070063,
8680614140112,
8680614140129,
8680614140136,
8680614140143,
8680624796156,
8680624796163,
8680624796200,
8680624796286,
8680624796736,
8680624796750,
8680624796767,
8680624796774,
8680624796798,
8680624796804,
8680624796811,
8680624796828,
8680624796835,
8680624796842,
8680624796859,
8680624796866,
8680624796873,
8680624796880,
8680624796910,
8680624796941,
8680624796958,
8680638010033,
8680638010057,
8680638090134,
8680638090165,
8680638160011,
8680638160028,
8680656080070,
8680656080087,
8680656080094,
8680656080117,
8680656080124,
8680656080193,
8680656080285,
8680656080292,
8680656080308,
8680656080414,
8680656080421,
8680656080438,
8680656080445,
8680656080452,
8680656080469,
8680656080476,
8680656080506,
8680656080513,
8680656080520,
8680656080575,
8680656080599,
8680656080605,
8680678181014,
8680678450080,
8680683010019,
8680683010118,
8680683010132,
8680683010149,
8680683010156,
8680683010163,
8680683010170,
8680683010194,
8680683590023,
8680683770029,
8680683780028,
8680698010073,
8680698070404,
8680698070428,
8680698070442,
8680698070459,
8680698160358,
8680698160501,
8680698160518,
8680700695618,
8680712270186,
8680712270193,
8680712270209,
8680712270216,
8680712270223,
8680712270230,
8680712270247,
8680712270254,
8680712270261,
8680712270278,
8680712270285,
8680712750015,
8680712750022,
8680712750053,
8680712750060,
8680712750107,
8680712750305,
8680712750312,
8680712770136,
8680712790042,
8680712790097,
8680712790110,
8680712790141,
8680712790158,
8680731001075,
8680741520269,
8680741520276,
8680741520306,
8680741520917,
8680741520948,
8680741521174,
8680741521181,
8680741521310,
8680741521358,
8680741521365,
8680741550150,
8680741550167,
8680741550204,
8680741550211,
8680741550235,
8680741550242,
8680741551157,
8680741551164,
8680760010024,
8680760010598,
8680760010697,
8680760020023,
8680760020047,
8680760020054,
8680760020085,
8680760040014,
8680760040021,
8680760040120,
8680760080010,
8680760080034,
8680760080058,
8680760080089,
8680760080218,
8680760090101,
8680760090125,
8680760090194,
8680760090255,
8680760090521,
8680760090545,
8680760090569,
8680760091047,
8680760091061,
8680760091085,
8680760091092,
8680760091177,
8680760091184,
8680760091320,
8680760091832,
8680760091856,
8680760092006,
8680760092044,
8680760092136,
8680760092174,
8680760092181,
8680760092235,
8680760092266,
8680760092280,
8680760092297,
8680760092334,
8680760092440,
8680760092488,
8680760092495,
8680760092525,
8680760120037,
8680760150034,
8680760150058,
8680760150096,
8680760150270,
8680760150287,
8680760150294,
8680760340015,
8680760340053,
8680760350014,
8680760350021,
8680760350069,
8680760350076,
8680760350083,
8680760350106,
8680760350113,
8680760350144,
8680760370012,
8680760380011,
8680760380028,
8680760480018,
8680760490017,
8680760510036,
8680760510043,
8680760540033,
8680760540040,
8680760570016,
8680760570023,
8680760570085,
8680760570092,
8680760570122,
8680760570153,
8680760640023,
8680760700017,
8680760700024,
8680760700031,
8680760700048,
8680760700055,
8680760700062,
8680760750012,
8680760920019,
8680771491027,
8680771491065,
8680833010142,
8680833010166,
8680833010180,
8680833010197,
8680833010203,
8680833010234,
8680833010265,
8680833080015,
8680833080039,
8680833090014,
8680833091134,
8680833091141,
8680833150039,
8680833150046,
8680833150121,
8680833150282,
8680833150299,
8680833150305,
8680833150312,
8680833550167,
8680833550174,
8680833550181,
8680833550198,
8680833770015,
8680833770022,
8680833770053,
8680836323256,
8680836323263,
8680836323270,
8680836323287,
8680836323294,
8680836323300,
8680836323317,
8680836323324,
8680836323331,
8680836323348,
8680836323355,
8680836323362,
8680836323379,
8680836323386,
8680836323393,
8680836323409,
8680836323416,
8680836323423,
8680836323430,
8680836323447,
8680836323454,
8680836323461,
8680836323485,
8680836323492,
8680836323508,
8680836323515,
8680836323522,
8680836323539,
8680836323546,
8680836323591,
8680836323607,
8680836323638,
8680836323652,
8680836323690,
8680836323706,
8680836323737,
8680836323751,
8680836323768,
8680836323812,
8680836323850,
8680836323874,
8680836323881,
8680836323959,
8680836323966,
8680836323997,
8680859640019,
8680865270132,
8680881010071,
8680881014017,
8680881014031,
8680881019746,
8680881019869,
8680881020445,
8680881020469,
8680881020506,
8680881020513,
8680881020728,
8680881020735,
8680881023521,
8680881023545,
8680881023569,
8680881024313,
8680881024795,
8680881027185,
8680881027208,
8680881029462,
8680881029486,
8680881034053,
8680881040696,
8680881043505,
8680881080579,
8680881090097,
8680881090189,
8680881090219,
8680881090318,
8680881090486,
8680881090493,
8680881090608,
8680881091537,
8680881093579,
8680881093593,
8680881093807,
8680881093821,
8680881093883,
8680881093975,
8680881094064,
8680881094422,
8680881094453,
8680881094460,
8680881094484,
8680881094491,
8680881094774,
8680881098321,
8680881098345,
8680881099625,
8680881099892,
8680881150241,
8680881151125,
8680881154591,
8680881170638,
8680881240560,
8680881243875,
8680881254680,
8680881286162,
8680881552298,
8680881552304,
8680881552311,
8680881555213,
8680885500004,
8680885515114,
8680885515237,
8680885575248,
8680885575262,
8680885576016,
8680885576023,
8680897750015,
8680912420039,
8680941002015,
8680941002022,
8680941002077,
8680952000017,
8680952000062,
8680952000260,
8680952000772,
8680952380911,
8680955540060,
8680955540077,
8680955750049,
8680955750056,
8680955750117,
8680972009007,
8680972009021,
8680972009038,
8680972009069,
8680972009076,
8680972009083,
8680972009106,
8680972009113,
8680972009816,
8680972615079,
8680976003292,
8681020035023,
8681023120016,
8681023350031,
8681023350048,
8681023750015,
8681023750039,
8681023750053,
8681026050440,
8681030790073,
8681085010027,
8681085010058,
8681085010096,
8681085010102,
8681085010119,
8681085010157,
8681085010348,
8681117560018,
8681144039006,
8681144039013,
8681144039051,
8681144039068,
8681144039075,
8681144039099,
8681144039129,
8681153070014,
8681153070021,
8681153070052,
8681153070083,
8681176314072,
8681176314133,
8681198055038,
8681198055045,
8681198055076,
8681198055083,
8681198055090,
8681198055106,
8681248076020,
8681248076051,
8681281000020,
8681281000204,
8681281000235,
8681281000242,
8681291010293,
8681291010378,
8681291040306,
8681291090028,
8681291090066,
8681291090110,
8681291090127,
8681291090431,
8681291090486,
8681291090530,
8681291150456,
8681291340079,
8681291340178,
8681291540134,
8681291540141,
8681291540158,
8681291570094,
8681308010087,
8681308010094,
8681308011008,
8681308011053,
8681308011060,
8681308011077,
8681308011091,
8681308011107,
8681308011114,
8681308011121,
8681308011152,
8681308014436,
8681308014443,
8681308019875,
8681308031006,
8681308031013,
8681308031044,
8681308035127,
8681308035141,
8681308044839,
8681308071002,
8681308090003,
8681308091000,
8681308091017,
8681308091024,
8681308091031,
8681308091062,
8681308091079,
8681308091086,
8681308091093,
8681308091116,
8681308091185,
8681308091239,
8681308091246,
8681308091253,
8681308091277,
8681308097446,
8681308097453,
8681308099181,
8681308099198,
8681308121004,
8681308127464,
8681308150011,
8681308150028,
8681308150035,
8681308151001,
8681308151018,
8681308151025,
8681308151032,
8681308151056,
8681308151063,
8681308151094,
8681308157553,
8681308159151,
8681308159168,
8681308159427,
8681308159434,
8681308191007,
8681308261007,
8681308261021,
8681308267436,
8681308271013,
8681308271099,
8681308274403,
8681308274410,
8681308274427,
8681308274434,
8681308274465,
8681308277435,
8681308278746,
8681308278753,
8681308278760,
8681308279194,
8681308281005,
8681308281012,
8681308281029,
8681308281043,
8681308281050,
8681308281067,
8681308281074,
8681308331007,
8681308341006,
8681308351005,
8681308361004,
8681308381002,
8681308431004,
8681308441003,
8681308571014,
8681308597472,
8681308651013,
8681308651020,
8681308751003,
8681308751010,
8681308751027,
8681308771018,
8681308771032,
8681308771049,
8681308771056,
8681308771087,
8681308771094,
8681308777621,
8681308779991,
8681308791009,
8681308791016,
8681308891006,
8681308955555,
8681308957795,
8681308957801,
8681308958600,
8681317002530,
8681331510011,
8681332750010,
8681332750027,
8681332750041,
8681332750058,
8681332750065,
8681332750072,
8681332750089,
8681332750096,
8681332750119,
8681332750140,
8681349103007,
8681349103038,
8681413880339,
8681413880353,
8681413880377,
8681413880407,
8681413880445,
8681413880452,
8681413880476,
8681413880513,
8681413880520,
8681413880544,
8681413880582,
8681413880612,
8681413880629,
8681413880650,
8681413880667,
8681413880681,
8681413880919,
8681413880971,
8681413880988,
8681413881015,
8681413881039,
8681413881046,
8681413881060,
8681413881077,
8681413881084,
8681413881091,
8681413881107,
8681413881121,
8681413881138,
8681413881145,
8681413881152,
8681413881169,
8681413881275,
8681413881343,
8681413881381,
8681413881398,
8681413881411,
8681413881428,
8681413881435,
8681413881497,
8681428010509,
8681428010547,
8681428010592,
8681428011384,
8681428030552,
8681428031375,
8681428031528,
8681428050710,
8681428091355,
8681428091713,
8681428091737,
8681428091805,
8681428091812,
8681428151332,
8681428151349,
8681428170517,
8681428381302,
8681428550609,
8681428551286,
8681428551514,
8681428570539,
8681428590520,
8681428690442,
8681428761449,
8681428761463,
8681428770076,
8681428790456,
8681428810468,
8681428810475,
8681428810482,
8681428810499,
8681428950126,
8681428950232,
8681428950249,
8681428950263,
8681428951321,
8681428951499,
8681428951505,
8681428951680,
8681429550004,
8681429550011,
8681429550028,
8681429550035,
8681429550042,
8681429550097,
8681429550103,
8681429550110,
8681429550134,
8681429550141,
8681429550158,
8681429550165,
8681429550172,
8681429550189,
8681429550196,
8681429550202,
8681429550219,
8681429550257,
8681429550318,
8681429550325,
8681429550363,
8681429550394,
8681429550400,
8681429550417,
8681429550424,
8681429550486,
8681429550493,
8681429550509,
8681429550516,
8681429550523,
8681451379727,
8681547590036,
8681612438003,
8681612438010,
8681612438027,
8681624980019,
8681624980026,
8681624980057,
8681624980064,
8681624980088,
8681624980095,
8681624980118,
8681624980125,
8681624980156,
8681624980163,
8681624980200,
8681624980217,
8681624980224,
8681624980231,
8681624980248,
8681624980255,
8681624980279,
8681624980378,
8681639690019,
8681639690026,
8681639750027,
8681639760019,
8681639790016,
8681657005437,
8681657005444,
8681665471620,
8681665471637,
8681665471644,
8681665471651,
8681665471668,
8681689328191,
8681689395001,
8681697150012,
8681697240010,
8681697270048,
8681697270055,
8681697270062,
8681697270086,
8681697270093,
8681697270109,
8681697570032,
8681697750014,
8681697750052,
8681697750069,
8681697750076,
8681697750083,
8681697750090,
8681697750106,
8681697750137,
8681697750144,
8681697750151,
8681697750168,
8681697750175,
8681697750199,
8681697750205,
8681697750212,
8681697750229,
8681697760013,
8681697760037,
8681697760044,
8681697770012,
8681697770029,
8681697790034,
8681697790096,
8681725054701,
8681728340016,
8681728340023,
8681728350015,
8681728380012,
8681728380029,
8681728650016,
8681728750037,
8681735150127,
8681735150134,
8681735260086,
8681735690159,
8681735690296,
8681735690555,
8681735690586,
8681735760104,
8681735770141,
8681735770233,
8681735770240,
8681735770790,
8681735770844,
8681735770851,
8681735790095,
8681735790118,
8681735790163,
8681735790170,
8681735790187,
8681735790255,
8681735790330,
8681735790378,
8681735790446,
8681735790453,
8681735790460,
8681735790477,
8681735790521,
8681735790545,
8681735790569,
8681735790576,
8681735790637,
8681735790644,
8681735950383,
8681735980014,
8681735980021,
8681735980038,
8681735980045,
8681735980052,
8681735980069,
8681735980076,
8681735980427,
8681735980595,
8681735980601,
8681735980625,
8681735980656,
8681737492324,
8681738440010,
8681738610048,
8681756071005,
8681756071012,
8681756071029,
8681756071036,
8681756071050,
8681756071074,
8681756071081,
8681756074990,
8681756075133,
8681756075171,
8681756075201,
8681756075218,
8681793754022,
8681793754046,
8681793756019,
8681793774013,
8681793774044,
8681793774105,
8681793774112,
8681793774129,
8681801010317,
8681801010324,
8681801010379,
8681801010539,
8681801010928,
8681801090289,
8681801090470,
8681801090494,
8681801090654,
8681801090661,
8681801150914,
8681801271060,
8681801271077,
8681801280420,
8681801280543,
8681801350161,
8681801350512,
8681801350710,
8681801350888,
8681801350895,
8681801480523,
8681801510015,
8681801510350,
8681801510503,
8681801540029,
8681801540036,
8681801540180,
8681801560041,
8681801570866,
8681801570873,
8681801640750,
8681801640767,
8681801650803,
8681801650902,
8681801700843,
8681801750572,
8681801771003,
8681801771010,
8681801920777,
8681801920784,
8681801920791,
8681807005188,
8681812046206,
8681812046213,
8681812046336,
8681835338500,
8681880030053,
8681880070011,
8681880070028,
8681880070035,
8681880090019,
8681880090026,
8681911010023,
8681911010047,
8681911010061,
8681911040013,
8681911090018,
8681911090025,
8681911090049,
8681911090063,
8681911090070,
8681911090186,
8681911090193,
8681911160018,
8681911280013,
8681911340014,
8681911350013,
8681911350020,
8681911370011,
8681911510011,
8681911540018,
8681911570015,
8681911570039,
8681911570046,
8681911570053,
8681911570077,
8681911640015,
8681911650014,
8681911700016,
8681911900010,
8681917098025,
8681986160203,
8681986160357,
8681986160401,
8681986160456,
8681986160555,
8681990009116,
8682109004022,
8682109004039,
8682109319805,
8682109319829,
8682109319881,
8682187151113,
8682214521407,
8682214521414,
8682225810019,
8682225810026,
8682225810033,
8682225810057,
8682225810064,
8682279997414,
8682279997421,
8682279997438,
8682279997445,
8682279997452,
8682304247507,
8682340179008,
8682340179039,
8682340179053,
8682340179077,
8682340179084,
8682472173042,
8682472173059,
8682692378111,
8682704982138,
8682758010016,
8682758010023,
8682758020022,
8682758020039,
8682758020046,
8682758040013,
8682758040020,
8682758040037,
8682758090018,
8682758090025,
8682758090032,
8682758550017,
8682758550024,
8682758790017,
8682773061017,
8682897260020,
8682966100004,
8683052347310,
8683052347334,
8683060010107,
8683060040012,
8683060090017,
8683060090123,
8683060090130,
8683060090147,
8683060120011,
8683060350012,
8683060570021,
8683060570052,
8683060590012,
8683060650013,
8683060650020,
8683060700015,
8683060750034,
8683060750065,
8683060750072,
8683060750102,
8683060890044,
8683060890051,
8683068380011,
8683125910014,
8683125910021,
8683125910038,
8683125910045,
8683125910052,
8683125910069,
8683262443048,
8683280337022,
8683280337039,
8683280337053,
8683280337060,
8683280337084,
8683280337138,
8683280337169,
8683280337176,
8683280337190,
8683280337206,
8683280337213,
8683280337237,
8683280337251,
8683280337336,
8683280337350,
8683280337404,
8683280337411,
8683280337428,
8683280337435,
8683280337442,
8683280337459,
8683280337466,
8683295540011,
8683295540080,
8683295540141,
8683295540158,
8683295540165,
8683331781606,
8683331781620,
8683331781637,
8683331781644,
8683434443005,
8683447010010,
8683447540029,
8683556010079,
8683586280015,
8683801681009,
8683873401413,
8683873408054,
8683873438013,
8683873461424,
8683911152109,
8683911152116,
8684055798802,
8684055798826,
8684083167434,
8684201364073,
8690509574274,
8690570010008,
8690570080001,
8690570120028,
8690570250022,
8690570513004,
8690570700039,
8690570700046,
8690570701067,
8690632244792,
8690632247359,
8690632247366,
8690632248448,
8690632709482,
8690632709499,
8690632990019,
8690632990026,
8690632990040,
8690632990057,
8690632990088,
8690632990095,
8690632990118,
8690632990163,
8690632990194,
8690632990392,
8690632990415,
8690632990545,
8690632990552,
8690632990569,
8690632990682,
8690632990699,
8690632990705,
8690632990750,
8690632990767,
8690632990774,
8690632990811,
8690632990835,
8690632990910,
8690632990996,
8690632991078,
8690632991085,
8690632991092,
8690632991115,
8690632991139,
8690632991146,
8690632991153,
8690632991160,
8690632991177,
8690632991191,
8690632991207,
8690632991214,
8690632991559,
8690632991566,
8690632991573,
8690632991627,
8690632991795,
8690632991801,
8690632991818,
8690632991825,
8690632991870,
8690632991894,
8690632991900,
8696875610165,
8697507750099,
8697507980021,
8697507980144,
8697507980168,
8697542150014,
8697621010253,
8697621010260,
8697621030114,
8697621030596,
8697621050211,
8697621050235,
8697621220126,
8697621220270,
8697621270053,
8697621750029,
8697621750166,
8697621750180,
8697621750197,
8697621790018,
8697621790087,
8697621890138,
8697621900530,
8697621950528,
8697637680013,
8697637680020,
8697637680112,
8697637680129,
8697637680143,
8697637680235,
8697637680242,
8697637680259,
8697637680266,
8697637680372,
8697637681393,
8697637681409,
8697637690012,
8697637690029,
8697637690036,
8697637690043,
8697637690050,
8697637690067,
8697637690074,
8697637690081,
8697637690098,
8697637690104,
8697637690111,
8697637690128,
8697637690135,
8697637690142,
8697637690159,
8697637690166,
8697637690173,
8697637690180,
8697637690197,
8697637690203,
8697637690210,
8697637690227,
8697637690234,
8697637690241,
8697637690258,
8697637690265,
8697637690272,
8697637690289,
8697637690296,
8697637690302,
8697637690319,
8697637690326,
8697637690333,
8697637690340,
8697637690388,
8697637690395,
8697637690401,
8697637690432,
8697637690449,
8697637690531,
8697637690548,
8697637690739,
8697637690746,
8697637690753,
8697637690760,
8697637690838,
8697637690845,
8697637690852,
8697637690869,
8697637690913,
8697637690920,
8697637690937,
8697637690944,
8697637691026,
8697637691033,
8697637691040,
8697637691057,
8697637691064,
8697637691071,
8697637691088,
8697637691132,
8697637691149,
8697637691156,
8697637691163,
8697637691231,
8697637691248,
8697637691255,
8697637691262,
8697637691293,
8697637691309,
8697637691316,
8697637691323,
8697637691330,
8697637691347,
8697637691415,
8697637691422,
8697637691439,
8697637691446,
8697637691514,
8697637691521,
8697637691538,
8697637691545,
8697637691552,
8697637691569,
8697637691576,
8697637691583,
8697637691590,
8697637691606,
8697637691613,
8697637691620,
8697637691637,
8697637691644,
8697637691699,
8697637691705,
8697637691712,
8697637691729,
8697637691736,
8697637691743,
8697637691750,
8697637691767,
8697637691798,
8697637691811,
8697637691835,
8697637691859,
8697637691873,
8697637691897,
8697637691903,
8697637692023,
8697637750020,
8697637750037,
8697637750051,
8697637750068,
8697637750075,
8697637750082,
8697637750099,
8697637750105,
8697637750129,
8697637750143,
8697637750167,
8697637750174,
8697637750198,
8697637750204,
8697637750211,
8697637750228,
8697637750242,
8697637750266,
8697637750280,
8697637750303,
8697637750327,
8697637750341,
8697637750358,
8697637750365,
8697637750457,
8697637750471,
8697675570017,
8697772010041,
8697772010058,
8697772010065,
8697772010072,
8697772090067,
8697772350017,
8697772570026,
8697772570064,
8697772750015,
8697843750029,
8697843750067,
8697843760080,
8697843770041,
8697927021571,
8697927023971,
8697927024329,
8697927024343,
8697927024367,
8697927024701,
8697927024862,
8697927024886,
8697927024909,
8697927024916,
8697927024923,
8697927044969,
8697927090027,
8697927090034,
8697927090164,
8697927090249,
8697927091321,
8697927091604,
8697927094254,
8697927094759,
8697927173508,
8697927242235,
8697927280435,
8697927283740,
8697927283757,
8697927522504,
8697927550590,
8697927550606,
8697927553805,
8697927554413,
8697927574749,
8697928020061,
8697928020085,
8697928020122,
8697928020146,
8697928020184,
8697928020214,
8697928090057,
8697928090200,
8697929020107,
8697929020220,
8697929020411,
8697929021432,
8697929021470,
8697929023283,
8697929023320,
8697929023344,
8697929040150,
8697929090049,
8697929570039,
8697934090263,
8697934150240,
8697934150271,
8697936014908,
8697936044608,
8697936093347,
8697936154864,
8697936154888,
8697936544580,
8697936544610,
8697936544818,
8697943090025,
8697943590013,
8697943590020,
8697943590037,
8697943690010,
8697943690133,
8697943750059,
8697943790062,
8698622750131,
8698747340019,
8698747350018,
8698747380015,
8698747570010,
8698747570027,
8698747700028,
8698747750054,
8698747750061,
8698747750078,
8698751000206,
8698760090014,
8698760090021,
8698760090083,
8698760090120,
8698760090144,
8698760090229,
8698760090243,
8698760090250,
8698760790068,
8698760790075,
8698778010622,
8698778010639,
8698778010653,
8698778010660,
8698778012640,
8698778041244,
8698778084838,
8698778090037,
8698778090051,
8698778090631,
8698778571017,
8698856010032,
8698856090065,
8698856090072,
8698856090089,
8698856090270,
8698856120021,
8698856150103,
8698856150127,
8698856340146,
8698856340528,
8698856350091,
8698856350183,
8698856350305,
8698856350350,
8698856510150,
8698856520685,
8698856540249,
8698856610232,
8698856750167,
8698856750280,
8698978010019,
8698978030017,
8698978090035,
8698978270017,
8698978270024,
8698978270031,
8698978270048,
8698978270109,
8698978270116,
8698978270123,
8698978270130,
8698978270147,
8698978270253,
8698978270277,
8698978750014,
8698978750021,
8699033010098,
8699033090014,
8699033090571,
8699033150473,
8699043890017,
8699043890031,
8699043890185,
8699043890215,
8699043890253,
8699043890307,
8699043890314,
8699043890321,
8699043890338,
8699043890345,
8699043890352,
8699043890369,
8699043890376,
8699043890444,
8699043890475,
8699043890482,
8699043890499,
8699043890505,
8699043890512,
8699074090752,
8699074090813,
8699074090837,
8699074090851,
8699074150159,
8699074550126,
8699074550188,
8699074790508,
8699074950452,
8699205010017,
8699205760080,
8699205760097,
8699205760103,
8699205760141,
8699205770102,
8699220750011,
8699220750028,
8699226000172,
8699228090041,
8699228090058,
8699228090096,
8699228090102,
8699228090119,
8699228090126,
8699228090133,
8699228090140,
8699228090157,
8699228090164,
8699228090171,
8699228090188,
8699228090348,
8699228090775,
8699228090782,
8699262000198,
8699262010166,
8699262010227,
8699262010234,
8699262010241,
8699262010258,
8699262010272,
8699262010289,
8699262010296,
8699262090649,
8699262090656,
8699262090670,
8699262090687,
8699262090694,
8699262090717,
8699262160014,
8699262160021,
8699262170020,
8699262240068,
8699262240082,
8699262240105,
8699262950257,
8699262950271,
8699262950295,
8699278340035,
8699278340042,
8699293010968,
8699293012610,
8699293012627,
8699293013426,
8699293013440,
8699293013815,
8699293014850,
8699293033561,
8699293033578,
8699293033585,
8699293033592,
8699293033608,
8699293035930,
8699293035947,
8699293043799,
8699293053019,
8699293053026,
8699293053033,
8699293053040,
8699293075813,
8699293075844,
8699293075868,
8699293075882,
8699293090014,
8699293090199,
8699293090410,
8699293090533,
8699293091066,
8699293091226,
8699293091813,
8699293093633,
8699293094043,
8699293094050,
8699293094326,
8699293094821,
8699293095118,
8699293095125,
8699293095132,
8699293095217,
8699293095224,
8699293095231,
8699293096047,
8699293096054,
8699293096061,
8699293097006,
8699293097334,
8699293098218,
8699293098270,
8699293098287,
8699293150312,
8699293150329,
8699293150336,
8699293150503,
8699293150534,
8699293151050,
8699293151265,
8699293151272,
8699293157618,
8699293160786,
8699293160793,
8699293280545,
8699293280552,
8699293341031,
8699293345145,
8699293350286,
8699293350293,
8699293510277,
8699293512776,
8699293545965,
8699293570592,
8699293575740,
8699293642763,
8699293695752,
8699293700258,
8699293751830,
8699293754220,
8699293754817,
8699293895985,
8699293925972,
8699296800290,
8699296800306,
8699324080014,
8699324650019,
8699324650033,
8699369070049,
8699369070056,
8699369070124,
8699369070162,
8699456040023,
8699456090110,
8699456090141,
8699456090165,
8699456090189,
8699456150036,
8699456150043,
8699456150050,
8699456790041,
8699456790058,
8699456790096,
8699459590020,
8699479160029,
8699479340018,
8699479380014,
8699479750015,
8699479750039,
8699479750053,
8699479750121,
8699479750145,
8699479750190,
8699479750206,
8699479750213,
8699479750220,
8699479750343,
8699479750367,
8699479750374,
8699479750459,
8699490546017,
8699490561027,
8699490561041,
8699490561102,
8699490561119,
8699490561126,
8699490561201,
8699490561218,
8699490561225,
8699490561232,
8699490561287,
8699490571033,
8699490571040,
8699490579015,
8699490588017,
8699502012530,
8699502012547,
8699502012820,
8699502012851,
8699502012868,
8699502012875,
8699502013063,
8699502013070,
8699502013124,
8699502013261,
8699502013278,
8699502013285,
8699502013858,
8699502014121,
8699502014138,
8699502050075,
8699502050082,
8699502050099,
8699502091412,
8699502091702,
8699502091719,
8699502091948,
8699502091986,
8699502092044,
8699502092051,
8699502092068,
8699502092105,
8699502092129,
8699502092181,
8699502092228,
8699502092303,
8699502092310,
8699502092433,
8699502093430,
8699502093584,
8699502093607,
8699502093638,
8699502094055,
8699502094086,
8699502094109,
8699502094482,
8699502094499,
8699502094567,
8699502094574,
8699502094581,
8699502094635,
8699502121331,
8699502151376,
8699502151505,
8699502151512,
8699502151826,
8699502151833,
8699502151840,
8699502151857,
8699502151864,
8699502151871,
8699502151888,
8699502160156,
8699502160163,
8699502270107,
8699502270206,
8699502270541,
8699502270565,
8699502270589,
8699502270602,
8699502270626,
8699502270640,
8699502270787,
8699502280243,
8699502280250,
8699502340152,
8699502380103,
8699502752337,
8699502770409,
8699502770607,
8699503030120,
8699504010077,
8699504010114,
8699504010121,
8699504010404,
8699504011104,
8699504011159,
8699504011302,
8699504011357,
8699504011456,
8699504011487,
8699504012163,
8699504012231,
8699504012248,
8699504012255,
8699504012262,
8699504030020,
8699504030037,
8699504030051,
8699504030075,
8699504030303,
8699504030471,
8699504040012,
8699504040050,
8699504040104,
8699504070002,
8699504070019,
8699504070026,
8699504070033,
8699504090253,
8699504090406,
8699504090550,
8699504090604,
8699504090659,
8699504090703,
8699504090758,
8699504090970,
8699504091113,
8699504091199,
8699504091205,
8699504091236,
8699504091243,
8699504092103,
8699504092110,
8699504092127,
8699504092134,
8699504092165,
8699504092202,
8699504092233,
8699504093001,
8699504093018,
8699504093063,
8699504093070,
8699504120097,
8699504120608,
8699504150254,
8699504150308,
8699504150353,
8699504150407,
8699504150605,
8699504151015,
8699504151022,
8699504152050,
8699504190007,
8699504190052,
8699504190151,
8699504270020,
8699504270051,
8699504270075,
8699504270204,
8699504270211,
8699504440508,
8699504440515,
8699504440522,
8699504570038,
8699504590005,
8699504590258,
8699504612011,
8699504612028,
8699504612035,
8699504612073,
8699504612127,
8699504612134,
8699504613001,
8699504613025,
8699504700008,
8699504710106,
8699504710113,
8699504710120,
8699504710137,
8699504710144,
8699504710151,
8699504710168,
8699504710175,
8699504750508,
8699504760057,
8699504770018,
8699504770056,
8699504770100,
8699504770254,
8699504770353,
8699504790108,
8699504790405,
8699504810035,
8699504810455,
8699504810509,
8699504810547,
8699504890013,
8699504890020,
8699505091228,
8699505091235,
8699505092003,
8699505092010,
8699505092027,
8699505092560,
8699505092645,
8699505092768,
8699505093482,
8699505152066,
8699505152752,
8699505153407,
8699505750347,
8699505751313,
8699505753195,
8699505761978,
8699505762272,
8699505762296,
8699505762319,
8699505762630,
8699505762791,
8699505762821,
8699505762838,
8699505763361,
8699505763378,
8699505772813,
8699505792088,
8699505792095,
8699505792330,
8699505950785,
8699505950808,
8699505952499,
8699505952840,
8699506012055,
8699506030240,
8699506752050,
8699506831014,
8699508010028,
8699508010073,
8699508010080,
8699508010509,
8699508080021,
8699508090020,
8699508090075,
8699508090167,
8699508090198,
8699508090211,
8699508090310,
8699508090457,
8699508090471,
8699508090488,
8699508090495,
8699508090501,
8699508090525,
8699508090532,
8699508090556,
8699508090570,
8699508090587,
8699508090594,
8699508100026,
8699508120086,
8699508120093,
8699508120253,
8699508150120,
8699508150205,
8699508150212,
8699508150229,
8699508270088,
8699508270095,
8699508270101,
8699508270118,
8699508270125,
8699508270170,
8699508270187,
8699508270194,
8699508270200,
8699508270217,
8699508270224,
8699508270231,
8699508270248,
8699508270255,
8699508270354,
8699508270361,
8699508270378,
8699508270385,
8699508270392,
8699508270415,
8699508270507,
8699508270514,
8699508270521,
8699508270538,
8699508270545,
8699508270552,
8699508270569,
8699508270576,
8699508270583,
8699508270590,
8699508270606,
8699508270637,
8699508270651,
8699508270668,
8699508270675,
8699508270705,
8699508270736,
8699508270743,
8699508270750,
8699508270767,
8699508280056,
8699508280063,
8699508280131,
8699508280148,
8699508280155,
8699508280162,
8699508280179,
8699508280186,
8699508280346,
8699508280353,
8699508340019,
8699508350018,
8699508570027,
8699508570041,
8699508570058,
8699508570119,
8699508610013,
8699508610020,
8699508610044,
8699508690015,
8699508690022,
8699508690039,
8699508690046,
8699508690145,
8699508690152,
8699508690190,
8699508690206,
8699508690213,
8699508690220,
8699508690237,
8699508690275,
8699508690282,
8699508690381,
8699508690398,
8699508690435,
8699508690442,
8699508690459,
8699508690480,
8699508690497,
8699508690534,
8699508690541,
8699508690558,
8699508690596,
8699508690602,
8699508700028,
8699508700035,
8699508700042,
8699508750016,
8699508750061,
8699508750115,
8699508750122,
8699508750139,
8699508750177,
8699508750214,
8699508750245,
8699508750252,
8699508750337,
8699508750405,
8699508750498,
8699508750542,
8699508750573,
8699508750580,
8699508750627,
8699508750634,
8699508750641,
8699508750689,
8699508750757,
8699508750764,
8699508750771,
8699508750832,
8699508790067,
8699508790074,
8699510011105,
8699510030106,
8699510030113,
8699510030168,
8699510030175,
8699510030199,
8699510030205,
8699510050012,
8699510050029,
8699510090049,
8699510150729,
8699510190107,
8699510190206,
8699510190305,
8699510190404,
8699510440233,
8699510572729,
8699510750301,
8699510750509,
8699510753111,
8699510920100,
8699511010077,
8699511010114,
8699511010145,
8699511010169,
8699511010275,
8699511017151,
8699511030297,
8699511090154,
8699511091786,
8699511098457,
8699511098785,
8699511098792,
8699511098945,
8699511098952,
8699511099003,
8699511099010,
8699511099027,
8699511099034,
8699511099072,
8699511099089,
8699511099171,
8699511099201,
8699511120011,
8699511170665,
8699511190663,
8699511190670,
8699511286830,
8699511350012,
8699511350241,
8699511380200,
8699511400014,
8699511410013,
8699511510119,
8699511592306,
8699511610017,
8699511612325,
8699511750041,
8699511750058,
8699511750065,
8699511770025,
8699511770032,
8699511796056,
8699511796063,
8699511796650,
8699511796667,
8699511920024,
8699511940039,
8699512008769,
8699512008776,
8699512008783,
8699512008806,
8699512010021,
8699512120010,
8699512120027,
8699512340012,
8699512350059,
8699512380025,
8699512480015,
8699512490014,
8699512540016,
8699512540047,
8699512560021,
8699512590011,
8699514010036,
8699514010098,
8699514010104,
8699514010111,
8699514010135,
8699514010166,
8699514010173,
8699514010180,
8699514010197,
8699514010364,
8699514010722,
8699514010760,
8699514010845,
8699514010913,
8699514010937,
8699514010944,
8699514010968,
8699514010982,
8699514011002,
8699514011125,
8699514011187,
8699514011330,
8699514011347,
8699514011606,
8699514011682,
8699514011699,
8699514012085,
8699514015840,
8699514016700,
8699514016717,
8699514016809,
8699514016908,
8699514017004,
8699514017509,
8699514017523,
8699514018537,
8699514018544,
8699514018551,
8699514018568,
8699514020011,
8699514020110,
8699514020127,
8699514030034,
8699514030065,
8699514030089,
8699514030188,
8699514030201,
8699514030225,
8699514030249,
8699514030263,
8699514030287,
8699514030294,
8699514030300,
8699514030317,
8699514030324,
8699514030423,
8699514030447,
8699514030461,
8699514030492,
8699514031239,
8699514031246,
8699514031253,
8699514031260,
8699514031277,
8699514031284,
8699514031291,
8699514037491,
8699514039273,
8699514039280,
8699514040019,
8699514040026,
8699514040033,
8699514040088,
8699514041238,
8699514042723,
8699514070016,
8699514070023,
8699514070030,
8699514070115,
8699514070122,
8699514070139,
8699514080046,
8699514080053,
8699514080275,
8699514080305,
8699514080381,
8699514080398,
8699514080404,
8699514080411,
8699514080541,
8699514085621,
8699514086079,
8699514086086,
8699514090021,
8699514090175,
8699514090199,
8699514090205,
8699514090243,
8699514090267,
8699514090281,
8699514090311,
8699514090335,
8699514090366,
8699514090380,
8699514090465,
8699514090472,
8699514090502,
8699514090588,
8699514090595,
8699514090663,
8699514090922,
8699514090939,
8699514090977,
8699514090984,
8699514091028,
8699514091042,
8699514091509,
8699514091516,
8699514091523,
8699514091530,
8699514091813,
8699514091820,
8699514091837,
8699514091943,
8699514091974,
8699514091998,
8699514092063,
8699514092070,
8699514092315,
8699514092339,
8699514092360,
8699514092377,
8699514092445,
8699514092476,
8699514092803,
8699514092834,
8699514092988,
8699514093060,
8699514093107,
8699514093251,
8699514093305,
8699514093473,
8699514093480,
8699514093497,
8699514093503,
8699514093527,
8699514093541,
8699514093572,
8699514093640,
8699514093671,
8699514093688,
8699514093695,
8699514093701,
8699514093718,
8699514093725,
8699514093732,
8699514093916,
8699514093923,
8699514093978,
8699514094043,
8699514094098,
8699514094128,
8699514094142,
8699514094159,
8699514094166,
8699514094173,
8699514094326,
8699514094333,
8699514094340,
8699514094357,
8699514094715,
8699514094760,
8699514094784,
8699514094852,
8699514095002,
8699514095019,
8699514095026,
8699514095422,
8699514095545,
8699514095552,
8699514095613,
8699514095675,
8699514095682,
8699514095699,
8699514095705,
8699514095712,
8699514096092,
8699514096368,
8699514096375,
8699514096382,
8699514096429,
8699514096436,
8699514096467,
8699514096498,
8699514096528,
8699514096535,
8699514096542,
8699514096559,
8699514097075,
8699514097082,
8699514097105,
8699514097587,
8699514097594,
8699514097990,
8699514099116,
8699514099123,
8699514099130,
8699514099147,
8699514099185,
8699514100010,
8699514100089,
8699514102366,
8699514120117,
8699514129110,
8699514130109,
8699514130123,
8699514136118,
8699514136125,
8699514150039,
8699514150183,
8699514150213,
8699514150237,
8699514150244,
8699514150633,
8699514150688,
8699514150695,
8699514150718,
8699514150725,
8699514150732,
8699514150749,
8699514150756,
8699514150770,
8699514150787,
8699514150824,
8699514150879,
8699514150978,
8699514151012,
8699514151029,
8699514151074,
8699514151081,
8699514151098,
8699514151104,
8699514151807,
8699514154464,
8699514157656,
8699514157908,
8699514159162,
8699514159179,
8699514159186,
8699514160014,
8699514160021,
8699514170068,
8699514170082,
8699514170167,
8699514200178,
8699514240013,
8699514280057,
8699514280064,
8699514340027,
8699514340041,
8699514340072,
8699514340089,
8699514340188,
8699514345855,
8699514346302,
8699514350033,
8699514350088,
8699514350095,
8699514350125,
8699514350194,
8699514350200,
8699514350255,
8699514350293,
8699514352853,
8699514355717,
8699514380047,
8699514380054,
8699514380092,
8699514380108,
8699514382867,
8699514383949,
8699514385721,
8699514420019,
8699514440703,
8699514440802,
8699514480037,
8699514510048,
8699514510062,
8699514520498,
8699514540014,
8699514540076,
8699514550143,
8699514550174,
8699514550204,
8699514550235,
8699514570066,
8699514570202,
8699514570264,
8699514573715,
8699514574934,
8699514575535,
8699514590040,
8699514590149,
8699514590156,
8699514590217,
8699514590231,
8699514592556,
8699514595571,
8699514596271,
8699514596837,
8699514599197,
8699514610120,
8699514610137,
8699514610144,
8699514610151,
8699514610212,
8699514610229,
8699514610236,
8699514610267,
8699514610298,
8699514610748,
8699514640523,
8699514650041,
8699514650058,
8699514650126,
8699514650140,
8699514655657,
8699514700067,
8699514700074,
8699514704683,
8699514750048,
8699514750116,
8699514750161,
8699514750178,
8699514750185,
8699514755555,
8699514755661,
8699514756064,
8699514759188,
8699514759409,
8699514759416,
8699514760023,
8699514760030,
8699514770138,
8699514790068,
8699514890010,
8699514890058,
8699514950004,
8699514950189,
8699514950196,
8699514950202,
8699514950219,
8699514950257,
8699516010324,
8699516010720,
8699516012021,
8699516012564,
8699516012632,
8699516012663,
8699516012786,
8699516013158,
8699516013561,
8699516015152,
8699516015169,
8699516015176,
8699516015602,
8699516015633,
8699516017156,
8699516017309,
8699516017323,
8699516017347,
8699516031923,
8699516031930,
8699516031947,
8699516038823,
8699516038915,
8699516042240,
8699516042257,
8699516044510,
8699516047443,
8699516047467,
8699516090951,
8699516091705,
8699516092863,
8699516094164,
8699516094171,
8699516097851,
8699516098995,
8699516151164,
8699516152888,
8699516153625,
8699516154547,
8699516154554,
8699516154561,
8699516164089,
8699516275556,
8699516276126,
8699516281199,
8699516285951,
8699516285968,
8699516286934,
8699516350680,
8699516355616,
8699516379018,
8699516380311,
8699516510695,
8699516570330,
8699516573119,
8699516576097,
8699516705626,
8699516750343,
8699516765057,
8699516766825,
8699516790837,
8699516793968,
8699516953805,
8699516953836,
8699519090118,
8699519090125,
8699519150188,
8699519150195,
8699519150201,
8699519150218,
8699519150225,
8699519150232,
8699522015245,
8699522015269,
8699522030231,
8699522030255,
8699522030262,
8699522032815,
8699522032846,
8699522072538,
8699522072545,
8699522072569,
8699522076185,
8699522076192,
8699522091171,
8699522091263,
8699522092505,
8699522092512,
8699522092635,
8699522092666,
8699522092802,
8699522092901,
8699522092918,
8699522094509,
8699522094561,
8699522095605,
8699522095650,
8699522095704,
8699522095711,
8699522096008,
8699522096053,
8699522096107,
8699522096947,
8699522097296,
8699522097524,
8699522097708,
8699522099559,
8699522152285,
8699522154210,
8699522155255,
8699522196906,
8699522285754,
8699522285792,
8699522285808,
8699522285822,
8699522288519,
8699522348855,
8699522352692,
8699522355426,
8699522356294,
8699522356317,
8699522356331,
8699522356522,
8699522385041,
8699522385522,
8699522386307,
8699522386321,
8699522386345,
8699522386581,
8699522480432,
8699522490462,
8699522490738,
8699522521456,
8699522521494,
8699522521500,
8699522521517,
8699522523078,
8699522523085,
8699522523603,
8699522523610,
8699522541379,
8699522543014,
8699522553242,
8699522553259,
8699522553266,
8699522553532,
8699522553570,
8699522553594,
8699522557165,
8699522557660,
8699522559930,
8699522559954,
8699522571253,
8699522571413,
8699522572687,
8699522575176,
8699522592654,
8699522702398,
8699522705009,
8699522705160,
8699522772605,
8699522792030,
8699522952939,
8699522958528,
8699522967346,
8699525010025,
8699525010094,
8699525010100,
8699525010124,
8699525010131,
8699525010148,
8699525010186,
8699525010209,
8699525010797,
8699525010803,
8699525011169,
8699525012586,
8699525012593,
8699525013248,
8699525013309,
8699525013316,
8699525013422,
8699525013439,
8699525013576,
8699525013859,
8699525014092,
8699525014108,
8699525014115,
8699525014344,
8699525014351,
8699525015532,
8699525015556,
8699525016713,
8699525016720,
8699525016737,
8699525016744,
8699525016751,
8699525016775,
8699525016782,
8699525016799,
8699525017154,
8699525017604,
8699525018007,
8699525018021,
8699525019752,
8699525019769,
8699525019776,
8699525019783,
8699525019820,
8699525019837,
8699525019882,
8699525019899,
8699525019905,
8699525019912,
8699525019936,
8699525019943,
8699525019950,
8699525019967,
8699525019974,
8699525019981,
8699525030016,
8699525030061,
8699525030085,
8699525030108,
8699525030122,
8699525030146,
8699525031815,
8699525038135,
8699525040015,
8699525040022,
8699525043924,
8699525043931,
8699525043948,
8699525084002,
8699525090270,
8699525090331,
8699525090492,
8699525090508,
8699525090515,
8699525090676,
8699525090690,
8699525090713,
8699525090720,
8699525090782,
8699525090799,
8699525090911,
8699525090928,
8699525091277,
8699525091918,
8699525092199,
8699525092205,
8699525092267,
8699525092366,
8699525092373,
8699525092465,
8699525092472,
8699525092717,
8699525092762,
8699525092779,
8699525092793,
8699525092915,
8699525093059,
8699525093141,
8699525093158,
8699525093165,
8699525093172,
8699525093189,
8699525093363,
8699525093370,
8699525093516,
8699525093523,
8699525093530,
8699525093547,
8699525093899,
8699525094131,
8699525094148,
8699525094315,
8699525094322,
8699525094537,
8699525094582,
8699525094599,
8699525094636,
8699525094643,
8699525094667,
8699525094681,
8699525094841,
8699525094889,
8699525095374,
8699525095565,
8699525095572,
8699525095640,
8699525095657,
8699525095664,
8699525095688,
8699525095701,
8699525095732,
8699525095756,
8699525095961,
8699525095978,
8699525096470,
8699525096975,
8699525097514,
8699525097910,
8699525097927,
8699525098238,
8699525098245,
8699525098689,
8699525099211,
8699525099389,
8699525099396,
8699525099532,
8699525099570,
8699525099587,
8699525099594,
8699525099600,
8699525099716,
8699525099723,
8699525099730,
8699525099747,
8699525099754,
8699525099808,
8699525099884,
8699525105790,
8699525124807,
8699525124814,
8699525131676,
8699525134028,
8699525150059,
8699525150066,
8699525150073,
8699525150080,
8699525150103,
8699525150226,
8699525150240,
8699525150257,
8699525150264,
8699525150394,
8699525150417,
8699525150448,
8699525150462,
8699525150486,
8699525150585,
8699525151469,
8699525151513,
8699525156679,
8699525157492,
8699525157508,
8699525157690,
8699525159694,
8699525159700,
8699525159717,
8699525159724,
8699525159731,
8699525159748,
8699525159755,
8699525159762,
8699525159779,
8699525159786,
8699525159793,
8699525159809,
8699525159823,
8699525159830,
8699525159847,
8699525162557,
8699525162564,
8699525162571,
8699525178206,
8699525193681,
8699525193780,
8699525193797,
8699525193803,
8699525193810,
8699525195838,
8699525266316,
8699525270382,
8699525270399,
8699525272324,
8699525272348,
8699525272355,
8699525272836,
8699525272843,
8699525272850,
8699525272867,
8699525272874,
8699525272904,
8699525273130,
8699525273277,
8699525273284,
8699525274960,
8699525275509,
8699525275516,
8699525278418,
8699525278548,
8699525282132,
8699525282149,
8699525282484,
8699525282491,
8699525282507,
8699525282989,
8699525283047,
8699525283207,
8699525283214,
8699525284129,
8699525284624,
8699525285584,
8699525285591,
8699525286451,
8699525287465,
8699525287489,
8699525288196,
8699525289568,
8699525342812,
8699525345264,
8699525346117,
8699525349620,
8699525350015,
8699525350053,
8699525350077,
8699525351173,
8699525351180,
8699525353757,
8699525353900,
8699525354754,
8699525354914,
8699525354921,
8699525354938,
8699525358073,
8699525359483,
8699525386687,
8699525386700,
8699525388469,
8699525416698,
8699525447630,
8699525498113,
8699525513649,
8699525518095,
8699525520036,
8699525520043,
8699525520074,
8699525520081,
8699525520111,
8699525520128,
8699525520135,
8699525520166,
8699525520180,
8699525526410,
8699525527202,
8699525528148,
8699525529695,
8699525529701,
8699525529732,
8699525529749,
8699525546234,
8699525546241,
8699525550033,
8699525550064,
8699525550071,
8699525556523,
8699525558442,
8699525558909,
8699525558916,
8699525558923,
8699525558930,
8699525558947,
8699525558954,
8699525558992,
8699525571922,
8699525572400,
8699525573957,
8699525577702,
8699525578105,
8699525579539,
8699525590435,
8699525590442,
8699525591616,
8699525594877,
8699525610010,
8699525610034,
8699525610041,
8699525610065,
8699525610089,
8699525610102,
8699525610119,
8699525610140,
8699525610157,
8699525610164,
8699525610171,
8699525610201,
8699525618252,
8699525618283,
8699525619204,
8699525619266,
8699525619273,
8699525619297,
8699525619303,
8699525619310,
8699525619334,
8699525648082,
8699525690012,
8699525690043,
8699525690050,
8699525690074,
8699525690104,
8699525690111,
8699525692801,
8699525694331,
8699525698285,
8699525698315,
8699525698322,
8699525698636,
8699525698667,
8699525698674,
8699525698810,
8699525700018,
8699525700049,
8699525704054,
8699525704498,
8699525706768,
8699525707673,
8699525707703,
8699525707710,
8699525707734,
8699525707765,
8699525710024,
8699525710055,
8699525750150,
8699525750167,
8699525750228,
8699525750341,
8699525750426,
8699525750495,
8699525750525,
8699525750556,
8699525750624,
8699525751232,
8699525751836,
8699525752239,
8699525752253,
8699525752413,
8699525754615,
8699525754653,
8699525755247,
8699525755445,
8699525755452,
8699525756275,
8699525756282,
8699525757678,
8699525757685,
8699525757906,
8699525759726,
8699525759740,
8699525760043,
8699525766342,
8699525770677,
8699525770684,
8699525775863,
8699525775870,
8699525775887,
8699525775894,
8699525775900,
8699525775917,
8699525775924,
8699525776242,
8699525776440,
8699525786708,
8699525786807,
8699525790019,
8699525790040,
8699525790057,
8699525790064,
8699525790071,
8699525790088,
8699525790095,
8699525790101,
8699525790118,
8699525790125,
8699525795953,
8699525795960,
8699525796981,
8699525798510,
8699525798527,
8699525798534,
8699525798558,
8699525798565,
8699525890597,
8699525907332,
8699525947345,
8699525950017,
8699525950024,
8699525950031,
8699525950048,
8699526000018,
8699526000032,
8699526000049,
8699526000070,
8699526000087,
8699526000094,
8699526000100,
8699526000117,
8699526000124,
8699526000148,
8699526000285,
8699526000292,
8699526000308,
8699526000315,
8699526000322,
8699526000339,
8699527010221,
8699527010245,
8699527010269,
8699527010283,
8699527010535,
8699527010542,
8699527010955,
8699527011037,
8699527020015,
8699527040020,
8699527080156,
8699527090025,
8699527090032,
8699527090117,
8699527090155,
8699527090186,
8699527090216,
8699527090247,
8699527090254,
8699527090278,
8699527090858,
8699527090865,
8699527090872,
8699527090896,
8699527090919,
8699527090957,
8699527090995,
8699527091114,
8699527091176,
8699527091190,
8699527091367,
8699527093521,
8699527093569,
8699527093705,
8699527093873,
8699527093927,
8699527150026,
8699527150064,
8699527150101,
8699527150149,
8699527150217,
8699527151016,
8699527170017,
8699527240147,
8699527340014,
8699527340052,
8699527341523,
8699527350013,
8699527350150,
8699527351546,
8699527370028,
8699527400251,
8699527520034,
8699527570077,
8699527573788,
8699527574389,
8699527574419,
8699527575287,
8699527575300,
8699527593748,
8699527640022,
8699527650045,
8699527750011,
8699529030036,
8699529120010,
8699529120027,
8699532011114,
8699532011121,
8699532014078,
8699532014085,
8699532015327,
8699532015334,
8699532015983,
8699532017802,
8699532017819,
8699532035486,
8699532035493,
8699532090201,
8699532090881,
8699532091420,
8699532091475,
8699532094001,
8699532095015,
8699532095176,
8699532095190,
8699532095428,
8699532095473,
8699532095527,
8699532095534,
8699532095541,
8699532095619,
8699532095633,
8699532095640,
8699532095671,
8699532095688,
8699532097095,
8699532151353,
8699532151407,
8699532151445,
8699532151797,
8699532151810,
8699532151834,
8699532151858,
8699532154422,
8699532154453,
8699532154460,
8699532154477,
8699532154484,
8699532154491,
8699532154545,
8699532154767,
8699532178169,
8699532618368,
8699532754820,
8699535250053,
8699535690125,
8699535690132,
8699535690163,
8699535690170,
8699535690187,
8699535690323,
8699535690354,
8699535690361,
8699535691139,
8699535691146,
8699535691337,
8699535691344,
8699535890037,
8699535890051,
8699535890068,
8699535980417,
8699535980516,
8699535980523,
8699535980547,
8699535980639,
8699535980837,
8699535980851,
8699536010113,
8699536010120,
8699536010168,
8699536010205,
8699536010229,
8699536010236,
8699536010373,
8699536010649,
8699536010731,
8699536010755,
8699536011219,
8699536011400,
8699536011424,
8699536011448,
8699536011455,
8699536011462,
8699536011486,
8699536011493,
8699536011516,
8699536011523,
8699536011547,
8699536011554,
8699536011578,
8699536011592,
8699536011615,
8699536011622,
8699536030012,
8699536030029,
8699536030036,
8699536030043,
8699536030050,
8699536030067,
8699536030104,
8699536030111,
8699536030142,
8699536030159,
8699536030173,
8699536030197,
8699536030234,
8699536030241,
8699536030333,
8699536030357,
8699536030371,
8699536030395,
8699536030418,
8699536040011,
8699536040028,
8699536040035,
8699536040066,
8699536070049,
8699536070186,
8699536070193,
8699536070261,
8699536070285,
8699536080116,
8699536080130,
8699536090061,
8699536090078,
8699536090115,
8699536090139,
8699536090146,
8699536090153,
8699536090160,
8699536090177,
8699536090184,
8699536090214,
8699536090221,
8699536090252,
8699536090269,
8699536090320,
8699536090412,
8699536090429,
8699536090450,
8699536090481,
8699536090498,
8699536090504,
8699536090511,
8699536090535,
8699536090542,
8699536090559,
8699536090627,
8699536090634,
8699536090672,
8699536090702,
8699536090757,
8699536090764,
8699536090771,
8699536090788,
8699536090801,
8699536090825,
8699536090849,
8699536090962,
8699536091020,
8699536091044,
8699536091099,
8699536091112,
8699536091266,
8699536091273,
8699536091280,
8699536091297,
8699536091303,
8699536091310,
8699536091808,
8699536091815,
8699536091822,
8699536092218,
8699536092232,
8699536092270,
8699536092300,
8699536092317,
8699536092348,
8699536092362,
8699536092386,
8699536092393,
8699536092409,
8699536092416,
8699536092492,
8699536092584,
8699536092898,
8699536092911,
8699536092928,
8699536092935,
8699536092980,
8699536093000,
8699536093024,
8699536093048,
8699536093079,
8699536093086,
8699536093093,
8699536093109,
8699536093116,
8699536093147,
8699536093154,
8699536093161,
8699536093215,
8699536093222,
8699536093246,
8699536093260,
8699536093284,
8699536093307,
8699536093314,
8699536093321,
8699536093345,
8699536093369,
8699536093376,
8699536093444,
8699536093482,
8699536093550,
8699536093697,
8699536093703,
8699536093710,
8699536093727,
8699536093734,
8699536093741,
8699536150079,
8699536150086,
8699536150093,
8699536150109,
8699536150116,
8699536150314,
8699536150321,
8699536150420,
8699536150499,
8699536150505,
8699536150512,
8699536150536,
8699536150550,
8699536150574,
8699536150581,
8699536150604,
8699536150710,
8699536150727,
8699536150734,
8699536150741,
8699536150758,
8699536150789,
8699536150796,
8699536150833,
8699536160016,
8699536160078,
8699536160085,
8699536170053,
8699536250151,
8699536280011,
8699536280028,
8699536280073,
8699536280110,
8699536280127,
8699536340029,
8699536510019,
8699536570037,
8699536640013,
8699536650043,
8699536650050,
8699536650098,
8699536650111,
8699536760049,
8699538055600,
8699538055617,
8699538055624,
8699538055631,
8699538094548,
8699538154808,
8699538154822,
8699538154839,
8699538154846,
8699538154853,
8699538154860,
8699538154877,
8699538154884,
8699538154891,
8699538545361,
8699538774815,
8699538983538,
8699538983606,
8699538983651,
8699538983699,
8699538983705,
8699538983712,
8699540003309,
8699540010208,
8699540010321,
8699540010505,
8699540010604,
8699540011205,
8699540011304,
8699540013704,
8699540014503,
8699540014602,
8699540015081,
8699540015135,
8699540015630,
8699540015661,
8699540015692,
8699540016613,
8699540016668,
8699540016712,
8699540016767,
8699540016811,
8699540017009,
8699540017054,
8699540020924,
8699540020931,
8699540021075,
8699540021693,
8699540022430,
8699540023260,
8699540023475,
8699540023482,
8699540023499,
8699540023772,
8699540023796,
8699540025677,
8699540025882,
8699540025899,
8699540025912,
8699540027923,
8699540027954,
8699540030015,
8699540030022,
8699540030039,
8699540030053,
8699540030077,
8699540030091,
8699540030114,
8699540033658,
8699540035751,
8699540035768,
8699540040151,
8699540040168,
8699540070028,
8699540070035,
8699540070042,
8699540070066,
8699540070073,
8699540070080,
8699540070097,
8699540070110,
8699540070127,
8699540070134,
8699540080010,
8699540080034,
8699540090064,
8699540090286,
8699540090620,
8699540090637,
8699540090743,
8699540090767,
8699540090781,
8699540090798,
8699540090811,
8699540090828,
8699540090835,
8699540090842,
8699540090866,
8699540090873,
8699540090972,
8699540091023,
8699540091030,
8699540091054,
8699540091108,
8699540091115,
8699540091252,
8699540091269,
8699540091535,
8699540091542,
8699540091559,
8699540091658,
8699540091665,
8699540092242,
8699540092716,
8699540092747,
8699540095007,
8699540095038,
8699540095090,
8699540095120,
8699540095151,
8699540096011,
8699540096059,
8699540096417,
8699540096462,
8699540096622,
8699540096660,
8699540096707,
8699540096745,
8699540097865,
8699540098459,
8699540098503,
8699540098619,
8699540098718,
8699540099005,
8699540099050,
8699540150096,
8699540150126,
8699540160095,
8699540160101,
8699540160125,
8699540160408,
8699540160415,
8699540160453,
8699540170018,
8699540170025,
8699540170032,
8699540170308,
8699540170407,
8699540170506,
8699540171114,
8699540171121,
8699540180208,
8699540180215,
8699540180222,
8699540270022,
8699540270510,
8699540270541,
8699540280403,
8699540570078,
8699540570801,
8699540571204,
8699540701205,
8699540701267,
8699540750036,
8699540750043,
8699540754003,
8699541010207,
8699541010405,
8699541010504,
8699541012010,
8699541012027,
8699541012119,
8699541012126,
8699541014304,
8699541014502,
8699541014601,
8699541014908,
8699541015226,
8699541015288,
8699541015295,
8699541015301,
8699541015318,
8699541015349,
8699541030014,
8699541030106,
8699541030205,
8699541030304,
8699541090100,
8699541090209,
8699541090223,
8699541092005,
8699541093804,
8699541093811,
8699541093903,
8699541094009,
8699541094108,
8699541094207,
8699541094306,
8699541094412,
8699541094504,
8699541095013,
8699541095112,
8699541095365,
8699541095464,
8699541150804,
8699541151702,
8699541153690,
8699541153706,
8699541153713,
8699541153720,
8699541153737,
8699541170123,
8699541170130,
8699541270106,
8699541270205,
8699541270922,
8699541271004,
8699541271035,
8699541271103,
8699541271134,
8699541271615,
8699541271707,
8699541271714,
8699541272100,
8699541272117,
8699541272209,
8699541272407,
8699541272414,
8699541272506,
8699541272513,
8699541273404,
8699541273503,
8699541274555,
8699541280709,
8699541280716,
8699541281850,
8699541350013,
8699541350105,
8699541380010,
8699541380102,
8699541751315,
8699541751605,
8699541751704,
8699541760010,
8699541760102,
8699541760201,
8699541760409,
8699541760508,
8699541760706,
8699541760805,
8699541761031,
8699541761079,
8699541761086,
8699541761093,
8699541761116,
8699541770408,
8699541771207,
8699541772907,
8699541773003,
8699541773201,
8699541773300,
8699541773409,
8699541773508,
8699541773607,
8699541774109,
8699541790901,
8699541791007,
8699541791205,
8699541791700,
8699541791908,
8699541792400,
8699541792615,
8699541793209,
8699541793902,
8699541794305,
8699541794602,
8699541794701,
8699541794718,
8699541794725,
8699541794794,
8699541794800,
8699541794909,
8699541794930,
8699541794947,
8699543010014,
8699543010021,
8699543010038,
8699543010045,
8699543010069,
8699543010076,
8699543010083,
8699543010090,
8699543010137,
8699543010144,
8699543010151,
8699543010168,
8699543010212,
8699543010250,
8699543010274,
8699543010281,
8699543010304,
8699543010328,
8699543010342,
8699543010434,
8699543010601,
8699543010618,
8699543010625,
8699543010632,
8699543010649,
8699543010656,
8699543010823,
8699543010830,
8699543010847,
8699543010854,
8699543010861,
8699543010977,
8699543010991,
8699543011011,
8699543011035,
8699543011066,
8699543011103,
8699543011158,
8699543011233,
8699543011240,
8699543011257,
8699543030012,
8699543030029,
8699543030036,
8699543030043,
8699543030104,
8699543030111,
8699543030135,
8699543030159,
8699543030227,
8699543030234,
8699543030241,
8699543030258,
8699543030265,
8699543030289,
8699543030296,
8699543030319,
8699543030333,
8699543030357,
8699543030364,
8699543030388,
8699543030395,
8699543030401,
8699543040042,
8699543040059,
8699543040073,
8699543040110,
8699543070186,
8699543070193,
8699543070209,
8699543070216,
8699543070308,
8699543070315,
8699543070353,
8699543070360,
8699543070377,
8699543090030,
8699543090047,
8699543090061,
8699543090078,
8699543090085,
8699543090092,
8699543090115,
8699543090122,
8699543090146,
8699543090160,
8699543090184,
8699543090207,
8699543090214,
8699543090252,
8699543090276,
8699543090283,
8699543090320,
8699543090344,
8699543090351,
8699543090368,
8699543090382,
8699543090399,
8699543090412,
8699543090429,
8699543090436,
8699543090443,
8699543090467,
8699543090474,
8699543090498,
8699543090504,
8699543090511,
8699543090528,
8699543090535,
8699543090641,
8699543090658,
8699543090665,
8699543090672,
8699543090689,
8699543090696,
8699543090726,
8699543090733,
8699543090917,
8699543090924,
8699543090931,
8699543091075,
8699543091099,
8699543091112,
8699543091136,
8699543091150,
8699543091167,
8699543091570,
8699543091587,
8699543091594,
8699543091600,
8699543091617,
8699543091624,
8699543091631,
8699543091662,
8699543091693,
8699543091709,
8699543091716,
8699543091808,
8699543091815,
8699543091839,
8699543091846,
8699543091853,
8699543091884,
8699543091891,
8699543091907,
8699543091914,
8699543092065,
8699543092249,
8699543092256,
8699543092348,
8699543092355,
8699543092362,
8699543092379,
8699543092386,
8699543092423,
8699543092430,
8699543130019,
8699543150055,
8699543150062,
8699543150079,
8699543150109,
8699543150130,
8699543150147,
8699543150154,
8699543150161,
8699543150178,
8699543150208,
8699543150222,
8699543150307,
8699543160016,
8699543160023,
8699543160054,
8699543160061,
8699543160078,
8699543160085,
8699543190020,
8699543190044,
8699543240039,
8699543480039,
8699543560038,
8699543560045,
8699543570044,
8699543590028,
8699543590035,
8699543590066,
8699543590080,
8699543700052,
8699543750019,
8699543750040,
8699543750071,
8699543750088,
8699543750101,
8699543750125,
8699543760032,
8699543890036,
8699543920016,
8699543950013,
8699544356418,
8699544356432,
8699544356463,
8699544356470,
8699544356494,
8699544356500,
8699544356517,
8699544356524,
8699544356562,
8699544356579,
8699546010011,
8699546010028,
8699546010035,
8699546010042,
8699546010066,
8699546010387,
8699546010417,
8699546010608,
8699546010615,
8699546011247,
8699546011667,
8699546011827,
8699546013838,
8699546014750,
8699546014767,
8699546015474,
8699546015597,
8699546015610,
8699546015634,
8699546031870,
8699546032297,
8699546080274,
8699546085767,
8699546090044,
8699546090167,
8699546090198,
8699546090211,
8699546090235,
8699546090273,
8699546090297,
8699546090303,
8699546090372,
8699546091959,
8699546093885,
8699546093892,
8699546093908,
8699546095100,
8699546095131,
8699546095933,
8699546097494,
8699546098248,
8699546099429,
8699546100354,
8699546120031,
8699546120048,
8699546124435,
8699546130153,
8699546130238,
8699546326716,
8699546350087,
8699546350124,
8699546350940,
8699546351411,
8699546380077,
8699546385492,
8699546575589,
8699546575893,
8699546700288,
8699546705757,
8699546705795,
8699546705801,
8699546750016,
8699546750283,
8699546750399,
8699546754892,
8699546755141,
8699546755714,
8699546758807,
8699546770014,
8699546770052,
8699546770359,
8699546771936,
8699546772438,
8699546773428,
8699546773701,
8699546773886,
8699546774142,
8699546778638,
8699546778706,
8699546778881,
8699546790036,
8699546790043,
8699546790050,
8699546790067,
8699546799169,
8699546813919,
8699546814091,
8699546890019,
8699546904662,
8699546959341,
8699548010446,
8699548011146,
8699548013010,
8699548014444,
8699548030420,
8699548030802,
8699548030864,
8699548031601,
8699548031953,
8699548033162,
8699548090479,
8699548090806,
8699548090820,
8699548091698,
8699548091704,
8699548092732,
8699548093050,
8699548093159,
8699548094408,
8699548094682,
8699548151637,
8699548152702,
8699548152719,
8699548270482,
8699548570759,
8699548955365,
8699548990298,
8699548990342,
8699548990366,
8699548990663,
8699548990878,
8699548990892,
8699548991158,
8699548991202,
8699548991370,
8699548991394,
8699548993756,
8699548993824,
8699548993886,
8699548993893,
8699548993992,
8699548994029,
8699548994036,
8699548994043,
8699548994050,
8699548994067,
8699548994074,
8699548994081,
8699548994098,
8699548994111,
8699548994128,
8699548994135,
8699548994142,
8699548994166,
8699548994173,
8699548994180,
8699548994234,
8699548994241,
8699548994258,
8699548994272,
8699548994333,
8699548994340,
8699548994524,
8699548994579,
8699548994678,
8699548994708,
8699548994715,
8699548994722,
8699548994937,
8699548995071,
8699548995088,
8699548995231,
8699548995293,
8699552010326,
8699552010524,
8699552010562,
8699552010616,
8699552010623,
8699552010630,
8699552010647,
8699552030058,
8699552030065,
8699552030072,
8699552030089,
8699552030201,
8699552090113,
8699552090120,
8699552090236,
8699552090335,
8699552090458,
8699552090465,
8699552090472,
8699552090489,
8699552090519,
8699552090717,
8699552090823,
8699552090830,
8699552090847,
8699552090854,
8699552090892,
8699552140122,
8699552150039,
8699556260079,
8699556260086,
8699556260093,
8699556695215,
8699556695222,
8699556695239,
8699556696427,
8699556696526,
8699556980090,
8699556980144,
8699556980175,
8699559010039,
8699559010046,
8699559010145,
8699559010268,
8699559010282,
8699559010299,
8699559010312,
8699559010411,
8699559010428,
8699559010435,
8699559030020,
8699559090024,
8699559090031,
8699559090062,
8699559090239,
8699559090314,
8699559090321,
8699559090345,
8699559090390,
8699559090444,
8699559090468,
8699559090475,
8699559090499,
8699559090505,
8699559090543,
8699559090550,
8699559090567,
8699559090581,
8699559090703,
8699559090710,
8699559090772,
8699559090789,
8699559090819,
8699559090857,
8699559120097,
8699559120103,
8699559120110,
8699559120141,
8699559120165,
8699559150087,
8699559150094,
8699559170016,
8699559170023,
8699559190038,
8699559190045,
8699559210033,
8699559210040,
8699559240016,
8699559240078,
8699559330014,
8699559340020,
8699559350012,
8699559350036,
8699559360011,
8699559380019,
8699559380026,
8699559510010,
8699559540017,
8699559570021,
8699559570069,
8699559570090,
8699559570144,
8699559650082,
8699559750010,
8699559750089,
8699559760019,
8699559770148,
8699559770155,
8699559810011,
8699559890037,
8699559900019,
8699560010769,
8699560090020,
8699561340056,
8699561340063,
8699561340087,
8699561340094,
8699561340100,
8699561340124,
8699561340223,
8699561350055,
8699561350062,
8699561350093,
8699561350109,
8699561350116,
8699561350130,
8699561350147,
8699561350185,
8699561350215,
8699561350222,
8699561350239,
8699561380014,
8699561380205,
8699561380229,
8699561380243,
8699561460082,
8699561460099,
8699561480035,
8699561480042,
8699561480059,
8699563544902,
8699563546029,
8699563604958,
8699564012509,
8699564012554,
8699564772236,
8699565010016,
8699565090025,
8699565090049,
8699565090087,
8699565090124,
8699565090131,
8699565090148,
8699565090155,
8699565090179,
8699565090193,
8699565090247,
8699565090254,
8699565090261,
8699565090278,
8699565090285,
8699565090292,
8699565093606,
8699565093620,
8699565123556,
8699565343572,
8699565520034,
8699565523585,
8699565573504,
8699565640039,
8699565643597,
8699565650045,
8699566013221,
8699566013245,
8699566013269,
8699566015751,
8699566015768,
8699566015775,
8699566015973,
8699566016017,
8699566016512,
8699566034226,
8699566091106,
8699566091120,
8699566091137,
8699566091151,
8699566091168,
8699566093131,
8699566093339,
8699566093346,
8699566093384,
8699566093391,
8699566094022,
8699566096002,
8699566096248,
8699566096255,
8699566096286,
8699566096309,
8699566096323,
8699566096330,
8699566096347,
8699566096354,
8699566096385,
8699566096392,
8699566096408,
8699566096415,
8699566096439,
8699566096446,
8699566096453,
8699566096460,
8699566096491,
8699566096507,
8699566096538,
8699566096545,
8699566125429,
8699566155600,
8699566205794,
8699566340082,
8699566344288,
8699566350029,
8699566350043,
8699566354379,
8699566355130,
8699566355901,
8699566355987,
8699566356007,
8699566380026,
8699566484359,
8699566510010,
8699566515008,
8699566516036,
8699566543308,
8699566576276,
8699566591200,
8699566656473,
8699566753103,
8699566755107,
8699566756104,
8699567090047,
8699567090054,
8699567150017,
8699567270029,
8699567270036,
8699567270043,
8699567300016,
8699567350011,
8699567350028,
8699567380018,
8699567510019,
8699567570020,
8699567570037,
8699567640013,
8699569010012,
8699569010050,
8699569010067,
8699569010111,
8699569010333,
8699569010500,
8699569010517,
8699569010524,
8699569010562,
8699569010579,
8699569010586,
8699569010593,
8699569010609,
8699569010616,
8699569011026,
8699569011439,
8699569030225,
8699569040071,
8699569040118,
8699569080060,
8699569080091,
8699569090021,
8699569090045,
8699569090052,
8699569090076,
8699569090113,
8699569090205,
8699569090250,
8699569090311,
8699569090328,
8699569090366,
8699569090458,
8699569090489,
8699569090496,
8699569090502,
8699569090564,
8699569090571,
8699569090601,
8699569090618,
8699569090625,
8699569090649,
8699569090670,
8699569090687,
8699569090694,
8699569090717,
8699569090786,
8699569090830,
8699569091196,
8699569091271,
8699569091332,
8699569091417,
8699569091448,
8699569091608,
8699569091622,
8699569091769,
8699569091776,
8699569091868,
8699569091950,
8699569091998,
8699569092001,
8699569092087,
8699569092476,
8699569092506,
8699569092544,
8699569092667,
8699569092711,
8699569092728,
8699569092735,
8699569092742,
8699569092773,
8699569092780,
8699569092797,
8699569092803,
8699569092810,
8699569092988,
8699569093015,
8699569093060,
8699569093091,
8699569093107,
8699569093114,
8699569093121,
8699569093138,
8699569093145,
8699569093169,
8699569150015,
8699569150183,
8699569150237,
8699569150602,
8699569150633,
8699569170013,
8699569240013,
8699569240082,
8699569240266,
8699569270041,
8699569270065,
8699569270423,
8699569270935,
8699569280026,
8699569280033,
8699569280095,
8699569280149,
8699569280224,
8699569280231,
8699569280286,
8699569280354,
8699569280385,
8699569280392,
8699569280408,
8699569280422,
8699569280439,
8699569280446,
8699569280453,
8699569280538,
8699569280552,
8699569280569,
8699569340072,
8699569340089,
8699569340096,
8699569350019,
8699569350026,
8699569350040,
8699569350095,
8699569350118,
8699569350132,
8699569350149,
8699569350194,
8699569380016,
8699569380030,
8699569380054,
8699569380061,
8699569380078,
8699569440024,
8699569480013,
8699569480037,
8699569520078,
8699569520085,
8699569520108,
8699569520122,
8699569520139,
8699569520153,
8699569550020,
8699569550143,
8699569560012,
8699569570035,
8699569570233,
8699569570264,
8699569570295,
8699569590118,
8699569610045,
8699569610052,
8699569610069,
8699569610076,
8699569610083,
8699569610106,
8699569610120,
8699569610137,
8699569610144,
8699569610151,
8699569610175,
8699569610229,
8699569610236,
8699569610304,
8699569610311,
8699569610328,
8699569610342,
8699569610359,
8699569620013,
8699569620020,
8699569700081,
8699569700173,
8699569750017,
8699569750024,
8699569750147,
8699569750154,
8699569750185,
8699569750239,
8699569900016,
8699569900054,
8699569900061,
8699570010148,
8699570080011,
8699570080028,
8699570090058,
8699570090119,
8699570090355,
8699570090362,
8699570150011,
8699570160010,
8699570160034,
8699570240019,
8699570240064,
8699570240101,
8699570240125,
8699570240163,
8699570240187,
8699570280046,
8699570520012,
8699570570024,
8699570570062,
8699570570079,
8699570570086,
8699570570147,
8699570570246,
8699570590039,
8699570700018,
8699570700056,
8699570700094,
8699570750020,
8699572170031,
8699572170048,
8699572170079,
8699578010447,
8699578010690,
8699578010713,
8699578011215,
8699578011222,
8699578011239,
8699578011253,
8699578011260,
8699578011277,
8699578011819,
8699578011826,
8699578012700,
8699578012823,
8699578012830,
8699578012847,
8699578012854,
8699578013479,
8699578014230,
8699578043414,
8699578043421,
8699578090036,
8699578090043,
8699578090050,
8699578090098,
8699578090104,
8699578090111,
8699578090128,
8699578090166,
8699578090272,
8699578090289,
8699578090296,
8699578090302,
8699578090418,
8699578090425,
8699578090432,
8699578090449,
8699578090456,
8699578090463,
8699578090876,
8699578090883,
8699578091026,
8699578091217,
8699578091224,
8699578091231,
8699578091248,
8699578092214,
8699578092412,
8699578092450,
8699578092467,
8699578092511,
8699578093013,
8699578093020,
8699578093877,
8699578093907,
8699578094249,
8699578094263,
8699578095215,
8699578095222,
8699578095291,
8699578095307,
8699578095314,
8699578095345,
8699578095413,
8699578095420,
8699578095437,
8699578095444,
8699578151041,
8699578151065,
8699578151072,
8699578151089,
8699578151102,
8699578151218,
8699578151225,
8699578151232,
8699578152215,
8699578152482,
8699578153410,
8699578162412,
8699578162429,
8699578174415,
8699578280017,
8699578280024,
8699578340612,
8699578341220,
8699578382216,
8699578511210,
8699578571221,
8699578572211,
8699578593612,
8699578653019,
8699578653873,
8699578690410,
8699578690427,
8699578700034,
8699578700812,
8699578703424,
8699578750015,
8699578750022,
8699578750039,
8699578750046,
8699578750053,
8699578750060,
8699578750077,
8699578750084,
8699578750091,
8699578750107,
8699578750114,
8699578750121,
8699578750411,
8699578750428,
8699578751821,
8699578752613,
8699578752620,
8699578753474,
8699578753498,
8699578753504,
8699578753511,
8699579440014,
8699580010329,
8699580040012,
8699580040029,
8699580040050,
8699580070019,
8699580070033,
8699580070040,
8699580070057,
8699580090093,
8699580090109,
8699580090130,
8699580090277,
8699580090307,
8699580090321,
8699580090345,
8699580090413,
8699580090598,
8699580090628,
8699580090635,
8699580090642,
8699580090659,
8699580090666,
8699580090680,
8699580090697,
8699580090703,
8699580090710,
8699580090796,
8699580160031,
8699580170016,
8699580190052,
8699580190069,
8699580210132,
8699580210149,
8699580240016,
8699580310047,
8699580340037,
8699580340051,
8699580340068,
8699580460018,
8699580460025,
8699580460032,
8699580510034,
8699580510058,
8699580540017,
8699580540024,
8699580570014,
8699580570069,
8699580570083,
8699580570106,
8699580570113,
8699580570120,
8699580570137,
8699580570144,
8699580640069,
8699580640076,
8699580750041,
8699580750058,
8699580750065,
8699580750072,
8699580750089,
8699580750126,
8699580750171,
8699580750188,
8699580750201,
8699580750218,
8699580750225,
8699580750232,
8699580750249,
8699580950014,
8699580950021,
8699580950038,
8699584010721,
8699584090730,
8699584090785,
8699584340835,
8699584340842,
8699584340859,
8699584420766,
8699584890774,
8699584900749,
8699584900756,
8699584900794,
8699584900800,
8699584900817,
8699584900824,
8699586010231,
8699586013331,
8699586032707,
8699586042058,
8699586070037,
8699586070044,
8699586090110,
8699586090257,
8699586090271,
8699586092107,
8699586092121,
8699586092237,
8699586092350,
8699586092367,
8699586092398,
8699586094163,
8699586094217,
8699586094286,
8699586094293,
8699586120060,
8699586122859,
8699586262838,
8699586262845,
8699586262876,
8699586262883,
8699586262890,
8699586280108,
8699586280115,
8699586383540,
8699586462443,
8699586462450,
8699586652622,
8699586690051,
8699586690068,
8699586692819,
8699586692925,
8699586692949,
8699586692956,
8699586692963,
8699586692970,
8699586692987,
8699586692994,
8699586693090,
8699586693199,
8699586750137,
8699586752476,
8699586753268,
8699586792090,
8699586892035,
8699586912047,
8699587011039,
8699587011046,
8699587011237,
8699587011398,
8699587011862,
8699587011930,
8699587012432,
8699587012449,
8699587012869,
8699587013811,
8699587013828,
8699587013996,
8699587031341,
8699587091727,
8699587091734,
8699587092267,
8699587093615,
8699587093967,
8699587093974,
8699587094186,
8699587121554,
8699587151841,
8699587151964,
8699587152411,
8699587161086,
8699587161116,
8699587171054,
8699587351661,
8699587352187,
8699587352804,
8699587381583,
8699587383136,
8699587513595,
8699587513601,
8699587523112,
8699587571120,
8699587571854,
8699587651594,
8699587652164,
8699587654069,
8699587654212,
8699587751065,
8699587751324,
8699587751362,
8699587751461,
8699587751485,
8699587751508,
8699587751522,
8699587751607,
8699587751676,
8699587751706,
8699587751713,
8699587751744,
8699587751799,
8699587751881,
8699587752383,
8699587752574,
8699587752581,
8699587752611,
8699587752635,
8699587753472,
8699587754202,
8699587904058,
8699591010028,
8699591010363,
8699591010387,
8699591010431,
8699591010448,
8699591040018,
8699591090037,
8699591090044,
8699591090051,
8699591090099,
8699591090129,
8699591090167,
8699591090235,
8699591090242,
8699591090303,
8699591090341,
8699591090365,
8699591090426,
8699591090440,
8699591090457,
8699591090488,
8699591090495,
8699591150267,
8699591150298,
8699591150373,
8699591240012,
8699591280018,
8699591280032,
8699591280063,
8699591280070,
8699591280087,
8699591340019,
8699591340026,
8699591350292,
8699591350315,
8699591350353,
8699591350414,
8699591350445,
8699591370016,
8699591380053,
8699591510078,
8699591510085,
8699591510108,
8699591540143,
8699591540150,
8699591560080,
8699591560097,
8699591570034,
8699591570294,
8699591570324,
8699591570331,
8699591570355,
8699591570379,
8699591570386,
8699591570423,
8699591570515,
8699591570522,
8699591570539,
8699591570669,
8699591590049,
8699591590063,
8699591590087,
8699591640010,
8699591640027,
8699591650255,
8699591650279,
8699591650286,
8699591650293,
8699591700233,
8699591700240,
8699591770021,
8699591890088,
8699591900015,
8699593013041,
8699593015274,
8699593015298,
8699593015304,
8699593035517,
8699593035524,
8699593035531,
8699593035753,
8699593035760,
8699593035784,
8699593035807,
8699593083013,
8699593091148,
8699593091155,
8699593091162,
8699593091179,
8699593095061,
8699593095078,
8699593095085,
8699593095092,
8699593095290,
8699593095306,
8699593095375,
8699593095382,
8699593095450,
8699593095467,
8699593095474,
8699593095481,
8699593095498,
8699593095504,
8699593095511,
8699593095528,
8699593095535,
8699593095542,
8699593095559,
8699593095566,
8699593095573,
8699593151163,
8699593151224,
8699593151255,
8699593151262,
8699593270017,
8699593270024,
8699593351075,
8699593383021,
8699593595059,
8699593595233,
8699593613036,
8699593701054,
8699593760020,
8699593760037,
8699593775017,
8699593775048,
8699593781018,
8699593781025,
8699593781032,
8699593815010,
8699593815027,
8699593815034,
8699593815041,
8699593815102,
8699593950018,
8699593950025,
8699593950049,
8699593950056,
8699593950063,
8699593950070,
8699593950087,
8699593950094,
8699593950100,
8699593950117,
8699593950124,
8699599010358,
8699599010594,
8699599080344,
8699600380227,
8699606076520,
8699606087328,
8699606264729,
8699606276869,
8699606497394,
8699606524861,
8699606526650,
8699606527107,
8699606527114,
8699606527121,
8699606527138,
8699606675815,
8699606675822,
8699606675891,
8699606675907,
8699606675983,
8699606683469,
8699606683476,
8699606683537,
8699606684145,
8699606690177,
8699606690184,
8699606690191,
8699606690207,
8699606690214,
8699606690221,
8699606690238,
8699606690245,
8699606690252,
8699606690269,
8699606690276,
8699606690283,
8699606690313,
8699606690320,
8699606690351,
8699606690368,
8699606690375,
8699606690382,
8699606690399,
8699606690405,
8699606690412,
8699606690429,
8699606690474,
8699606690481,
8699606690498,
8699606690504,
8699606690511,
8699606690528,
8699606690535,
8699606690542,
8699606690559,
8699606690566,
8699606690573,
8699606690580,
8699606690610,
8699606690627,
8699606690634,
8699606690641,
8699606690658,
8699606690665,
8699606690672,
8699606690689,
8699606690696,
8699606690702,
8699606690719,
8699606690726,
8699606690733,
8699606690740,
8699606690757,
8699606690764,
8699606690771,
8699606690788,
8699606690795,
8699606690801,
8699606690818,
8699606690825,
8699606690832,
8699606690849,
8699606690856,
8699606690863,
8699606690870,
8699606690887,
8699606690894,
8699606690900,
8699606690917,
8699606690924,
8699606690931,
8699606690948,
8699606690955,
8699606690962,
8699606690979,
8699606690986,
8699606690993,
8699606691013,
8699606691020,
8699606691037,
8699606691044,
8699606691051,
8699606691068,
8699606691075,
8699606691082,
8699606691174,
8699606691181,
8699606691198,
8699606691204,
8699606691235,
8699606691242,
8699606691259,
8699606691266,
8699606691297,
8699606691310,
8699606691327,
8699606691334,
8699606691341,
8699606691419,
8699606691426,
8699606691457,
8699606691464,
8699606691471,
8699606691488,
8699606691495,
8699606691501,
8699606691518,
8699606691525,
8699606691532,
8699606691549,
8699606691556,
8699606691563,
8699606691570,
8699606691587,
8699606691594,
8699606691617,
8699606691624,
8699606691655,
8699606691662,
8699606691679,
8699606691693,
8699606691709,
8699606691716,
8699606691723,
8699606691747,
8699606691815,
8699606691822,
8699606691839,
8699606691846,
8699606691853,
8699606691860,
8699606691877,
8699606691884,
8699606691891,
8699606691907,
8699606691914,
8699606691921,
8699606691938,
8699606691945,
8699606691952,
8699606691969,
8699606691976,
8699606691983,
8699606692003,
8699606692010,
8699606692027,
8699606692034,
8699606692041,
8699606692058,
8699606692065,
8699606692072,
8699606692089,
8699606692096,
8699606692195,
8699606692201,
8699606692256,
8699606692270,
8699606692317,
8699606692478,
8699606692577,
8699606692584,
8699606692591,
8699606692607,
8699606692614,
8699606692621,
8699606692638,
8699606692645,
8699606692652,
8699606692669,
8699606692676,
8699606692683,
8699606692751,
8699606692768,
8699606692775,
8699606692799,
8699606692805,
8699606692812,
8699606692829,
8699606692843,
8699606692850,
8699606692867,
8699606692874,
8699606692881,
8699606692911,
8699606692928,
8699606692959,
8699606692997,
8699606693048,
8699606693116,
8699606693123,
8699606693130,
8699606693147,
8699606693154,
8699606693161,
8699606693239,
8699606693246,
8699606693253,
8699606693260,
8699606693284,
8699606693291,
8699606693369,
8699606693376,
8699606693383,
8699606693390,
8699606693406,
8699606693413,
8699606693482,
8699606693499,
8699606693505,
8699606693512,
8699606693529,
8699606693543,
8699606693550,
8699606693581,
8699606693598,
8699606693628,
8699606693635,
8699606693826,
8699606693833,
8699606693840,
8699606693857,
8699606693864,
8699606693871,
8699606693901,
8699606693918,
8699606694106,
8699606694540,
8699606694564,
8699606694618,
8699606694632,
8699606694649,
8699606694670,
8699606694892,
8699606694908,
8699606694922,
8699606695059,
8699606695141,
8699606695158,
8699606695172,
8699606695240,
8699606695264,
8699606696438,
8699606696445,
8699606696469,
8699606696476,
8699606696483,
8699606696506,
8699606696933,
8699606697459,
8699606750130,
8699606750154,
8699606756231,
8699606756729,
8699606756736,
8699606756743,
8699606756828,
8699606756835,
8699606756842,
8699606756859,
8699606756873,
8699606756903,
8699606756910,
8699606756927,
8699606757283,
8699606757290,
8699606757306,
8699606757313,
8699606757344,
8699606757351,
8699606757368,
8699606757375,
8699606757443,
8699606764687,
8699606764700,
8699606766070,
8699606766124,
8699606766810,
8699606774655,
8699606774693,
8699606774730,
8699606775362,
8699606775379,
8699606775485,
8699606775553,
8699606775560,
8699606775577,
8699606775584,
8699606775591,
8699606776192,
8699606776642,
8699606776666,
8699606776673,
8699606776949,
8699606777069,
8699606777335,
8699606795278,
8699606795285,
8699606795292,
8699606795308,
8699606795346,
8699606795353,
8699606795384,
8699606795391,
8699606795407,
8699606795414,
8699606795421,
8699606795438,
8699606795445,
8699606795476,
8699606796572,
8699606796695,
8699606796770,
8699606796787,
8699606866688,
8699606886587,
8699606896548,
8699606896555,
8699606906414,
8699607750016,
8699607750023,
8699607750030,
8699607750047,
8699607750054,
8699607750061,
8699607750085,
8699607750337,
8699607750344,
8699607750511,
8699607750528,
8699607750535,
8699607750559,
8699607750573,
8699607751044,
8699607751051,
8699607751082,
8699607751365,
8699607751518,
8699607751532,
8699607751563,
8699612000090,
8699612150061,
8699612570050,
8699612570074,
8699617650153,
8699617650160,
8699622090012,
8699622090210,
8699622090760,
8699622150211,
8699622150259,
8699622160265,
8699622270025,
8699622270049,
8699622350109,
8699622380106,
8699622380212,
8699622700102,
8699624090010,
8699624090041,
8699624090058,
8699624090065,
8699624090072,
8699624090089,
8699624570031,
8699624570048,
8699624570062,
8699624590015,
8699624650023,
8699624650047,
8699624650061,
8699624650078,
8699624750013,
8699624950017,
8699625960541,
8699630090257,
8699630696053,
8699630697180,
8699630697197,
8699630697272,
8699630698415,
8699630767371,
8699630768101,
8699636010181,
8699636010273,
8699636010990,
8699636041284,
8699636090220,
8699636090329,
8699636090602,
8699636090701,
8699636090794,
8699636090800,
8699636090916,
8699636090923,
8699636090930,
8699636090947,
8699636091166,
8699636091173,
8699636092002,
8699636092019,
8699636150306,
8699636150504,
8699636150511,
8699636150528,
8699636260104,
8699636260203,
8699636260227,
8699636261392,
8699636280799,
8699636651025,
8699636651032,
8699636750278,
8699636770030,
8699636771020,
8699636790205,
8699636790380,
8699636790403,
8699636791158,
8699636791332,
8699638010059,
8699638012053,
8699638013876,
8699638013883,
8699638013890,
8699638013906,
8699638014026,
8699638014033,
8699638014194,
8699638014224,
8699638014293,
8699638014316,
8699638014354,
8699638014408,
8699638015207,
8699638015313,
8699638035595,
8699638035601,
8699638035618,
8699638035625,
8699638054213,
8699638065530,
8699638065561,
8699638074495,
8699638074501,
8699638074518,
8699638075300,
8699638093854,
8699638093861,
8699638094073,
8699638094080,
8699638094288,
8699638094431,
8699638094448,
8699638094455,
8699638094554,
8699638094561,
8699638094578,
8699638094585,
8699638095513,
8699638095636,
8699638095643,
8699638095728,
8699638095735,
8699638095742,
8699638095780,
8699638125494,
8699638154043,
8699638154050,
8699638154067,
8699638154159,
8699638154173,
8699638154258,
8699638154913,
8699638154920,
8699638154937,
8699638155279,
8699638284375,
8699638284382,
8699638284467,
8699638523849,
8699638523979,
8699638523986,
8699638754526,
8699638754533,
8699638754540,
8699638754946,
8699638764143,
8699638770250,
8699638950478,
8699638953714,
8699638953738,
8699638953967,
8699638955374,
8699642511184,
8699642651163,
8699643750025,
8699643750094,
8699643770016,
8699643770054,
8699643770061,
8699643770078,
8699643770085,
8699643770115,
8699643770139,
8699643770177,
8699643790014,
8699649570047,
8699649570160,
8699650012031,
8699650012260,
8699650032534,
8699650032541,
8699650090015,
8699650090022,
8699650151211,
8699650151280,
8699650151297,
8699650151303,
8699650151310,
8699650271223,
8699650272046,
8699650772089,
8699650772096,
8699650772102,
8699650772140,
8699650772164,
8699650772270,
8699650772294,
8699650772300,
8699650772348,
8699650772355,
8699650772430,
8699650772447,
8699650772461,
8699650772478,
8699650772508,
8699650772515,
8699650772522,
8699650772546,
8699650772553,
8699650772560,
8699650772577,
8699650772614,
8699650772621,
8699650772638,
8699650772645,
8699650772669,
8699650772683,
8699650772690,
8699650772706,
8699650772713,
8699650772720,
8699650772737,
8699650772744,
8699650772751,
8699650791257,
8699650791318,
8699650792070,
8699650981436,
8699650982013,
8699650982020,
8699650982266,
8699651010210,
8699651521150,
8699651521297,
8699651521303,
8699651570097,
8699651691211,
8699651751236,
8699651791058,
8699651791140,
8699651791324,
8699651791331,
8699651791362,
8699651791379,
8699651791386,
8699651791393,
8699651791409,
8699651791416,
8699671020015,
8699673057149,
8699673057156,
8699673057163,
8699673057170,
8699673098012,
8699673098043,
8699673098432,
8699673098494,
8699673150116,
8699673150192,
8699673150215,
8699673150239,
8699673150253,
8699673150277,
8699673150284,
8699673261133,
8699673656021,
8699673774152,
8699673774206,
8699673774213,
8699673795102,
8699673795119,
8699673795126,
8699673954158,
8699673954165,
8699673954172,
8699673954196,
8699673954202,
8699673954226,
8699673954271,
8699673954288,
8699673954295,
8699673954301,
8699673954424,
8699673954530,
8699673954677,
8699676010516,
8699676010530,
8699676010554,
8699676090266,
8699676090280,
8699676090297,
8699676090617,
8699676770489,
8699676770496,
8699676770656,
8699676790326,
8699676790654,
8699676790661,
8699676790678,
8699676790685,
8699676790692,
8699676790883,
8699676790890,
8699676791187,
8699676791194,
8699676791200,
8699676791217,
8699676791224,
8699676950225,
8699676950232,
8699676950249,
8699676950348,
8699676950416,
8699676950447,
8699676950676,
8699676950690,
8699676950706,
8699676950782,
8699676950799,
8699676950829,
8699676951024,
8699676951048,
8699679694508,
8699679750105,
8699679774002,
8699679774101,
8699679774200,
8699679774309,
8699679775009,
8699679775016,
8699679775023,
8699679777096,
8699679777102,
8699679777157,
8699679777164,
8699680010014,
8699680010021,
8699680010038,
8699680010212,
8699680030050,
8699680030067,
8699680030074,
8699680030081,
8699680030098,
8699680030104,
8699680030173,
8699680030197,
8699680030203,
8699680030265,
8699680030272,
8699680030289,
8699680030302,
8699680040011,
8699680040028,
8699680040035,
8699680040042,
8699680070063,
8699680070070,
8699680070087,
8699680080017,
8699680080024,
8699680080093,
8699680080109,
8699680090030,
8699680090047,
8699680090054,
8699680090061,
8699680090078,
8699680090092,
8699680090108,
8699680090115,
8699680090122,
8699680090139,
8699680090177,
8699680090184,
8699680090252,
8699680090276,
8699680090283,
8699680090290,
8699680090306,
8699680090313,
8699680090320,
8699680090337,
8699680090344,
8699680090450,
8699680090467,
8699680090474,
8699680090511,
8699680090528,
8699680090542,
8699680090559,
8699680090573,
8699680090580,
8699680090597,
8699680090627,
8699680090634,
8699680090764,
8699680090771,
8699680090788,
8699680090825,
8699680090832,
8699680090849,
8699680090917,
8699680090924,
8699680090931,
8699680090948,
8699680090955,
8699680090962,
8699680090979,
8699680090986,
8699680090993,
8699680091006,
8699680091013,
8699680091044,
8699680091051,
8699680091105,
8699680091112,
8699680091280,
8699680091327,
8699680091334,
8699680091341,
8699680091426,
8699680091433,
8699680091440,
8699680091648,
8699680091655,
8699680091907,
8699680091914,
8699680150017,
8699680150024,
8699680150031,
8699680150048,
8699680150086,
8699680150284,
8699680160023,
8699680160030,
8699680160047,
8699680160054,
8699680170053,
8699680170060,
8699680170077,
8699680170084,
8699680170091,
8699680350103,
8699680690018,
8699680750019,
8699684671723,
8699684671730,
8699684671822,
8699684671839,
8699684671921,
8699684671938,
8699684672034,
8699684672072,
8699684672218,
8699684672232,
8699684673031,
8699684674038,
8699684674076,
8699684674212,
8699684675004,
8699684675028,
8699684675103,
8699684675127,
8699684675134,
8699684675219,
8699684675233,
8699684677213,
8699684677237,
8699684980023,
8699686690012,
8699686690029,
8699686980052,
8699686980090,
8699686980113,
8699686980120,
8699686980151,
8699688770002,
8699688770019,
8699688770026,
8699688770514,
8699688770521,
8699688771443,
8699688771450,
8699688771542,
8699688771559,
8699688771603,
8699690350094,
8699690350407,
8699690480388,
8699690560363,
8699690570072,
8699690570164,
8699690570942,
8699693010056,
8699693010087,
8699693010131,
8699693010148,
8699693010155,
8699693030047,
8699693030078,
8699693030108,
8699693030139,
8699693030160,
8699693090041,
8699693090058,
8699693090065,
8699693090072,
8699693090119,
8699693090126,
8699693090164,
8699693090188,
8699693090195,
8699693150042,
8699693150059,
8699693150097,
8699693150103,
8699693150127,
8699693190079,
8699693190093,
8699693270016,
8699693520111,
8699693550019,
8699693790026,
8699693790040,
8699695000017,
8699702099010,
8699702156034,
8699702156041,
8699702196023,
8699702441109,
8699702611090,
8699702611533,
8699702611540,
8699702611557,
8699702613094,
8699702613100,
8699702717150,
8699702753035,
8699702753042,
8699702753066,
8699702755039,
8699702755046,
8699702772005,
8699702772036,
8699702773019,
8699702773026,
8699702774016,
8699702774023,
8699702774030,
8699702774047,
8699702774054,
8699702774078,
8699702774092,
8699702774108,
8699702774115,
8699702774122,
8699702775044,
8699702775068,
8699702775075,
8699702775082,
8699702775099,
8699702775105,
8699702775112,
8699702775129,
8699702795004,
8699705000167,
8699705590033,
8699708010446,
8699708010453,
8699708011184,
8699708011467,
8699708011559,
8699708011641,
8699708011658,
8699708011672,
8699708090097,
8699708091483,
8699708091490,
8699708121517,
8699708151309,
8699708151347,
8699708151385,
8699708151422,
8699708190247,
8699708200519,
8699708240249,
8699708380075,
8699708590054,
8699708690525,
8699708751530,
8699708751745,
8699708751752,
8699708751769,
8699708751776,
8699708751790,
8699708751806,
8699708751813,
8699708760457,
8699711953143,
8699711953167,
8699711953181,
8699711953204,
8699711953235,
8699711953242,
8699711953341,
8699711953365,
8699711953501,
8699711953549,
8699715030017,
8699715090011,
8699715090035,
8699715150043,
8699715771835,
8699715771842,
8699715771859,
8699715771903,
8699715771910,
8699715771927,
8699715772023,
8699715772030,
8699715772092,
8699715952005,
8699715952074,
8699715952081,
8699715952098,
8699715952111,
8699715952128,
8699715952135,
8699715952142,
8699717010024,
8699717010031,
8699717010048,
8699717010055,
8699717010062,
8699717010093,
8699717010109,
8699717010116,
8699717090026,
8699717090040,
8699717090064,
8699717090071,
8699717090125,
8699717090132,
8699717090149,
8699717090170,
8699717090187,
8699717090255,
8699717090262,
8699717090279,
8699717090293,
8699717090309,
8699717090316,
8699717090330,
8699717090378,
8699717090705,
8699717150027,
8699717150034,
8699717150089,
8699717150157,
8699717250079,
8699717280069,
8699717280076,
8699717280090,
8699717280120,
8699717280137,
8699717280144,
8699717280151,
8699717280168,
8699717280175,
8699717280199,
8699717280212,
8699717570016,
8699717570030,
8699717570061,
8699717690011,
8699717700055,
8699717700062,
8699717700079,
8699717950030,
8699717950047,
8699717950054,
8699717950085,
8699717950092,
8699724090392,
8699724090408,
8699724090415,
8699724090422,
8699726093100,
8699726093308,
8699726094206,
8699726094404,
8699726094602,
8699726266405,
8699726764109,
8699726764505,
8699726765007,
8699726765502,
8699726950601,
8699730010100,
8699730540126,
8699730570116,
8699730570123,
8699730920102,
8699730920119,
8699730920126,
8699733980011,
8699733980059,
8699733980073,
8699733980769,
8699736690016,
8699736750093,
8699736750291,
8699736750468,
8699736770473,
8699736770480,
8699738010010,
8699738010041,
8699738020019,
8699738020026,
8699738030018,
8699738030025,
8699738030032,
8699738030056,
8699738030070,
8699738030094,
8699738030100,
8699738050016,
8699738050023,
8699738070014,
8699738070021,
8699738070038,
8699738090043,
8699738090050,
8699738090067,
8699738090074,
8699738090111,
8699738090128,
8699738090135,
8699738090142,
8699738090159,
8699738090166,
8699738090173,
8699738090180,
8699738090197,
8699738090203,
8699738090210,
8699738090227,
8699738090234,
8699738090241,
8699738090258,
8699738090272,
8699738090289,
8699738090296,
8699738090302,
8699738090319,
8699738090326,
8699738090333,
8699738090340,
8699738090357,
8699738090364,
8699738090418,
8699738090425,
8699738090432,
8699738090449,
8699738090456,
8699738090487,
8699738090494,
8699738090500,
8699738090531,
8699738090548,
8699738150013,
8699738150020,
8699738150051,
8699738150068,
8699738170011,
8699738170028,
8699738170035,
8699738240011,
8699738270025,
8699738270032,
8699738270049,
8699738340568,
8699738350581,
8699738350659,
8699738350666,
8699738350680,
8699738350697,
8699738380014,
8699738380021,
8699738380618,
8699738380687,
8699738380700,
8699738380731,
8699738380908,
8699738480011,
8699738480028,
8699738510015,
8699738520014,
8699738650018,
8699738650025,
8699738751098,
8699738751111,
8699738751135,
8699738751142,
8699738751159,
8699738751166,
8699738751173,
8699738770778,
8699738770785,
8699738770822,
8699738770839,
8699745001360,
8699745001384,
8699745001391,
8699745001414,
8699745001421,
8699745001438,
8699745001445,
8699745001803,
8699745001810,
8699745001827,
8699745001834,
8699745001896,
8699745001902,
8699745001964,
8699745002091,
8699745002107,
8699745002114,
8699745004477,
8699745009809,
8699745009816,
8699745009823,
8699745009830,
8699745010577,
8699745010584,
8699745010904,
8699745010911,
8699745010928,
8699745010935,
8699745011871,
8699745011895,
8699745011918,
8699745017408,
8699745019877,
8699745021467,
8699745021474,
8699745021481,
8699749000031,
8699749140010,
8699749140027,
8699749190039,
8699749190046,
8699749770019,
8699749770026,
8699756150309,
8699756154406,
8699756154413,
8699759090022,
8699759090046,
8699759610015,
8699760610196,
8699760610233,
8699760610301,
8699760611360,
8699760611384,
8699760751394,
8699767750048,
8699769090012,
8699769090159,
8699769090166,
8699769090173,
8699769090265,
8699769120016,
8699769150013,
8699769150044,
8699769150051,
8699769150068,
8699769270032,
8699769690144,
8699769760106,
8699769770068,
8699769770075,
8699769790035,
8699769790134,
8699769790141,
8699769950064,
8699769950071,
8699769950101,
8699769950163,
8699769950187,
8699769950194,
8699769950200,
8699769950224,
8699769950262,
8699769950279,
8699769950293,
8699769950309,
8699769980023,
8699769980030,
8699769980054,
8699769980078,
8699769980139,
8699769980146,
8699769980153,
8699769980160,
8699769980184,
8699769980207,
8699769980214,
8699769980221,
8699769980245,
8699769980252,
8699769980269,
8699769980276,
8699769980306,
8699769980351,
8699771000887,
8699771030020,
8699772020013,
8699772020020,
8699772020044,
8699772030135,
8699772040073,
8699772090467,
8699772091075,
8699772091464,
8699772091488,
8699772091495,
8699772120263,
8699772157054,
8699772340012,
8699772340456,
8699772350066,
8699772350073,
8699772350493,
8699772352565,
8699772380018,
8699772480015,
8699772519128,
8699772525747,
8699772570013,
8699772570020,
8699772570426,
8699772573731,
8699772573748,
8699772646824,
8699772650036,
8699772750033,
8699772750439,
8699774590408,
8699774750178,
8699777342035,
8699777790119,
8699777790157,
8699777790225,
8699777950186,
8699777950209,
8699777950278,
8699777950285,
8699777950292,
8699777950308,
8699777950360,
8699779900219,
8699783010249,
8699783010263,
8699783010270,
8699783030025,
8699783090449,
8699783090456,
8699783090463,
8699783150051,
8699783160012,
8699783160029,
8699783240011,
8699783260019,
8699783340025,
8699783750107,
8699783750138,
8699783750145,
8699783750152,
8699783750169,
8699783750190,
8699783750206,
8699783760014,
8699783770280,
8699783770297,
8699783770303,
8699783770310,
8699783770389,
8699783790110,
8699783790134,
8699783950033,
8699783950101,
8699783950118,
8699783950125,
8699783950149,
8699783980023,
8699786010024,
8699786010031,
8699786010055,
8699786010086,
8699786010109,
8699786010406,
8699786030107,
8699786030114,
8699786030206,
8699786030367,
8699786030374,
8699786031340,
8699786040014,
8699786040021,
8699786040038,
8699786040045,
8699786090040,
8699786090071,
8699786090118,
8699786090125,
8699786090132,
8699786090163,
8699786090187,
8699786090217,
8699786090224,
8699786090248,
8699786090286,
8699786090569,
8699786092648,
8699786092655,
8699786092662,
8699786092679,
8699786092730,
8699786092761,
8699786092778,
8699786092792,
8699786092860,
8699786092877,
8699786092907,
8699786092921,
8699786520011,
8699786520028,
8699786550025,
8699786550032,
8699786550049,
8699786550087,
8699786550094,
8699786550117,
8699786550124,
8699786570214,
8699786751408,
8699786770911,
8699786880016,
8699786880023,
8699786950030,
8699786950047,
8699786951006,
8699786952003,
8699788680010,
8699788680027,
8699788680034,
8699788680218,
8699788680225,
8699788680232,
8699788681017,
8699788685015,
8699788690019,
8699788690026,
8699788690040,
8699788690057,
8699788690071,
8699788690088,
8699788690095,
8699788690101,
8699788690118,
8699788690125,
8699788690149,
8699788690156,
8699788690163,
8699788690170,
8699788690187,
8699788690194,
8699788690200,
8699788690262,
8699788690316,
8699788690323,
8699788690330,
8699788690347,
8699788690354,
8699788690385,
8699788690507,
8699788690514,
8699788690606,
8699788690613,
8699788690712,
8699788690736,
8699788690743,
8699788690750,
8699788690767,
8699788690781,
8699788690798,
8699788690804,
8699788691016,
8699788691030,
8699788691047,
8699788691054,
8699788691061,
8699788691078,
8699788691085,
8699788691092,
8699788691108,
8699788691412,
8699788691511,
8699788691528,
8699788691535,
8699788691542,
8699788691559,
8699788691719,
8699788691726,
8699788691733,
8699788691740,
8699788691757,
8699788692013,
8699788692020,
8699788692037,
8699788692044,
8699788692051,
8699788692068,
8699788692075,
8699788692518,
8699788692525,
8699788692532,
8699788692549,
8699788692556,
8699788692563,
8699788692570,
8699788693010,
8699788693027,
8699788693041,
8699788693058,
8699788693072,
8699788694017,
8699788694024,
8699788694031,
8699788694048,
8699788694055,
8699788694062,
8699788694079,
8699788694086,
8699788694093,
8699788694109,
8699788694130,
8699788694154,
8699788694185,
8699788694192,
8699788694239,
8699788695014,
8699788695021,
8699788695045,
8699788695052,
8699788695076,
8699788695083,
8699788695090,
8699788695106,
8699788695113,
8699788695120,
8699788695144,
8699788695151,
8699788695168,
8699788695175,
8699788695182,
8699788695199,
8699788695205,
8699788695236,
8699788695267,
8699788695311,
8699788695328,
8699788695335,
8699788695342,
8699788695359,
8699788696011,
8699788696028,
8699788696035,
8699788696042,
8699788696059,
8699788696066,
8699788696073,
8699788696080,
8699788696103,
8699788697025,
8699788697506,
8699788697513,
8699788697520,
8699788697537,
8699788697544,
8699788697551,
8699788697568,
8699788697575,
8699788697599,
8699788698015,
8699788698022,
8699788698039,
8699788698046,
8699788698053,
8699788698060,
8699788698077,
8699788698084,
8699788698114,
8699788698138,
8699788698176,
8699788698183,
8699788698190,
8699788698237,
8699788698268,
8699788699012,
8699788699029,
8699788699043,
8699788699050,
8699788699074,
8699788750027,
8699788750041,
8699788750065,
8699788750089,
8699788750140,
8699788750171,
8699788750195,
8699788750218,
8699788750232,
8699788750256,
8699788750270,
8699788750294,
8699788750324,
8699788750348,
8699788750355,
8699788750379,
8699788750393,
8699788750461,
8699788750584,
8699788750614,
8699788750652,
8699788750669,
8699788750676,
8699788750683,
8699788750690,
8699788750720,
8699788750805,
8699788750829,
8699788750973,
8699788750980,
8699788751376,
8699788751390,
8699788751420,
8699788751468,
8699788751475,
8699788751512,
8699788751536,
8699788751543,
8699788751598,
8699788751604,
8699788751635,
8699788751642,
8699788751659,
8699789380018,
8699792011145,
8699792011152,
8699792011190,
8699792011213,
8699792011220,
8699792011336,
8699792011374,
8699792011381,
8699792011398,
8699792011480,
8699792022424,
8699792022431,
8699792022448,
8699792022455,
8699792043924,
8699792090072,
8699792091499,
8699792152114,
8699792152121,
8699792152725,
8699792171610,
8699792341235,
8699792342911,
8699792351135,
8699792353818,
8699792353832,
8699792573018,
8699792594112,
8699792754011,
8699793000520,
8699793000636,
8699794920018,
8699795090505,
8699795090574,
8699795090581,
8699795090598,
8699795090604,
8699795090635,
8699795090734,
8699795090765,
8699795090772,
8699795090789,
8699795090796,
8699795091076,
8699795091083,
8699795091090,
8699795091106,
8699795091113,
8699795091120,
8699795091137,
8699795091144,
8699795091151,
8699795091168,
8699795091175,
8699795091182,
8699795091250,
8699795091267,
8699795091281,
8699795091304,
8699795091373,
8699795590012,
8699795750201,
8699795750225,
8699795750232,
8699797570050,
8699797940013,
8699808010032,
8699808010049,
8699808010056,
8699808010070,
8699808010087,
8699808010094,
8699808010117,
8699808010155,
8699808040015,
8699808090218,
8699808090409,
8699808090416,
8699808090423,
8699808770110,
8699808770127,
8699808794062,
8699808794086,
8699809010178,
8699809010192,
8699809010208,
8699809010215,
8699809010222,
8699809010239,
8699809010505,
8699809011625,
8699809011632,
8699809011649,
8699809011656,
8699809014008,
8699809015012,
8699809017009,
8699809018020,
8699809018037,
8699809018051,
8699809018068,
8699809018105,
8699809018297,
8699809018303,
8699809018341,
8699809018556,
8699809018563,
8699809018631,
8699809018785,
8699809037014,
8699809037724,
8699809037748,
8699809037786,
8699809090187,
8699809090361,
8699809090460,
8699809090477,
8699809091108,
8699809096608,
8699809096615,
8699809097506,
8699809097605,
8699809097667,
8699809097674,
8699809097698,
8699809097711,
8699809097728,
8699809097735,
8699809097742,
8699809097759,
8699809097865,
8699809098008,
8699809098190,
8699809098541,
8699809098565,
8699809098572,
8699809098626,
8699809098633,
8699809098657,
8699809098664,
8699809098671,
8699809098688,
8699809127630,
8699809156678,
8699809156708,
8699809156722,
8699809156814,
8699809156821,
8699809190023,
8699809260016,
8699809260023,
8699809260047,
8699809260054,
8699809340015,
8699809351615,
8699809355002,
8699809370012,
8699809381612,
8699809540354,
8699809560017,
8699809571105,
8699809575073,
8699809575097,
8699809575189,
8699809595002,
8699809595026,
8699809626683,
8699809651609,
8699809655034,
8699809655058,
8699809690233,
8699809706644,
8699809754003,
8699809755000,
8699809756656,
8699809756663,
8699809758100,
8699809758209,
8699809759107,
8699809759114,
8699809759121,
8699809759152,
8699809759190,
8699809760707,
8699809779150,
8699809779167,
8699809779174,
8699809779228,
8699809790155,
8699809790209,
8699809799172,
8699809799202,
8699809950306,
8699809950320,
8699809950337,
8699809950344,
8699809950634,
8699809950665,
8699809950696,
8699809950863,
8699809980020,
8699809980037,
8699814260018,
8699814270017,
8699814270048,
8699814270055,
8699814270093,
8699814270109,
8699814270116,
8699814270123,
8699814270130,
8699814270147,
8699814270161,
8699814270178,
8699814270185,
8699814270192,
8699814270215,
8699814270222,
8699814270246,
8699814270253,
8699814270260,
8699814270277,
8699814270321,
8699814270338,
8699814270406,
8699814270413,
8699814270420,
8699814270437,
8699814270499,
8699814270512,
8699814270529,
8699814270536,
8699814270550,
8699814270574,
8699814270598,
8699814690068,
8699814690075,
8699814690082,
8699814690099,
8699814690105,
8699814690112,
8699814690136,
8699814690143,
8699814750021,
8699814750045,
8699814750052,
8699814750083,
8699814750144,
8699814750151,
8699814750199,
8699814750205,
8699814750212,
8699814750229,
8699814750250,
8699814750274,
8699814750311,
8699814750328,
8699814750335,
8699814750359,
8699814750366,
8699814750380,
8699814750403,
8699814750427,
8699814750434,
8699814750441,
8699814750458,
8699814750465,
8699814760013,
8699814770050,
8699814790010,
8699814790027,
8699814790058,
8699814790065,
8699814790072,
8699814790089,
8699814790102,
8699814790119,
8699814790126,
8699814790133,
8699814790140,
8699817030038,
8699819010076,
8699819011400,
8699819011417,
8699819030692,
8699819081540,
8699819090498,
8699819091426,
8699819091471,
8699819150376,
8699819151441,
8699819241265,
8699819241722,
8699819340678,
8699819370644,
8699820010058,
8699820010065,
8699820010126,
8699820010324,
8699820010331,
8699820030360,
8699820090029,
8699820090173,
8699820090180,
8699820090395,
8699820120030,
8699820150266,
8699820150358,
8699820160371,
8699820160388,
8699820570217,
8699821190094,
8699821190100,
8699821610011,
8699821610042,
8699822010100,
8699822090287,
8699822520173,
8699822520241,
8699822540096,
8699822570291,
8699822760302,
8699822770028,
8699822770035,
8699822780447,
8699823690226,
8699825010077,
8699825570014,
8699828010050,
8699828010128,
8699828010234,
8699828010241,
8699828010357,
8699828010401,
8699828010418,
8699828010579,
8699828010753,
8699828010852,
8699828010869,
8699828011019,
8699828011040,
8699828011057,
8699828011064,
8699828011071,
8699828090052,
8699828090083,
8699828090090,
8699828090250,
8699828090304,
8699828090625,
8699828090670,
8699828090755,
8699828090816,
8699828090823,
8699828090908,
8699828090915,
8699828090984,
8699828091189,
8699828091196,
8699828091226,
8699828091233,
8699828091240,
8699828091257,
8699828091264,
8699828091271,
8699828091295,
8699828091301,
8699828091318,
8699828091325,
8699828091363,
8699828091400,
8699828091417,
8699828091455,
8699828091479,
8699828091493,
8699828120025,
8699828120032,
8699828140023,
8699828140030,
8699828150015,
8699828150053,
8699828150084,
8699828150091,
8699828150107,
8699828150152,
8699828150169,
8699828150176,
8699828150350,
8699828150398,
8699828150411,
8699828150435,
8699828150459,
8699828150473,
8699828150480,
8699828150497,
8699828150503,
8699828150527,
8699828150534,
8699828150589,
8699828150596,
8699828190011,
8699828190059,
8699828190189,
8699828190363,
8699828190370,
8699828190394,
8699828190424,
8699828190509,
8699828200017,
8699828240013,
8699828240037,
8699828250050,
8699828260011,
8699828260028,
8699828260035,
8699828270171,
8699828270188,
8699828270300,
8699828280057,
8699828280064,
8699828280071,
8699828340065,
8699828350026,
8699828350057,
8699828350088,
8699828350149,
8699828380023,
8699828380030,
8699828380047,
8699828380085,
8699828570066,
8699828570097,
8699828570103,
8699828570110,
8699828570202,
8699828570219,
8699828570226,
8699828570295,
8699828570318,
8699828570332,
8699828570356,
8699828590026,
8699828590033,
8699828590040,
8699828590057,
8699828610021,
8699828610045,
8699828690016,
8699828690023,
8699828690030,
8699828690047,
8699828690061,
8699828690078,
8699828690085,
8699828690122,
8699828690139,
8699828690146,
8699828690184,
8699828690191,
8699828690207,
8699828690252,
8699828690269,
8699828690276,
8699828690283,
8699828690290,
8699828690306,
8699828690313,
8699828690320,
8699828690337,
8699828690344,
8699828690351,
8699828690368,
8699828690375,
8699828690382,
8699828690399,
8699828690405,
8699828690412,
8699828690429,
8699828690436,
8699828690443,
8699828690450,
8699828690467,
8699828690474,
8699828690481,
8699828690498,
8699828690504,
8699828690511,
8699828690528,
8699828690535,
8699828690542,
8699828690559,
8699828690566,
8699828690573,
8699828690580,
8699828690597,
8699828690603,
8699828690610,
8699828690627,
8699828690634,
8699828690641,
8699828690658,
8699828690665,
8699828690672,
8699828690689,
8699828690696,
8699828690702,
8699828690719,
8699828690726,
8699828690733,
8699828690740,
8699828690757,
8699828690764,
8699828690771,
8699828690788,
8699828690795,
8699828690801,
8699828690818,
8699828690825,
8699828690832,
8699828690849,
8699828690856,
8699828690863,
8699828690870,
8699828690887,
8699828690894,
8699828690900,
8699828690917,
8699828690924,
8699828690931,
8699828690948,
8699828690955,
8699828690962,
8699828690979,
8699828690986,
8699828690993,
8699828691006,
8699828691013,
8699828691020,
8699828691037,
8699828691044,
8699828691051,
8699828691068,
8699828691075,
8699828691082,
8699828691099,
8699828691105,
8699828691112,
8699828691129,
8699828691150,
8699828691167,
8699828691174,
8699828691181,
8699828691198,
8699828691877,
8699828692232,
8699828692249,
8699828692256,
8699828700081,
8699828750055,
8699828750093,
8699828750123,
8699828750154,
8699828750277,
8699828750314,
8699828750338,
8699828750345,
8699828750406,
8699828750451,
8699828750468,
8699828750475,
8699828750482,
8699828750574,
8699828750604,
8699828750611,
8699828750635,
8699828750642,
8699828750659,
8699828750666,
8699828750680,
8699828750697,
8699828750710,
8699828750727,
8699828750741,
8699828750765,
8699828760030,
8699828760047,
8699828760054,
8699828760061,
8699828760078,
8699828760085,
8699828760092,
8699828760108,
8699828760115,
8699828760122,
8699828760139,
8699828760153,
8699828760184,
8699828760221,
8699828760238,
8699828770015,
8699828770022,
8699828770077,
8699828770084,
8699828770145,
8699828770152,
8699828770176,
8699828770190,
8699828770213,
8699828770220,
8699828770244,
8699828770251,
8699828770268,
8699828770275,
8699828770282,
8699828770299,
8699828770305,
8699828770312,
8699828770329,
8699828770343,
8699828770381,
8699828770411,
8699828770428,
8699828770435,
8699828770466,
8699828770473,
8699828770480,
8699828770497,
8699828770503,
8699828770534,
8699828770541,
8699828770558,
8699828770565,
8699828770572,
8699828770596,
8699828770602,
8699828790013,
8699828790037,
8699828790044,
8699828790051,
8699828790068,
8699828790075,
8699828790082,
8699828790099,
8699828790129,
8699828790204,
8699828790211,
8699828790228,
8699828790280,
8699828790303,
8699828790310,
8699828790327,
8699828790334,
8699828790358,
8699828790365,
8699828790372,
8699828790389,
8699828790396,
8699828790402,
8699828790419,
8699828790440,
8699828790457,
8699828790464,
8699828790471,
8699828950011,
8699828950028,
8699828950073,
8699828950097,
8699828950103,
8699828950110,
8699828950127,
8699828950158,
8699828950189,
8699828950196,
8699828950202,
8699828950219,
8699828950226,
8699828950233,
8699828950240,
8699828950257,
8699831010016,
8699831010030,
8699831090131,
8699831090148,
8699831090247,
8699831090261,
8699832010015,
8699832010046,
8699832010206,
8699832010220,
8699832090024,
8699832090048,
8699832090055,
8699832090062,
8699832090079,
8699832090093,
8699832090116,
8699832090161,
8699832090178,
8699832090185,
8699832090451,
8699832090468,
8699832090475,
8699832090611,
8699832090628,
8699832090635,
8699832090642,
8699832090659,
8699832090789,
8699832090802,
8699832090819,
8699832090833,
8699832090840,
8699832340013,
8699832750010,
8699839611437,
8699839611451,
8699839611468,
8699839611475,
8699839611482,
8699844090265,
8699844090319,
8699844090333,
8699844090548,
8699844091248,
8699844091347,
8699844091354,
8699844091361,
8699844192785,
8699844203184,
8699844242145,
8699844261283,
8699844262297,
8699844271268,
8699844271275,
8699844272258,
8699844272265,
8699844272821,
8699844272838,
8699844340728,
8699844340995,
8699844341183,
8699844350437,
8699844351212,
8699844380410,
8699844510046,
8699844510510,
8699844510626,
8699844520670,
8699844521042,
8699844521073,
8699844521080,
8699844521158,
8699844521165,
8699844523350,
8699844570309,
8699844570521,
8699844570750,
8699844571061,
8699844611323,
8699844611484,
8699844611675,
8699844611811,
8699844611880,
8699844612122,
8699844612139,
8699844612849,
8699844613006,
8699844613310,
8699844640538,
8699844651725,
8699844651732,
8699844690441,
8699844690458,
8699844690731,
8699844690748,
8699844690816,
8699844690847,
8699844690885,
8699844691257,
8699844700874,
8699844701338,
8699844712372,
8699844750053,
8699844750084,
8699844750091,
8699844750107,
8699844750114,
8699844750121,
8699844750138,
8699844750176,
8699844750183,
8699844750398,
8699844750404,
8699844750473,
8699844750480,
8699844750558,
8699844750565,
8699844750602,
8699844750619,
8699844750633,
8699844750664,
8699844750701,
8699844750770,
8699844750831,
8699844750855,
8699844750862,
8699844750893,
8699844750909,
8699844750916,
8699844750923,
8699844750930,
8699844750947,
8699844750954,
8699844750961,
8699844751012,
8699844751029,
8699844751173,
8699844751227,
8699844751425,
8699844751432,
8699844751456,
8699844751548,
8699844751562,
8699844751647,
8699844751661,
8699844751777,
8699844751784,
8699844751791,
8699844751838,
8699844751869,
8699844751876,
8699844751968,
8699844752033,
8699844752040,
8699844752095,
8699844752453,
8699844752460,
8699844752484,
8699844752491,
8699844752507,
8699844752545,
8699844752767,
8699844753177,
8699844760809,
8699844761097,
8699844761295,
8699844761899,
8699844762865,
8699844770013,
8699844770143,
8699844770273,
8699844770716,
8699844770785,
8699844771003,
8699844771232,
8699844771492,
8699844771508,
8699844771515,
8699844771522,
8699844771539,
8699844771843,
8699844771904,
8699844771928,
8699844771935,
8699844771942,
8699844771997,
8699844772116,
8699844772406,
8699844772413,
8699844772420,
8699844772437,
8699844772475,
8699844772536,
8699844772567,
8699844772598,
8699844772604,
8699844772611,
8699844772635,
8699844772642,
8699844772659,
8699844772710,
8699844772734,
8699844772895,
8699844773083,
8699844773090,
8699844773106,
8699844773120,
8699844773366,
8699844773373,
8699844791032,
8699844791315,
8699844791384,
8699844791391,
8699844791407,
8699844791414,
8699844791445,
8699844791469,
8699844791476,
8699844791575,
8699844791582,
8699844791599,
8699844791612,
8699844791636,
8699844791704,
8699844791742,
8699844791759,
8699844791803,
8699844791919,
8699844792077,
8699844792220,
8699844792510,
8699844792770,
8699844792909,
8699844792978,
8699844951115,
8699844951122,
8699844951139,
8699844951627,
8699844952013,
8699844952020,
8699856710038,
8699856710045,
8699862270014,
8699862270021,
8699862760010,
8699862760027,
8699862760034,
8699862760041,
8699862770019,
8699862770040,
8699862770071,
8699862770101,
8699862770125,
8699862950015,
8699862950022,
8699862950039,
8699862950046,
8699862950053,
8699862950060,
8699862950077,
8699862950084,
8699862950091,
8699862950107,
8699862950121,
8699862950138,
8699862950145,
8699862950190,
8699862950244,
8699862950251,
8699874080021,
8699874080038,
8699874080076,
8699874080090,
8699874080106,
8699874080120,
8699874080137,
8699874080250,
8699874080359,
8699874080380,
8699874080397,
8699874080427,
8699874080441,
8699874080465,
8699874080472,
8699874080496,
8699874080519,
8699874080526,
8699943790011,
8699943790028,
8699943790073,
8699943790103,
8699960580121,
8699960580169,
8699960580206,
8699960580244,
8699976020857,
8699976020864,
8699976081216,
8699976090140,
8699976090157,
8699976090638,
8699976090652,
8699976090676,
8699976090690,
8699976091185,
8699976091192,
