atc_code,description_en,description_tr,description_tr_source
A,ALIMENTARY TRACT AND METABOLISM,,
B,BLOOD AND BLOOD FORMING ORGANS,,
C,CARDIOVASCULAR SYSTEM,,
D,DERMATOLOGICALS,,
G,GENITO URINARY SYSTEM AND SEX HORMONES,,
H,"SYSTEMIC HORMONAL PREPARATIONS, EXCL. SEX HORMONES AND INSULINS",,
J,ANTIINFECTIVES FOR SYSTEMIC USE,,
L,ANTINEOPLASTIC AND IMMUNOMODULATING AGENTS,,
M,MUSCULO-SKELETAL SYSTEM,,
N,NERVOUS SYSTEM,,
P,"ANTIPARASITIC PRODUCTS, INSECTICIDES AND REPELLENTS",,
R,RESPIRATORY SYSTEM,,
S,SENSORY ORGANS,,
V,VARIOUS,,
A01,STOMATOLOGICAL PREPARATIONS,,
A02,DRUGS FOR ACID RELATED DISORDERS,,
A03,DRUGS FOR FUNCTIONAL GASTROINTESTINAL DISORDERS,,
A04,ANTIEMETICS AND ANTINAUSEANTS,,
A05,BILE AND LIVER THERAPY,,
A06,DRUGS FOR CONSTIPATION,,
A07,"ANTIDIARRHEALS, INTESTINAL ANTIINFLAMMATORY/ANTIINFECTIVE AGENTS",,
A08,"ANTIOBESITY PREPARATIONS, EXCL. DIET PRODUCTS",,
A09,"DIGESTIVES, INCL. ENZYMES",,
A10,DRUGS USED IN DIABETES,,
A11,VITAMINS,,
A12,MINERAL SUPPLEMENTS,,
A13,TONICS,,
A14,ANABOLIC AGENTS FOR SYSTEMIC USE,,
A15,APPETITE STIMULANTS,,
A16,OTHER ALIMENTARY TRACT AND METABOLISM PRODUCTS,,
B01,ANTITHROMBOTIC AGENTS,,
B02,ANTIHEMORRHAGICS,,
B03,ANTIANEMIC PREPARATIONS,,
B05,BLOOD SUBSTITUTES AND PERFUSION SOLUTIONS,,
B06,OTHER HEMATOLOGICAL AGENTS,,
C01,CARDIAC THERAPY,,
C02,ANTIHYPERTENSIVES,,
C03,DIURETICS,,
C04,PERIPHERAL VASODILATORS,,
C05,VASOPROTECTIVES,,
C07,BETA BLOCKING AGENTS,,
C08,CALCIUM CHANNEL BLOCKERS,,
C09,AGENTS ACTING ON THE RENIN-ANGIOTENSIN SYSTEM,,
C10,LIPID MODIFYING AGENTS,,
D01,ANTIFUNGALS FOR DERMATOLOGICAL USE,,
D02,EMOLLIENTS AND PROTECTIVES,,
D03,PREPARATIONS FOR TREATMENT OF WOUNDS AND ULCERS,,
D04,"ANTIPRURITICS, INCL. ANTIHISTAMINES, ANESTHETICS, ETC.",,
D05,ANTIPSORIATICS,,
D06,ANTIBIOTICS AND CHEMOTHERAPEUTICS FOR DERMATOLOGICAL USE,,
D07,"CORTICOSTEROIDS, DERMATOLOGICAL PREPARATIONS",,
D08,ANTISEPTICS AND DISINFECTANTS,,
D09,MEDICATED DRESSINGS,,
D10,ANTI-ACNE PREPARATIONS,,
D11,OTHER DERMATOLOGICAL PREPARATIONS,,
G01,GYNECOLOGICAL ANTIINFECTIVES AND ANTISEPTICS,,
G02,OTHER GYNECOLOGICALS,,
G03,SEX HORMONES AND MODULATORS OF THE GENITAL SYSTEM,,
G04,UROLOGICALS,,
H01,PITUITARY AND HYPOTHALAMIC HORMONES AND ANALOGUES,,
H02,CORTICOSTEROIDS FOR SYSTEMIC USE,,
H03,THYROID THERAPY,,
H04,PANCREATIC HORMONES,,
H05,CALCIUM HOMEOSTASIS,,
J01,ANTIBACTERIALS FOR SYSTEMIC USE,,
J02,ANTIMYCOTICS FOR SYSTEMIC USE,,
J04,ANTIMYCOBACTERIALS,,
J05,ANTIVIRALS FOR SYSTEMIC USE,,
J06,IMMUNE SERA AND IMMUNOGLOBULINS,,
J07,VACCINES,,
L01,ANTINEOPLASTIC AGENTS,,
L02,ENDOCRINE THERAPY,,
L03,IMMUNOSTIMULANTS,,
L04,IMMUNOSUPPRESSANTS,,
M01,ANTIINFLAMMATORY AND ANTIRHEUMATIC PRODUCTS,,
M02,TOPICAL PRODUCTS FOR JOINT AND MUSCULAR PAIN,,
M03,MUSCLE RELAXANTS,,
M04,ANTIGOUT PREPARATIONS,,
M05,DRUGS FOR TREATMENT OF BONE DISEASES,,
M09,OTHER DRUGS FOR DISORDERS OF THE MUSCULO-SKELETAL SYSTEM,,
N01,ANESTHETICS,,
N02,ANALGESICS,,
N03,ANTIEPILEPTICS,,
N04,ANTI-PARKINSON DRUGS,,
N05,PSYCHOLEPTICS,,
N06,PSYCHOANALEPTICS,,
N07,OTHER NERVOUS SYSTEM DRUGS,,
P01,ANTIPROTOZOALS,,
P02,ANTHELMINTICS,,
P03,"ECTOPARASITICIDES, INCL. SCABICIDES, INSECTICIDES AND REPELLENTS",,
R01,NASAL PREPARATIONS,,
R02,THROAT PREPARATIONS,,
R03,DRUGS FOR OBSTRUCTIVE AIRWAY DISEASES,,
R05,COUGH AND COLD PREPARATIONS,"kodein, efedrin",titck
R06,ANTIHISTAMINES FOR SYSTEMIC USE,,
R07,OTHER RESPIRATORY SYSTEM PRODUCTS,,
S01,OPHTHALMOLOGICALS,,
S02,OTOLOGICALS,,
S03,OPHTHALMOLOGICAL AND OTOLOGICAL PREPARATIONS,,
V01,ALLERGENS,,
V03,ALL OTHER THERAPEUTIC PRODUCTS,,
V04,DIAGNOSTIC AGENTS,,
V06,GENERAL NUTRIENTS,,
V07,ALL OTHER NON-THERAPEUTIC PRODUCTS,,
V08,CONTRAST MEDIA,,
V09,DIAGNOSTIC RADIOPHARMACEUTICALS,"germanyum klorür, galyum klorür",titck
V10,THERAPEUTIC RADIOPHARMACEUTICALS,,
V20,SURGICAL DRESSINGS,,
A01A,STOMATOLOGICAL PREPARATIONS,,
A02A,ANTACIDS,"kaolin, sodyum bikarbonat, kalsiyum karbonat",titck
A02B,DRUGS FOR PEPTIC ULCER AND GASTRO-OESOPHAGEAL REFLUX DISEASE (GORD),,
A02X,OTHER DRUGS FOR ACID RELATED DISORDERS,,
A03A,DRUGS FOR FUNCTIONAL GASTROINTESTINAL DISORDERS,,
A03B,"BELLADONNA AND DERIVATIVES, PLAIN",,
A03C,ANTISPASMODICS IN COMBINATION WITH PSYCHOLEPTICS,,
A03D,ANTISPASMODICS IN COMBINATION WITH ANALGESICS,,
A03E,ANTISPASMODICS AND ANTICHOLINERGICS IN COMBINATION WITH OTHER DRUGS,,
A03F,PROPULSIVES,,
A04A,ANTIEMETICS AND ANTINAUSEANTS,,
A05A,BILE THERAPY,,
A05B,"LIVER THERAPY, LIPOTROPICS",,
A05C,DRUGS FOR BILE THERAPY AND LIPOTROPICS IN COMBINATION,,
A06A,DRUGS FOR CONSTIPATION,,
A07A,INTESTINAL ANTIINFECTIVES,,
A07B,INTESTINAL ADSORBENTS,,
A07C,ELECTROLYTES WITH CARBOHYDRATES,,
A07D,ANTIPROPULSIVES,,
A07E,INTESTINAL ANTIINFLAMMATORY AGENTS,,
A07F,ANTIDIARRHEAL MICROORGANISMS,,
A07X,OTHER ANTIDIARRHEALS,,
A08A,"ANTIOBESITY PREPARATIONS, EXCL. DIET PRODUCTS",,
A09A,"DIGESTIVES, INCL. ENZYMES",pankreatin+safra ekstresi+aktif kömür,titck
A10A,INSULINS AND ANALOGUES,,
A10B,"BLOOD GLUCOSE LOWERING DRUGS, EXCL. INSULINS",miglitol / metformin hcl,titck
A10X,OTHER DRUGS USED IN DIABETES,aspartam,titck
A11A,"MULTIVITAMINS, COMBINATIONS",,
A11B,"MULTIVITAMINS, PLAIN",,
A11C,"VITAMIN A AND D, INCL. COMBINATIONS OF THE TWO",,
A11D,"VITAMIN B1, PLAIN AND IN COMBINATION WITH VITAMIN B6 AND B12",,
A11E,"VITAMIN B-COMPLEX, INCL. COMBINATIONS",,
A11G,"ASCORBIC ACID (VITAMIN C), INCL. COMBINATIONS",,
A11H,OTHER PLAIN VITAMIN PREPARATIONS,,
A11J,"OTHER VITAMIN PRODUCTS, COMBINATIONS",,
A12A,CALCIUM,,
A12B,POTASSIUM,,
A12C,OTHER MINERAL SUPPLEMENTS,other mineral supplements,titck
A13A,TONICS,,
A14A,ANABOLIC STEROIDS,,
A14B,OTHER ANABOLIC AGENTS,,
A16A,OTHER ALIMENTARY TRACT AND METABOLISM PRODUCTS,,
B01A,ANTITHROMBOTIC AGENTS,,
B02A,ANTIFIBRINOLYTICS,,
B02B,VITAMIN K AND OTHER HEMOSTATICS,,
B03A,IRON PREPARATIONS,,
B03B,VITAMIN B12 AND FOLIC ACID,,
B03X,OTHER ANTIANEMIC PREPARATIONS,,
B05A,BLOOD AND RELATED PRODUCTS,,
B05B,I.V. SOLUTIONS,,
B05C,IRRIGATING SOLUTIONS,"magnezyum, potasyum, kalsiyum glokokol kompleksi",titck
B05D,PERITONEAL DIALYTICS,"glukoz anhidr, sodyum klorür, sodyum laktat, kalsiyum klorür dihidrat, magnezyum klorür hekzahidrat",titck
B05X,I.V. SOLUTION ADDITIVES,,
B05Z,HEMODIALYTICS AND HEMOFILTRATES,hemodialytics and hemofiltrates,titck
B06A,OTHER HEMATOLOGICAL AGENTS,,
C01A,CARDIAC GLYCOSIDES,,
C01B,"ANTIARRHYTHMICS, CLASS I AND III",,
C01C,CARDIAC STIMULANTS EXCL. CARDIAC GLYCOSIDES,,
C01D,VASODILATORS USED IN CARDIAC DISEASES,,
C01E,OTHER CARDIAC PREPARATIONS,,
C02A,"ANTIADRENERGIC AGENTS, CENTRALLY ACTING",,
C02B,"ANTIADRENERGIC AGENTS, GANGLION-BLOCKING",,
C02C,"ANTIADRENERGIC AGENTS, PERIPHERALLY ACTING",,
C02D,"ARTERIOLAR SMOOTH MUSCLE, AGENTS ACTING ON",,
C02K,OTHER ANTIHYPERTENSIVES,,
C02L,ANTIHYPERTENSIVES AND DIURETICS IN COMBINATION,,
C02N,COMBINATIONS OF ANTIHYPERTENSIVES IN ATC-GR. C02,,
C03A,"LOW-CEILING DIURETICS, THIAZIDES",,
C03B,"LOW-CEILING DIURETICS, EXCL. THIAZIDES",,
C03C,HIGH-CEILING DIURETICS,,
C03D,ALDOSTERONE ANTAGONISTS AND OTHER POTASSIUM-SPARING AGENTS,,
C03E,DIURETICS AND POTASSIUM-SPARING AGENTS IN COMBINATION,,
C03X,OTHER DIURETICS,,
C04A,PERIPHERAL VASODILATORS,,
C05A,AGENTS FOR TREATMENT OF HEMORRHOIDS AND ANAL FISSURES FOR TOPICAL USE,,
C05B,ANTIVARICOSE THERAPY,,
C05C,CAPILLARY STABILIZING AGENTS,,
C05X,OTHER VASOPROTECTIVES,,
C07A,BETA BLOCKING AGENTS,,
C07B,BETA BLOCKING AGENTS AND THIAZIDES,nebivolol hci/amlodipin besilat/hidroklorotiyazid,titck
C07C,BETA BLOCKING AGENTS AND OTHER DIURETICS,,
C07D,"BETA BLOCKING AGENTS, THIAZIDES AND OTHER DIURETICS",,
C07E,BETA BLOCKING AGENTS AND VASODILATORS,,
C07F,"BETA BLOCKING AGENTS, OTHER COMBINATIONS",,
C08C,SELECTIVE CALCIUM CHANNEL BLOCKERS WITH MAINLY VASCULAR EFFECTS,,
C08D,SELECTIVE CALCIUM CHANNEL BLOCKERS WITH DIRECT CARDIAC EFFECTS,,
C08E,NON-SELECTIVE CALCIUM CHANNEL BLOCKERS,,
C08G,CALCIUM CHANNEL BLOCKERS AND DIURETICS,,
C09A,"ACE INHIBITORS, PLAIN",,
C09B,"ACE INHIBITORS, COMBINATIONS",,
C09C,"ANGIOTENSIN II RECEPTOR BLOCKERS (ARBs), PLAIN",,
C09D,"ANGIOTENSIN II RECEPTOR BLOCKERS (ARBs), COMBINATIONS",,
C09X,OTHER AGENTS ACTING ON THE RENIN-ANGIOTENSIN SYSTEM,,
C10A,"LIPID MODIFYING AGENTS, PLAIN",pyridinoline carbamate,titck
C10B,"LIPID MODIFYING AGENTS, COMBINATIONS",,
D01A,ANTIFUNGALS FOR TOPICAL USE,,
D01B,ANTIFUNGALS FOR SYSTEMIC USE,,
D02A,EMOLLIENTS AND PROTECTIVES,,
D02B,PROTECTIVES AGAINST UV-RADIATION,,
D03A,CICATRIZANTS,,
D03B,ENZYMES,,
D04A,"ANTIPRURITICS, INCL. ANTIHISTAMINES, ANESTHETICS, ETC.",,
D05A,ANTIPSORIATICS FOR TOPICAL USE,,
D05B,ANTIPSORIATICS FOR SYSTEMIC USE,,
D06A,ANTIBIOTICS FOR TOPICAL USE,,
D06B,CHEMOTHERAPEUTICS FOR TOPICAL USE,,
D06C,"ANTIBIOTICS AND CHEMOTHERAPEUTICS, COMBINATIONS",,
D07A,"CORTICOSTEROIDS, PLAIN",,
D07B,"CORTICOSTEROIDS, COMBINATIONS WITH ANTISEPTICS",,
D07C,"CORTICOSTEROIDS, COMBINATIONS WITH ANTIBIOTICS",,
D07X,"CORTICOSTEROIDS, OTHER COMBINATIONS",,
D08A,ANTISEPTICS AND DISINFECTANTS,"dekualinyum klorür, bizmut subhidrat, aluminyum hidroksit",titck
D09A,MEDICATED DRESSINGS,,
D10A,ANTI-ACNE PREPARATIONS FOR TOPICAL USE,,
D10B,ANTI-ACNE PREPARATIONS FOR SYSTEMIC USE,,
D11A,OTHER DERMATOLOGICAL PREPARATIONS,,
G01A,"ANTIINFECTIVES AND ANTISEPTICS, EXCL. COMBINATIONS WITH CORTICOSTEROIDS",,
G01B,ANTIINFECTIVES/ANTISEPTICS IN COMBINATION WITH CORTICOSTEROIDS,,
G02A,UTEROTONICS,,
G02B,CONTRACEPTIVES FOR TOPICAL USE,,
G02C,OTHER GYNECOLOGICALS,,
G03A,HORMONAL CONTRACEPTIVES FOR SYSTEMIC USE,,
G03B,ANDROGENS,,
G03C,ESTROGENS,,
G03D,PROGESTOGENS,,
G03E,ANDROGENS AND FEMALE SEX HORMONES IN COMBINATION,,
G03F,PROGESTOGENS AND ESTROGENS IN COMBINATION,,
G03G,GONADOTROPINS AND OTHER OVULATION STIMULANTS,,
G03H,ANTIANDROGENS,,
G03X,OTHER SEX HORMONES AND MODULATORS OF THE GENITAL SYSTEM,,
G04B,UROLOGICALS,,
G04C,DRUGS USED IN BENIGN PROSTATIC HYPERTROPHY,,
H01A,ANTERIOR PITUITARY LOBE HORMONES AND ANALOGUES,,
H01B,POSTERIOR PITUITARY LOBE HORMONES,,
H01C,HYPOTHALAMIC HORMONES,,
H02A,"CORTICOSTEROIDS FOR SYSTEMIC USE, PLAIN",,
H02B,"CORTICOSTEROIDS FOR SYSTEMIC USE, COMBINATIONS",,
H02C,ANTIADRENAL PREPARATIONS,,
H03A,THYROID PREPARATIONS,,
H03B,ANTITHYROID PREPARATIONS,,
H03C,IODINE THERAPY,,
H04A,GLYCOGENOLYTIC HORMONES,,
H05A,PARATHYROID HORMONES AND ANALOGUES,,
H05B,ANTI-PARATHYROID AGENTS,,
J01A,TETRACYCLINES,,
J01B,AMPHENICOLS,,
J01C,"BETA-LACTAM ANTIBACTERIALS, PENICILLINS",,
J01D,OTHER BETA-LACTAM ANTIBACTERIALS,,
J01E,SULFONAMIDES AND TRIMETHOPRIM,,
J01F,"MACROLIDES, LINCOSAMIDES AND STREPTOGRAMINS",,
J01G,AMINOGLYCOSIDE ANTIBACTERIALS,,
J01M,QUINOLONE ANTIBACTERIALS,,
J01R,COMBINATIONS OF ANTIBACTERIALS,,
J01X,OTHER ANTIBACTERIALS,,
J02A,ANTIMYCOTICS FOR SYSTEMIC USE,,
J04A,DRUGS FOR TREATMENT OF TUBERCULOSIS,,
J04B,DRUGS FOR TREATMENT OF LEPRA,,
J05A,DIRECT ACTING ANTIVIRALS,,
J06A,IMMUNE SERA,,
J06B,IMMUNOGLOBULINS,,
J07A,BACTERIAL VACCINES,,
J07B,VIRAL VACCINES,,
J07C,"BACTERIAL AND VIRAL VACCINES, COMBINED",,
J07X,OTHER VACCINES,,
L01A,ALKYLATING AGENTS,,
L01B,ANTIMETABOLITES,,
L01C,PLANT ALKALOIDS AND OTHER NATURAL PRODUCTS,,
L01D,CYTOTOXIC ANTIBIOTICS AND RELATED SUBSTANCES,,
L01E,PROTEIN KINASE INHIBITORS,,
L01F,MONOCLONAL ANTIBODIES AND ANTIBODY DRUG CONJUGATES,,
L01X,OTHER ANTINEOPLASTIC AGENTS,,
L02A,HORMONES AND RELATED AGENTS,,
L02B,HORMONE ANTAGONISTS AND RELATED AGENTS,,
L03A,IMMUNOSTIMULANTS,,
L04A,IMMUNOSUPPRESSANTS,,
M01A,"ANTIINFLAMMATORY AND ANTIRHEUMATIC PRODUCTS, NON-STEROIDS",,
M01B,ANTIINFLAMMATORY/ANTIRHEUMATIC AGENTS IN COMBINATION,,
M01C,SPECIFIC ANTIRHEUMATIC AGENTS,,
M02A,TOPICAL PRODUCTS FOR JOINT AND MUSCULAR PAIN,,
M03A,"MUSCLE RELAXANTS, PERIPHERALLY ACTING AGENTS",,
M03B,"MUSCLE RELAXANTS, CENTRALLY ACTING AGENTS",,
M03C,"MUSCLE RELAXANTS, DIRECTLY ACTING AGENTS",,
M04A,ANTIGOUT PREPARATIONS,,
M05B,DRUGS AFFECTING BONE STRUCTURE AND MINERALIZATION,,
M09A,OTHER DRUGS FOR DISORDERS OF THE MUSCULO-SKELETAL SYSTEM,,
N01A,"ANESTHETICS, GENERAL",,
N01B,"ANESTHETICS, LOCAL",,
N02A,OPIOIDS,,
N02B,OTHER ANALGESICS AND ANTIPYRETICS,,
N02C,ANTIMIGRAINE PREPARATIONS,,
N03A,ANTIEPILEPTICS,,
N04A,ANTICHOLINERGIC AGENTS,,
N04B,DOPAMINERGIC AGENTS,,
N04C,OTHER ANTIPARKINSON DRUGS,,
N05A,ANTIPSYCHOTICS,,
N05B,ANXIOLYTICS,,
N05C,HYPNOTICS AND SEDATIVES,,
N06A,ANTIDEPRESSANTS,,
N06B,"PSYCHOSTIMULANTS, AGENTS USED FOR ADHD AND NOOTROPICS",,
N06C,PSYCHOLEPTICS AND PSYCHOANALEPTICS IN COMBINATION,,
N06D,ANTI-DEMENTIA DRUGS,,
N07A,PARASYMPATHOMIMETICS,,
N07B,DRUGS USED IN ADDICTIVE DISORDERS,,
N07C,ANTIVERTIGO PREPARATIONS,,
N07X,OTHER NERVOUS SYSTEM DRUGS,,
P01A,AGENTS AGAINST AMOEBIASIS AND OTHER PROTOZOAL DISEASES,,
P01B,ANTIMALARIALS,,
P01C,AGENTS AGAINST LEISHMANIASIS AND TRYPANOSOMIASIS,,
P02B,ANTITREMATODALS,,
P02C,ANTINEMATODAL AGENTS,,
P02D,ANTICESTODALS,,
P03A,"ECTOPARASITICIDES, INCL. SCABICIDES",,
P03B,INSECTICIDES AND REPELLENTS,,
R01A,DECONGESTANTS AND OTHER NASAL PREPARATIONS FOR TOPICAL USE,,
R01B,NASAL DECONGESTANTS FOR SYSTEMIC USE,,
R02A,THROAT PREPARATIONS,,
R03A,"ADRENERGICS, INHALANTS",,
R03B,"OTHER DRUGS FOR OBSTRUCTIVE AIRWAY DISEASES, INHALANTS",,
R03C,ADRENERGICS FOR SYSTEMIC USE,,
R03D,OTHER SYSTEMIC DRUGS FOR OBSTRUCTIVE AIRWAY DISEASES,,
R05C,"EXPECTORANTS, EXCL. COMBINATIONS WITH COUGH SUPPRESSANTS",,
R05D,"COUGH SUPPRESSANTS, EXCL. COMBINATIONS WITH EXPECTORANTS",,
R05F,"COUGH SUPPRESSANTS AND EXPECTORANTS, COMBINATIONS",,
R05X,OTHER COLD PREPARATIONS,other cold preparations,titck
R06A,ANTIHISTAMINES FOR SYSTEMIC USE,,
R07A,OTHER RESPIRATORY SYSTEM PRODUCTS,,
S01A,ANTIINFECTIVES,,
S01B,ANTIINFLAMMATORY AGENTS,,
S01C,ANTIINFLAMMATORY AGENTS AND ANTIINFECTIVES IN COMBINATION,,
S01E,ANTIGLAUCOMA PREPARATIONS AND MIOTICS,,
S01F,MYDRIATICS AND CYCLOPLEGICS,,
S01G,DECONGESTANTS AND ANTIALLERGICS,,
S01H,LOCAL ANESTHETICS,,
S01J,DIAGNOSTIC AGENTS,,
S01K,SURGICAL AIDS,,
S01L,OCULAR VASCULAR DISORDER AGENTS,,
S01X,OTHER OPHTHALMOLOGICALS,,
S02A,ANTIINFECTIVES,,
S02B,CORTICOSTEROIDS,,
S02C,CORTICOSTEROIDS AND ANTIINFECTIVES IN COMBINATION,,
S02D,OTHER OTOLOGICALS,,
S03A,ANTIINFECTIVES,,
S03B,CORTICOSTEROIDS,,
S03C,CORTICOSTEROIDS AND ANTIINFECTIVES IN COMBINATION,,
S03D,OTHER OPHTHALMOLOGICAL AND OTOLOGICAL PREPARATIONS,,
V01A,ALLERGENS,,
V03A,ALL OTHER THERAPEUTIC PRODUCTS,,
V04B,URINE TESTS,,
V04C,OTHER DIAGNOSTIC AGENTS,,
V06A,DIET FORMULATIONS FOR TREATMENT OF OBESITY,,
V06B,PROTEIN SUPPLEMENTS,,
V06C,INFANT FORMULAS,other combinations of nutrients,titck
V06D,OTHER NUTRIENTS,,
V07A,ALL OTHER NON-THERAPEUTIC PRODUCTS,,
V08A,"X-RAY CONTRAST MEDIA, IODINATED",,
V08B,"X-RAY CONTRAST MEDIA, NON-IODINATED",,
V08C,MAGNETIC RESONANCE IMAGING CONTRAST MEDIA,,
V08D,ULTRASOUND CONTRAST MEDIA,,
V09A,CENTRAL NERVOUS SYSTEM,,
V09B,SKELETON,,
V09C,RENAL SYSTEM,,
V09D,HEPATIC AND RETICULO ENDOTHELIAL SYSTEM,,
V09E,RESPIRATORY SYSTEM,,
V09F,THYROID,,
V09G,CARDIOVASCULAR SYSTEM,,
V09H,INFLAMMATION AND INFECTION DETECTION,,
V09I,TUMOUR DETECTION,,
V09X,OTHER DIAGNOSTIC RADIOPHARMACEUTICALS,,
V10A,ANTIINFLAMMATORY AGENTS,,
V10B,PAIN PALLIATION (BONE SEEKING AGENTS),,
V10X,OTHER THERAPEUTIC RADIOPHARMACEUTICALS,,
A01AA,Caries prophylactic agents,,
A01AB,Antiinfectives and antiseptics for local oral treatment,povidon iyot,titck
A01AC,Corticosteroids for local oral treatment,"triamsinolon asetonit, diklofenak sodyum",titck
A01AD,Other agents for local oral treatment,kolin salisilat,titck
A02AA,Magnesium compounds,,
A02AB,Aluminium compounds,,
A02AC,Calcium compounds,,
A02AD,"Combinations and complexes of aluminium, calcium and magnesium compounds",,
A02AF,Antacids with antiflatulents,,
A02AG,Antacids with antispasmodics,,
A02AH,Antacids with sodium bicarbonate,sodyum bikarbonat,titck
A02AX,"Antacids, other combinations","kalsiyum karbonat, magnezyum karbonat, simetikon",titck
A02BA,H2-receptor antagonists,,
A02BB,Prostaglandins,,
A02BC,Proton pump inhibitors,ilaprazol,titck
A02BD,Combinations for eradication of Helicobacter pylori,,
A02BX,Other drugs for peptic ulcer and gastro-oesophageal reflux disease (GORD),,
A03AA,"Synthetic anticholinergics, esters with tertiary amino group",,
A03AB,"Synthetic anticholinergics, quaternary ammonium compounds",,
A03AC,"Synthetic antispasmodics, amides with tertiary amines",,
A03AD,Papaverine and derivatives,,
A03AE,Serotonin receptor antagonists,,
A03AX,Other drugs for functional gastrointestinal disorders,"valetamat bromür, parasetamol",titck
A03BA,"Belladonna alkaloids, tertiary amines",,
A03BB,"Belladonna alkaloids, semisynthetic, quaternary ammonium compounds",,
A03CA,Synthetic anticholinergic agents in combination with psycholeptics,,
A03CB,Belladonna and derivatives in combination with psycholeptics,hiyosin-n-butil bromid + medazepam,titck
A03CC,Other antispasmodics in combination with psycholeptics,,
A03DA,Synthetic anticholinergic agents in combination with analgesics,,
A03DB,Belladonna and derivatives in combination with analgesics,,
A03DC,Other antispasmodics in combination with analgesics,,
A03EA,"Antispasmodics, psycholeptics and analgesics in combination",,
A03ED,Antispasmodics in combination with other drugs,"n-difenil metil atropin bromür, dihidroksialuminyum aminoasetat",titck
A03FA,Propulsives,,
A04AA,Serotonin (5HT3) antagonists,,
A04AD,Other antiemetics,trimetobenzamid hcl,titck
A05AA,Bile acids and derivatives,bile acid preparations,titck
A05AB,Preparations for biliary tract therapy,,
A05AX,Other drugs for bile therapy,,
A05BA,Liver therapy,l-ornitin/l-aspartat,titck
A06AA,"Softeners, emollients",,
A06AB,Contact laxatives,,
A06AC,Bulk-forming laxatives,,
A06AD,Osmotically acting laxatives,,
A06AG,Enemas,,
A06AH,Peripheral opioid receptor antagonists,,
A06AX,Other drugs for constipation,,
A07AA,Antibiotics,,
A07AB,Sulfonamides,,
A07AC,Imidazole derivatives,,
A07AX,Other intestinal antiinfectives,,
A07BA,Charcoal preparations,,
A07BB,Bismuth preparations,bizmut subsalisilat,titck
A07BC,Other intestinal adsorbents,,
A07CA,Oral rehydration salt formulations,"sodyum klorür, trisodyum sitrat dihidrat, potasyum klorür ve glikoz anhidr",titck
A07DA,Antipropulsives,,
A07EA,Corticosteroids acting locally,,
A07EB,"Antiallergic agents, excl. corticosteroids",,
A07EC,Aminosalicylic acid and similar agents,,
A07FA,Antidiarrheal microorganisms,,
A07XA,Other antidiarrheals,,
A08AA,Centrally acting antiobesity products,,
A08AB,Peripherally acting antiobesity products,,
A08AX,Other antiobesity drugs,,
A09AA,Enzyme preparations,"pankeratin, hemisellülaz, safta ekstresi ve simetikon",titck
A09AB,Acid preparations,,
A09AC,"Enzyme and acid preparations, combinations",,
A10AB,"Insulins and analogues for injection, fast-acting",,
A10AC,"Insulins and analogues for injection, intermediate-acting",,
A10AD,"Insulins and analogues for injection, intermediate- or long-acting combined with fast-acting",,
A10AE,"Insulins and analogues for injection, long-acting",,
A10AF,Insulins and analogues for inhalation,,
A10BA,Biguanides,,
A10BB,Sulfonylureas,,
A10BC,Sulfonamides (heterocyclic),,
A10BD,Combinations of oral blood glucose lowering drugs,pioglitazon hci/alfa lipoik asit,titck
A10BF,Alpha glucosidase inhibitors,,
A10BG,Thiazolidinediones,,
A10BH,Dipeptidyl peptidase 4 (DPP-4) inhibitors,,
A10BJ,Glucagon-like peptide-1 (GLP-1) analogues,,
A10BK,Sodium-glucose co-transporter 2 (SGLT2) inhibitors,,
A10BX,"Other blood glucose lowering drugs, excl. insulins",,
A10XA,Aldose reductase inhibitors,,
A10XX,Other drugs used in diabetes,,
A11AA,Multivitamins with minerals,,
A11AB,"Multivitamins, other combinations",,
A11BA,"Multivitamins, plain","multivitamins, plain",titck
A11CA,"Vitamin A, plain",,
A11CB,Vitamin A and D in combination,vitamin a palmitat (retinol palmitat) 20.000 ıu/ml+vitamin d3,titck
A11CC,Vitamin D and analogues,,
A11DA,"Vitamin B1, plain",,
A11DB,Vitamin B1 in combination with vitamin B6 and/or vitamin B12,vitamin b1 in combination with vitamin b6 and/or vitamin b12,titck
A11EA,"Vitamin B-complex, plain","vitamin b-complex, plain",titck
A11EB,Vitamin B-complex with vitamin C,vitamin b-complex with vitamin c,titck
A11EC,Vitamin B-complex with minerals,,
A11ED,Vitamin B-complex with anabolic steroids,,
A11EX,"Vitamin B-complex, other combinations","b1 vitamini (tiamin hidroklorür), b6 vitamini (piridoksin hidroklorür), b12 vitamini (siyanokobalamin ), alfa lipoik asit (tioktik asit)",titck
A11GA,"Ascorbic acid (vitamin C), plain",,
A11GB,"Ascorbic acid (vitamin C), combinations","vitamin e , c",titck
A11HA,Other plain vitamin preparations,,
A11JA,Combinations of vitamins,"vitamin a palmitat, vitamin d3, vitamin c",titck
A11JB,Vitamins with minerals,"kalsiyum glukonat, kalsiyum laktat, kalsiyum fosfat tribazik, vitamin d3",titck
A11JC,"Vitamins, other combinations","multivitaminler, plain",titck
A12AA,Calcium,,
A12AX,"Calcium, combinations with vitamin D and/or other drugs",kalsiyum karbonat ve vitamin d3,titck
A12BA,Potassium,,
A12CA,Sodium,,
A12CB,Zinc,,
A12CC,Magnesium,magnesium,titck
A12CD,Fluoride,,
A12CE,Selenium,,
A12CX,Other mineral products,"çinko sülfat monohidrat, magnezyum oksit",titck
A14AA,Androstan derivatives,,
A14AB,Estren derivatives,,
A16AA,Amino acids and derivatives,,
A16AB,Enzymes,,
A16AX,Various alimentary tract and metabolism products,alfa lipoik asit (tioktik asit)+ vitamin b1+ vitamin b12,titck
B01AA,Vitamin K antagonists,,
B01AB,Heparin group,,
B01AC,Platelet aggregation inhibitors excl. heparin,,
B01AD,Enzymes,,
B01AE,Direct thrombin inhibitors,,
B01AF,Direct factor Xa inhibitors,,
B01AX,Other antithrombotic agents,,
B02AA,Amino acids,,
B02AB,Proteinase inhibitors,,
B02BA,Vitamin K,,
B02BB,Fibrinogen,,
B02BC,Local hemostatics,,
B02BD,Blood coagulation factors,lipid thromboplastin,titck
B02BX,Other systemic hemostatics,,
B03AA,"Iron bivalent, oral preparations",,
B03AB,"Iron trivalent, oral preparations",ferric citrate,titck
B03AC,"Iron, parenteral preparations",demir karboksimaltoz,titck
B03AD,Iron in combination with folic acid,"demir 3 protein süksinat, kalsiyum folinat pentohidrat",titck
B03AE,Iron in other combinations,,
B03BA,Vitamin B12 (cyanocobalamin and analogues),,
B03BB,Folic acid and derivatives,,
B03XA,Other antianemic preparations,,
B05AA,Blood substitutes and plasma protein fractions,,
B05AX,Other blood products,,
B05BA,Solutions for parenteral nutrition,"l-i̇zolösin, l-lösin, lizin (l-lizin asetat olarak), l-metiyonin, l-fenilalanin, l-treonin, l-triptofan, l-valin, l-alanin, l-arjinin, l-histidin, l-prolin, l-serin, glisin ve sistein (l-sistein hcl.h2o olarak)",titck
B05BB,Solutions affecting the electrolyte balance,,
B05BC,Solutions producing osmotic diuresis,,
B05CA,Antiinfectives,,
B05CB,Salt solutions,,
B05CX,Other irrigating solutions,,
B05DA,Isotonic solutions,"ikodekstrin, sodyum klorür, sodyum laktat, kalsiyum klorür dihidrat, magnezyum klorür hekzahidrat",titck
B05DB,Hypertonic solutions,glikoz anhidr/ sodyum klorür/ sodyum laktat/ kalsiyum klorür dihidrat/ magnezyum klorür hekzahidrat,titck
B05XA,Electrolyte solutions,elektrolit çözeltisi,titck
B05XB,Amino acids,,
B05XC,Vitamins,vitamins,titck
B05XX,Other i.v. solution additives,,
B05ZA,"Hemodialytics, concentrates","hemodialytics, concentrates",titck
B05ZB,Hemofiltrates,hemofiltrates,titck
B06AA,Enzymes,,
B06AB,Heme products,,
B06AC,Drugs used in hereditary angioedema,,
B06AX,Other hematological agents,,
C01AA,Digitalis glycosides,,
C01AB,Scilla glycosides,,
C01AC,Strophanthus glycosides,,
C01AX,Other cardiac glycosides,,
C01BA,"Antiarrhythmics, class Ia",,
C01BB,"Antiarrhythmics, class Ib",,
C01BC,"Antiarrhythmics, class Ic",,
C01BD,"Antiarrhythmics, class III",,
C01BG,"Other antiarrhythmics, class I and III",,
C01CA,Adrenergic and dopaminergic agents,,
C01CE,Phosphodiesterase inhibitors,,
C01CX,Other cardiac stimulants,,
C01DA,Organic nitrates,,
C01DB,Quinolone vasodilators,,
C01DX,Other vasodilators used in cardiac diseases,,
C01EA,Prostaglandins,,
C01EB,Other cardiac preparations,,
C01EX,Other cardiac combination products,,
C02AA,Rauwolfia alkaloids,,
C02AB,Methyldopa,,
C02AC,Imidazoline receptor agonists,,
C02BA,Sulfonium derivatives,,
C02BB,Secondary and tertiary amines,,
C02BC,Bisquaternary ammonium compounds,,
C02CA,Alpha-adrenoreceptor antagonists,,
C02CC,Guanidine derivatives,,
C02DA,Thiazide derivatives,,
C02DB,Hydrazinophthalazine derivatives,,
C02DC,Pyrimidine derivatives,,
C02DD,Nitroferricyanide derivatives,,
C02DG,Guanidine derivatives,,
C02KA,"Alkaloids, excl. rauwolfia",,
C02KB,Tyrosine hydroxylase inhibitors,,
C02KC,MAO inhibitors,,
C02KD,Serotonin antagonists,,
C02KN,Other antihypertensives,,
C02KX,Antihypertensives for pulmonary arterial hypertension,,
C02LA,Rauwolfia alkaloids and diuretics in combination,,
C02LB,Methyldopa and diuretics in combination,,
C02LC,Imidazoline receptor agonists in combination with diuretics,,
C02LE,Alpha-adrenoreceptor antagonists and diuretics,,
C02LF,Guanidine derivatives and diuretics,,
C02LG,Hydrazinophthalazine derivatives and diuretics,,
C02LK,"Alkaloids, excl. rauwolfia, in combination with diuretics",,
C02LL,MAO inhibitors and diuretics,,
C02LN,Serotonin antagonists and diuretics,,
C02LX,Other antihypertensives and diuretics,,
C03AA,"Thiazides, plain",,
C03AB,Thiazides and potassium in combination,,
C03AH,"Thiazides, combinations with psycholeptics and/or analgesics",,
C03AX,"Thiazides, combinations with other drugs",,
C03BA,"Sulfonamides, plain",,
C03BB,Sulfonamides and potassium in combination,,
C03BC,Mercurial diuretics,,
C03BD,Xanthine derivatives,,
C03BK,"Sulfonamides, combinations with other drugs",,
C03BX,Other low-ceiling diuretics,,
C03CA,"Sulfonamides, plain",,
C03CB,Sulfonamides and potassium in combination,,
C03CC,Aryloxyacetic acid derivatives,,
C03CD,Pyrazolone derivatives,,
C03CX,Other high-ceiling diuretics,,
C03DA,Aldosterone antagonists,,
C03DB,Other potassium-sparing agents,,
C03EA,Low-ceiling diuretics and potassium-sparing agents,,
C03EB,High-ceiling diuretics and potassium-sparing agents,,
C03XA,Vasopressin antagonists,,
C04AA,2-amino-1-phenylethanol derivatives,,
C04AB,Imidazoline derivatives,,
C04AC,Nicotinic acid and derivatives,,
C04AD,Purine derivatives,,
C04AE,Ergot alkaloids,,
C04AF,Enzymes,,
C04AX,Other peripheral vasodilators,,
C05AA,Corticosteroids,,
C05AB,Antibiotics,,
C05AD,Local anesthetics,,
C05AE,Muscle relaxants,,
C05AX,Other agents for treatment of hemorrhoids and anal fissures for topical use,,
C05BA,Heparins or heparinoids for topical use,,
C05BB,Sclerosing agents for local injection,,
C05BX,Other sclerosing agents,,
C05CA,Bioflavonoids,,
C05CX,Other capillary stabilizing agents,,
C05XX,Other vasoprotectives,,
C07AA,"Beta blocking agents, non-selective",,
C07AB,"Beta blocking agents, selective",,
C07AG,Alpha and beta blocking agents,,
C07BA,"Beta blocking agents, non-selective, and thiazides",,
C07BB,"Beta blocking agents, selective, and thiazides",,
C07BG,Alpha and beta blocking agents and thiazides,,
C07CA,"Beta blocking agents, non-selective, and other diuretics",,
C07CB,"Beta blocking agents, selective, and other diuretics",,
C07CG,Alpha and beta blocking agents and other diuretics,,
C07DA,"Beta blocking agents, non-selective, thiazides and other diuretics",,
C07DB,"Beta blocking agents, selective, thiazides and other diuretics",,
C07EA,"Beta blocking agents, non-selective, and vasodilators",,
C07EB,"Beta blocking agents, selective, and vasodilators",,
C07FB,Beta blocking agents and calcium channel blockers,,
C07FX,"Beta blocking agents, other combinations",,
C08CA,Dihydropyridine derivatives,,
C08CX,Other selective calcium channel blockers with mainly vascular effects,,
C08DA,Phenylalkylamine derivatives,,
C08DB,Benzothiazepine derivatives,,
C08EA,Phenylalkylamine derivatives,,
C08EX,Other non-selective calcium channel blockers,,
C08GA,Calcium channel blockers and diuretics,,
C09AA,"ACE inhibitors, plain",,
C09BA,ACE inhibitors and diuretics,,
C09BB,ACE inhibitors and calcium channel blockers,,
C09BX,"ACE inhibitors, other combinations",,
C09CA,"Angiotensin II receptor blockers (ARBs), plain",,
C09DA,Angiotensin II receptor blockers (ARBs) and diuretics,,
C09DB,Angiotensin II receptor blockers (ARBs) and calcium channel blockers,,
C09DX,"Angiotensin II receptor blockers (ARBs), other combinations",telmisartan / amlodipin besilat / hidroklorotiyazid,titck
C09XA,Renin-inhibitors,,
C09XX,Other agents acting on the renin-angiotensin system,,
C10AA,HMG CoA reductase inhibitors,,
C10AB,Fibrates,,
C10AC,Bile acid sequestrants,,
C10AD,Nicotinic acid and derivatives,,
C10AX,Other lipid modifying agents,,
C10BA,Combinations of various lipid modifying agents,,
C10BX,Lipid modifying agents in combination with other drugs,,
D01AA,Antibiotics,,
D01AC,Imidazole and triazole derivatives,,
D01AE,Other antifungals for topical use,,
D01BA,Antifungals for systemic use,,
D02AA,Silicone products,,
D02AB,Zinc products,,
D02AC,Soft paraffin and fat products,,
D02AD,Liquid plasters,,
D02AE,Carbamide products,,
D02AF,Salicylic acid preparations,,
D02AX,Other emollients and protectives,,
D02BA,Protectives against UV-radiation for topical use,,
D02BB,Protectives against UV-radiation for systemic use,,
D03AA,Cod-liver oil ointments,,
D03AX,Other cicatrizants,"heparin sodyum, allantoin, soğan ekstresi",titck
D03BA,Proteolytic enzymes,,
D04AA,Antihistamines for topical use,,
D04AB,Anesthetics for topical use,,
D04AX,Other antipruritics,krotamiton,titck
D05AA,Tars,antipsoriatics for topical use,titck
D05AC,Antracen derivatives,,
D05AD,Psoralens for topical use,,
D05AX,Other antipsoriatics for topical use,,
D05BA,Psoralens for systemic use,,
D05BB,Retinoids for treatment of psoriasis,,
D05BX,Other antipsoriatics for systemic use,,
D06AA,Tetracycline and derivatives,,
D06AX,Other antibiotics for topical use,terramisin,titck
D06BA,Sulfonamides,,
D06BB,Antivirals,i̇mikimod,titck
D06BX,Other chemotherapeutics,"metronidazol, üre",titck
D07AA,"Corticosteroids, weak (group I)",,
D07AB,"Corticosteroids, moderately potent (group II)",,
D07AC,"Corticosteroids, potent (group III)",,
D07AD,"Corticosteroids, very potent (group IV)",,
D07BA,"Corticosteroids, weak, combinations with antiseptics",,
D07BB,"Corticosteroids, moderately potent, combinations with antiseptics",,
D07BC,"Corticosteroids, potent, combinations with antiseptics",,
D07BD,"Corticosteroids, very potent, combinations with antiseptics",,
D07CA,"Corticosteroids, weak, combinations with antibiotics",,
D07CB,"Corticosteroids, moderately potent, combinations with antibiotics",,
D07CC,"Corticosteroids, potent, combinations with antibiotics","halometazon monohidrat, fusidik asit",titck
D07CD,"Corticosteroids, very potent, combinations with antibiotics",,
D07XA,"Corticosteroids, weak, other combinations",,
D07XB,"Corticosteroids, moderately potent, other combinations",,
D07XC,"Corticosteroids, potent, other combinations",,
D07XD,"Corticosteroids, very potent, other combinations","klobetazol propiyonat, salisilik asit",titck
D08AA,Acridine derivatives,,
D08AB,Aluminium agents,"alümniyum hidroksit, çinkooksit, borik asit, peru balsam",titck
D08AC,Biguanides and amidines,,
D08AD,Boric acid products,,
D08AE,Phenol and derivatives,,
D08AF,Nitrofuran derivatives,,
D08AG,Iodine products,,
D08AH,Quinoline derivatives,,
D08AJ,Quaternary ammonium compounds,,
D08AK,Mercurial products,,
D08AL,Silver compounds,,
D08AX,Other antiseptics and disinfectants,ihtiyol,titck
D09AA,Medicated dressings with antiinfectives,triticum vulgare,titck
D09AB,Zinc bandages,,
D09AX,Soft paraffin dressings,,
D10AA,"Corticosteroids, combinations for treatment of acne",,
D10AB,Preparations containing sulfur,,
D10AD,Retinoids for topical use in acne,,
D10AE,Peroxides,,
D10AF,Antiinfectives for treatment of acne,,
D10AX,Other anti-acne preparations for topical use,,
D10BA,Retinoids for treatment of acne,,
D10BX,Other anti-acne preparations for systemic use,,
D11AA,Antihidrotics,alüminyum hidroksiklorit+triklozan,titck
D11AC,Medicated shampoos,,
D11AE,Androgens for topical use,,
D11AF,Wart and anti-corn preparations,wart and anti-corn preparations,titck
D11AH,"Agents for dermatitis, excluding corticosteroids",,
D11AX,Other dermatologicals,hamamelis virginiana,titck
G01AA,Antibiotics,,
G01AB,Arsenic compounds,,
G01AC,Quinoline derivatives,,
G01AD,Organic acids,,
G01AE,Sulfonamides,,
G01AF,Imidazole derivatives,sertaconazole,titck
G01AG,Triazole derivatives,,
G01AX,Other antiinfectives and antiseptics,,
G01BA,Antibiotics and corticosteroids,,
G01BC,Quinoline derivatives and corticosteroids,,
G01BD,Antiseptics and corticosteroids,,
G01BE,Sulfonamides and corticosteroids,,
G01BF,Imidazole derivatives and corticosteroids,,
G02AB,Ergot alkaloids,,
G02AC,"Ergot alkaloids and oxytocin incl. analogues, in combination",,
G02AD,Prostaglandins,,
G02AX,Other uterotonics,,
G02BA,Intrauterine contraceptives,,
G02BB,Intravaginal contraceptives,nonoksinol,titck
G02CA,"Sympathomimetics, labour repressants",,
G02CB,Prolactine inhibitors,,
G02CC,Antiinflammatory products for vaginal administration,,
G02CX,Other gynecologicals,,
G03AA,"Progestogens and estrogens, fixed combinations",,
G03AB,"Progestogens and estrogens, sequential preparations",,
G03AC,Progestogens,,
G03AD,Emergency contraceptives,,
G03BA,3-oxoandrosten (4) derivatives,,
G03BB,5-androstanon (3) derivatives,,
G03CA,"Natural and semisynthetic estrogens, plain",,
G03CB,"Synthetic estrogens, plain",,
G03CC,"Estrogens, combinations with other drugs",,
G03CX,Other estrogens,,
G03DA,Pregnen (4) derivatives,,
G03DB,Pregnadien derivatives,,
G03DC,Estren derivatives,,
G03EA,Androgens and estrogens,,
G03EB,"Androgen, progestogen and estrogen in combination",,
G03EK,Androgens and female sex hormones in combination with other drugs,,
G03FA,"Progestogens and estrogens, fixed combinations",,
G03FB,"Progestogens and estrogens, sequential preparations",,
G03GA,Gonadotropins,,
G03GB,"Ovulation stimulants, synthetic",,
G03HA,"Antiandrogens, plain",,
G03HB,Antiandrogens and estrogens,,
G03XA,Antigonadotropins and similar agents,,
G03XB,Progesterone receptor modulators,,
G03XC,Selective estrogen receptor modulators,,
G03XX,Other sex hormones and modulators of the genital system,,
G04BA,Acidifiers,,
G04BC,Urinary concrement solvents,"potasyum sitrat monohidrat, sodyum sitrat dihidrat, sitrik asit monohidrat",titck
G04BD,Drugs for urinary frequency and incontinence,,
G04BE,Drugs used in erectile dysfunction,,
G04BX,Other urologicals,dapoksetin hci/sildenafil sitrat,titck
G04CA,Alpha-adrenoreceptor antagonists,,
G04CB,Testosterone-5-alpha reductase inhibitors,,
G04CX,Other drugs used in benign prostatic hypertrophy,,
H01AA,ACTH,,
H01AB,Thyrotropin,,
H01AC,Somatropin and somatropin agonists,,
H01AX,Other anterior pituitary lobe hormones and analogues,,
H01BA,Vasopressin and analogues,,
H01BB,Oxytocin and analogues,,
H01CA,Gonadotropin-releasing hormones,,
H01CB,Somatostatin and analogues,,
H01CC,Anti-gonadotropin-releasing hormones,,
H02AA,Mineralocorticoids,,
H02AB,Glucocorticoids,,
H02BX,"Corticosteroids for systemic use, combinations",,
H02CA,Anticorticosteroids,,
H03AA,Thyroid hormones,troid hormon,titck
H03BA,Thiouracils,,
H03BB,Sulfur-containing imidazole derivatives,,
H03BC,Perchlorates,,
H03BX,Other antithyroid preparations,,
H03CA,Iodine therapy,potasyum iyodür,titck
H04AA,Glycogenolytic hormones,,
H05AA,Parathyroid hormones and analogues,,
H05BA,Calcitonin preparations,,
H05BX,Other anti-parathyroid agents,,
J01AA,Tetracyclines,,
J01BA,Amphenicols,,
J01CA,Penicillins with extended spectrum,,
J01CE,Beta-lactamase sensitive penicillins,,
J01CF,Beta-lactamase resistant penicillins,,
J01CG,Beta-lactamase inhibitors,,
J01CR,"Combinations of penicillins, incl. beta-lactamase inhibitors",,
J01DB,First-generation cephalosporins,sefadroksil monohidrat,titck
J01DC,Second-generation cephalosporins,,
J01DD,Third-generation cephalosporins,potasyum klavulanat ve sefiksim trihidrat,titck
J01DE,Fourth-generation cephalosporins,,
J01DF,Monobactams,,
J01DH,Carbapenems,,
J01DI,Other cephalosporins and penems,,
J01EA,Trimethoprim and derivatives,,
J01EB,Short-acting sulfonamides,,
J01EC,Intermediate-acting sulfonamides,,
J01ED,Long-acting sulfonamides,,
J01EE,"Combinations of sulfonamides and trimethoprim, incl. derivatives",,
J01FA,Macrolides,,
J01FF,Lincosamides,,
J01FG,Streptogramins,,
J01GA,Streptomycins,,
J01GB,Other aminoglycosides,,
J01MA,Fluoroquinolones,,
J01MB,Other quinolones,,
J01RA,Combinations of antibacterials,,
J01XA,Glycopeptide antibacterials,,
J01XB,Polymyxins,,
J01XC,Steroid antibacterials,,
J01XD,Imidazole derivatives,,
J01XE,Nitrofuran derivatives,,
J01XX,Other antibacterials,,
J02AA,Antibiotics,,
J02AB,Imidazole derivatives,,
J02AC,Triazole and tetrazole derivatives,,
J02AX,Other antimycotics for systemic use,,
J04AA,Aminosalicylic acid and derivatives,,
J04AB,Antibiotics,,
J04AC,Hydrazides,,
J04AD,Thiocarbamide derivatives,,
J04AK,Other drugs for treatment of tuberculosis,,
J04AM,Combinations of drugs for treatment of tuberculosis,,
J04BA,Drugs for treatment of lepra,,
J05AA,Thiosemicarbazones,,
J05AB,Nucleosides and nucleotides excl. reverse transcriptase inhibitors,,
J05AC,Cyclic amines,,
J05AD,Phosphonic acid derivatives,,
J05AE,Protease inhibitors,,
J05AF,Nucleoside and nucleotide reverse transcriptase inhibitors,,
J05AG,Non-nucleoside reverse transcriptase inhibitors,,
J05AH,Neuraminidase inhibitors,,
J05AJ,Integrase inhibitors,,
J05AP,Antivirals for treatment of HCV infections,,
J05AR,"Antivirals for treatment of HIV infections, combinations",,
J05AX,Other antivirals,,
J06AA,Immune sera,androctonus crassicauda akrep venomuna karşın immünoglobülin f(ab')2 fragmanları (at kökenli),titck
J06BA,"Immunoglobulins, normal human",,
J06BB,Specific immunoglobulins,,
J06BC,Antibacterial monoclonal antibodies,,
J06BD,Antiviral monoclonal antibodies,,
J07AC,Anthrax vaccines,,
J07AD,Brucellosis vaccines,,
J07AE,Cholera vaccines,,
J07AF,Diphtheria vaccines,,
J07AG,Haemophilus influenzae B vaccines,,
J07AH,Meningococcal vaccines,,
J07AJ,Pertussis vaccines,,
J07AK,Plague vaccines,,
J07AL,Pneumococcal vaccines,,
J07AM,Tetanus vaccines,,
J07AN,Tuberculosis vaccines,,
J07AP,Typhoid vaccines,,
J07AR,Typhus (exanthematicus) vaccines,,
J07AX,Other bacterial vaccines,,
J07BA,Encephalitis vaccines,,
J07BB,Influenza vaccines,,
J07BC,Hepatitis vaccines,,
J07BD,Measles vaccines,,
J07BE,Mumps vaccines,,
J07BF,Poliomyelitis vaccines,,
J07BG,Rabies vaccines,,
J07BH,Rota virus diarrhea vaccines,,
J07BJ,Rubella vaccines,,
J07BK,Varicella zoster vaccines,,
J07BL,Yellow fever vaccines,,
J07BM,Papillomavirus vaccines,,
J07BN,Covid-19 vaccines,,
J07BP,Chikungunya vaccines,,
J07BX,Other viral vaccines,rsv altgrup a ve b’den elde edilmiş prefüzyon f antijeni,titck
J07CA,"Bacterial and viral vaccines, combined","difteri toksoidi, tetanoz toksoidi, aselüler adsorbe boğmaca: boğmaca toksoidi, filamentöz hemaglutinin, pertaktin, fimbriae tip 2 ve 3",titck
J07XA,Parasitic vaccines,,
L01AA,Nitrogen mustard analogues,,
L01AB,Alkyl sulfonates,,
L01AC,Ethylene imines,,
L01AD,Nitrosoureas,,
L01AG,Epoxides,,
L01AX,Other alkylating agents,,
L01BA,Folic acid analogues,,
L01BB,Purine analogues,,
L01BC,Pyrimidine analogues,,
L01CA,Vinca alkaloids and analogues,,
L01CB,Podophyllotoxin derivatives,,
L01CC,Colchicine derivatives,,
L01CD,Taxanes,,
L01CE,Topoisomerase 1 (TOP1) inhibitors,,
L01CX,Other plant alkaloids and natural products,,
L01DA,Actinomycines,,
L01DB,Anthracyclines and related substances,,
L01DC,Other cytotoxic antibiotics,,
L01EA,BCR-ABL tyrosine kinase inhibitors,,
L01EB,Epidermal growth factor receptor (EGFR) tyrosine kinase inhibitors,,
L01EC,B-Raf serine-threonine kinase (BRAF) inhibitors,,
L01ED,Anaplastic lymphoma kinase (ALK) inhibitors,,
L01EE,Mitogen-activated protein kinase (MEK) inhibitors,,
L01EF,Cyclin-dependent kinase (CDK) inhibitors,,
L01EG,Mammalian target of rapamycin (mTOR) kinase inhibitors,,
L01EH,Human epidermal growth factor receptor 2 (HER2) tyrosine kinase inhibitors,,
L01EJ,Janus-associated kinase (JAK) inhibitors,,
L01EK,Vascular endothelial growth factor receptor (VEGFR) tyrosine kinase inhibitors,,
L01EL,Bruton's tyrosine kinase (BTK) inhibitors,,
L01EM,Phosphatidylinositol-3-kinase (Pi3K) inhibitors,,
L01EN,Fibroblast growth factor receptor (FGFR) tyrosine kinase inhibitors,,
L01EP,Cellular-mesenchymal-epithelial transition factor (c-MET) kinase inhibitors,,
L01EX,Other protein kinase inhibitors,,
L01FA,CD20 (Clusters of Differentiation 20) inhibitors,,
L01FB,CD22 (Clusters of Differentiation 22) inhibitors,,
L01FC,CD38 (Clusters of Differentiation 38) inhibitors,,
L01FD,HER2 (Human Epidermal Growth Factor Receptor 2) inhibitors,,
L01FE,EGFR (Epidermal Growth Factor Receptor) inhibitors,,
L01FF,PD-1/PD-L1 (Programmed cell death protein 1/death ligand 1) inhibitors,,
L01FG,VEGF/VEGFR (Vascular Endothelial Growth Factor / -Receptor) inhibitors,,
L01FX,Other monoclonal antibodies and antibody drug conjugates,elranatamab,titck
L01FY,Combinations of monoclonal antibodies and antibody drug conjugates,,
L01XA,Platinum compounds,,
L01XB,Methylhydrazines,,
L01XD,Sensitizers used in photodynamic/radiation therapy,,
L01XF,Retinoids for cancer treatment,,
L01XG,Proteasome inhibitors,,
L01XH,Histone deacetylase (HDAC) inhibitors,,
L01XJ,Hedgehog pathway inhibitors,,
L01XK,Poly (ADP-ribose) polymerase (PARP) inhibitors,,
L01XL,Antineoplastic cell and gene therapy,,
L01XM,Isocitrate dehydrogenase (IDH) inhibitors,,
L01XU,Other antineoplastic agents (cont.),,
L01XX,Other antineoplastic agents,,
L01XY,Combinations of antineoplastic agents,,
L02AA,Estrogens,,
L02AB,Progestogens,,
L02AE,Gonadotropin releasing hormone analogues,,
L02AX,Other hormones,,
L02BA,Anti-estrogens,fulvestrant,titck
L02BB,Anti-androgens,,
L02BG,Aromatase inhibitors,,
L02BX,Other hormone antagonists and related agents,,
L03AA,Colony stimulating factors,,
L03AB,Interferons,,
L03AC,Interleukins,,
L03AX,Other immunostimulants,,
L04AA,Selective immunosuppressants,,
L04AB,Tumor necrosis factor alpha (TNF-alpha) inhibitors,,
L04AC,Interleukin inhibitors,,
L04AD,Calcineurin inhibitors,,
L04AE,Sphingosine-1-phosphate (S1P) receptor modulators,,
L04AF,Janus-associated kinase (JAK) inhibitors,,
L04AG,Monoclonal antibodies,,
L04AH,Mammalian target of rapamycin (mTOR) kinase inhibitors,,
L04AJ,Complement inhibitors,,
L04AK,Dihydroorotate dehydrogenase (DHODH) inhibitors,,
L04AL,Neonatal fragment crystallizable receptor (FcRn) inhibitors,,
L04AX,Other immunosuppressants,,
M01AA,Butylpyrazolidines,,
M01AB,Acetic acid derivatives and related substances,"etodolak, famotidin",titck
M01AC,Oxicams,,
M01AE,Propionic acid derivatives,,
M01AG,Fenamates,etofenamat,titck
M01AH,Coxibs,,
M01AX,"Other antiinflammatory and antirheumatic agents, non-steroids",glukozamin sulfat kristalin ve kondroitin sulfat sodyum,titck
M01BA,Antiinflammatory/antirheumatic agents in combination with corticosteroids,,
M01BX,Other antiinflammatory/antirheumatic agents in combination with other drugs,,
M01CA,Quinolines,,
M01CB,Gold preparations,,
M01CC,Penicillamine and similar agents,,
M01CX,Other specific antirheumatic agents,,
M02AA,"Antiinflammatory preparations, non-steroids for topical use",deksketoprofen trometamol/tiyokolşikosid,titck
M02AB,Capsaicin and similar agents,capsaicin and similar agents,titck
M02AC,Preparations with salicylic acid derivatives,"metil salisilat, mentol",titck
M02AX,Other topical products for joint and muscular pain,,
M03AA,Curare alkaloids,,
M03AB,Choline derivatives,,
M03AC,Other quaternary ammonium compounds,,
M03AX,"Other muscle relaxants, peripherally acting agents",,
M03BA,Carbamic acid esters,,
M03BB,"Oxazol, thiazine, and triazine derivatives",,
M03BC,"Ethers, chemically close to antihistamines",,
M03BX,Other centrally acting agents,,
M03CA,Dantrolene and derivatives,,
M04AA,Preparations inhibiting uric acid production,,
M04AB,Preparations increasing uric acid excretion,,
M04AC,Preparations with no effect on uric acid metabolism,,
M04AX,Other antigout preparations,,
M05BA,Bisphosphonates,,
M05BB,"Bisphosphonates, combinations",,
M05BC,Bone morphogenetic proteins,,
M05BX,Other drugs affecting bone structure and mineralization,,
M09AA,Quinine and derivatives,,
M09AB,Enzymes,,
M09AX,Other drugs for disorders of the musculo-skeletal system,,
N01AA,Ethers,,
N01AB,Halogenated hydrocarbons,,
N01AF,"Barbiturates, plain",,
N01AG,Barbiturates in combination with other drugs,,
N01AH,Opioid anesthetics,,
N01AX,Other general anesthetics,,
N01BA,Esters of aminobenzoic acid,,
N01BB,Amides,,
N01BC,Esters of benzoic acid,,
N01BX,Other local anesthetics,,
N02AA,Natural opium alkaloids,,
N02AB,Phenylpiperidine derivatives,,
N02AC,Diphenylpropylamine derivatives,,
N02AD,Benzomorphan derivatives,,
N02AE,Oripavine derivatives,,
N02AF,Morphinan derivatives,,
N02AG,Opioids in combination with antispasmodics,,
N02AJ,Opioids in combination with non-opioid analgesics,,
N02AX,Other opioids,,
N02BA,Salicylic acid and derivatives,,
N02BB,Pyrazolones,,
N02BE,Anilides,,
N02BF,Gabapentinoids,,
N02BG,Other analgesics and antipyretics,,
N02CA,Ergot alkaloids,,
N02CB,Corticosteroid derivatives,,
N02CC,Selective serotonin (5HT1) agonists,"sumatriptan süksinat, naproksen sodyum",titck
N02CD,Calcitonin gene-related peptide (CGRP) antagonists,,
N02CX,Other antimigraine preparations,,
N03AA,Barbiturates and derivatives,,
N03AB,Hydantoin derivatives,,
N03AC,Oxazolidine derivatives,,
N03AD,Succinimide derivatives,,
N03AE,Benzodiazepine derivatives,,
N03AF,Carboxamide derivatives,,
N03AG,Fatty acid derivatives,,
N03AX,Other antiepileptics,pregabalin ve vitamin b12,titck
N04AA,Tertiary amines,,
N04AB,Ethers chemically close to antihistamines,,
N04AC,Ethers of tropine or tropine derivatives,,
N04BA,Dopa and dopa derivatives,,
N04BB,Adamantane derivatives,,
N04BC,Dopamine agonists,,
N04BD,Monoamine oxidase B inhibitors,,
N04BX,Other dopaminergic agents,,
N04CX,Other antiparkinson drugs,,
N05AA,Phenothiazines with aliphatic side-chain,,
N05AB,Phenothiazines with piperazine structure,,
N05AC,Phenothiazines with piperidine structure,,
N05AD,Butyrophenone derivatives,,
N05AE,Indole derivatives,,
N05AF,Thioxanthene derivatives,,
N05AG,Diphenylbutylpiperidine derivatives,,
N05AH,"Diazepines, oxazepines, thiazepines and oxepines",,
N05AL,Benzamides,,
N05AN,Lithium,,
N05AX,Other antipsychotics,,
N05BA,Benzodiazepine derivatives,,
N05BB,Diphenylmethane derivatives,,
N05BC,Carbamates,,
N05BD,Dibenzo-bicyclo-octadiene derivatives,,
N05BE,Azaspirodecanedione derivatives,,
N05BX,Other anxiolytics,,
N05CA,"Barbiturates, plain",,
N05CB,"Barbiturates, combinations",,
N05CC,Aldehydes and derivatives,,
N05CD,Benzodiazepine derivatives,,
N05CE,Piperidinedione derivatives,,
N05CF,Benzodiazepine related drugs,,
N05CH,Melatonin receptor agonists,,
N05CJ,Orexin receptor antagonists,,
N05CM,Other hypnotics and sedatives,"tent. de valeriane, tent.de pasiflora, tent.de grateagus",titck
N05CX,"Hypnotics and sedatives in combination, excl. barbiturates",,
N06AA,Non-selective monoamine reuptake inhibitors,,
N06AB,Selective serotonin reuptake inhibitors,,
N06AF,"Monoamine oxidase inhibitors, non-selective",,
N06AG,Monoamine oxidase A inhibitors,,
N06AX,Other antidepressants,,
N06BA,Centrally acting sympathomimetics,,
N06BC,Xanthine derivatives,,
N06BX,Other psychostimulants and nootropics,,
N06CA,Antidepressants in combination with psycholeptics,,
N06CB,Psychostimulants in combination with psycholeptics,,
N06DA,Anticholinesterases,donepezil hcl ve ginkgo biloba kuru ekstresi,titck
N06DX,Other anti-dementia drugs,idebenon/memantin hci,titck
N07AA,Anticholinesterases,,
N07AB,Choline esters,,
N07AX,Other parasympathomimetics,,
N07BA,Drugs used in nicotine dependence,,
N07BB,Drugs used in alcohol dependence,,
N07BC,Drugs used in opioid dependence,,
N07CA,Antivertigo preparations,,
N07XA,Gangliosides and ganglioside derivatives,,
N07XX,Other nervous system drugs,,
P01AA,Hydroxyquinoline derivatives,,
P01AB,Nitroimidazole derivatives,,
P01AC,Dichloroacetamide derivatives,,
P01AR,Arsenic compounds,,
P01AX,Other agents against amoebiasis and other protozoal diseases,,
P01BA,Aminoquinolines,,
P01BB,Biguanides,,
P01BC,Methanolquinolines,,
P01BD,Diaminopyrimidines,,
P01BE,"Artemisinin and derivatives, plain",,
P01BF,"Artemisinin and derivatives, combinations",,
P01BX,Other antimalarials,,
P01CA,Nitroimidazole derivatives,,
P01CB,Antimony compounds,,
P01CC,Nitrofuran derivatives,,
P01CD,Arsenic compounds,,
P01CX,Other agents against leishmaniasis and trypanosomiasis,,
P02BA,Quinoline derivatives and related substances,,
P02BB,Organophosphorous compounds,,
P02BX,Other antitrematodal agents,,
P02CA,Benzimidazole derivatives,,
P02CB,Piperazine and derivatives,,
P02CC,Tetrahydropyrimidine derivatives,,
P02CE,Imidazothiazole derivatives,,
P02CF,Avermectines,,
P02CX,Other antinematodals,,
P02DA,Salicylic acid derivatives,,
P02DX,Other anticestodals,,
P03AA,Sulfur containing products,,
P03AB,Chlorine containing products,,
P03AC,"Pyrethrines, incl. synthetic compounds",,
P03AX,"Other ectoparasiticides, incl. scabicides","other ectoparasiticides, incl. scabicides",titck
P03BA,Pyrethrines,,
P03BX,Other insecticides and repellents,,
R01AA,"Sympathomimetics, plain",,
R01AB,"Sympathomimetics, combinations excl. corticosteroids","sympathomimetics, combinations excl. corticosteroids",titck
R01AC,"Antiallergic agents, excl. corticosteroids",,
R01AD,Corticosteroids,,
R01AX,Other nasal preparations,,
R01BA,Sympathomimetics,,
R02AA,Antiseptics,"benzokain, enoksolon ve klorheksidin hidroklorür",titck
R02AB,Antibiotics,,
R02AD,"Anesthetics, local",,
R02AX,Other throat preparations,ketoprofen lizinat,titck
R03AA,Alpha- and beta-adrenoreceptor agonists,,
R03AB,Non-selective beta-adrenoreceptor agonists,,
R03AC,Selective beta-2-adrenoreceptor agonists,levalbuterol hcl,titck
R03AH,Combinations of adrenergics,,
R03AK,"Adrenergics in combination with corticosteroids or other drugs, excl. anticholinergics",formoterol fumarat dihidrat / siklesonid,titck
R03AL,Adrenergics in combination with anticholinergics incl. triple combinations with corticosteroids,tiotropium bromür anhidr/salmeterol ksinafoat/flutikazon propiyonat,titck
R03BA,Glucocorticoids,,
R03BB,Anticholinergics,,
R03BC,"Antiallergic agents, excl. corticosteroids",,
R03BX,"Other drugs for obstructive airway diseases, inhalants",,
R03CA,Alpha- and beta-adrenoreceptor agonists,,
R03CB,Non-selective beta-adrenoreceptor agonists,,
R03CC,Selective beta-2-adrenoreceptor agonists,,
R03CK,Adrenergics and other drugs for obstructive airway diseases,"protokilol hcl, efedrin hcl",titck
R03DA,Xanthines,asetilsistein ve doksofilin,titck
R03DB,Xanthines and adrenergics,,
R03DC,Leukotriene receptor antagonists,,
R03DX,Other systemic drugs for obstructive airway diseases,,
R05CA,Expectorants,,
R05CB,Mucolytics,,
R05DA,Opium alkaloids and derivatives,,
R05DB,Other cough suppressants,,
R05FA,Opium derivatives and expectorants,,
R05FB,Other cough suppressants and expectorants,,
R06AA,Aminoalkyl ethers,,
R06AB,Substituted alkylamines,,
R06AC,Substituted ethylene diamines,,
R06AD,Phenothiazine derivatives,,
R06AE,Piperazine derivatives,,
R06AK,Combinations of antihistamines,montelukast sodyum/levosetirizin dihidroklorür,titck
R06AX,Other antihistamines for systemic use,,
R07AA,Lung surfactants,,
R07AB,Respiratory stimulants,,
R07AX,Other respiratory system products,other respiratory system products,titck
S01AA,Antibiotics,,
S01AB,Sulfonamides,,
S01AD,Antivirals,,
S01AE,Fluoroquinolones,,
S01AX,Other antiinfectives,flukonazol,titck
S01BA,"Corticosteroids, plain",,
S01BB,Corticosteroids and mydriatics in combination,,
S01BC,"Antiinflammatory agents, non-steroids",,
S01CA,Corticosteroids and antiinfectives in combination,loteprednol etabonat ve tobramisin,titck
S01CB,Corticosteroids/antiinfectives/mydriatics in combination,,
S01CC,"Antiinflammatory agents, non-steroids and antiinfectives in combination",,
S01EA,Sympathomimetics in glaucoma therapy,,
S01EB,Parasympathomimetics,,
S01EC,Carbonic anhydrase inhibitors,,
S01ED,Beta blocking agents,,
S01EE,Prostaglandin analogues,,
S01EX,Other antiglaucoma preparations,,
S01FA,Anticholinergics,,
S01FB,Sympathomimetics excl. antiglaucoma preparations,,
S01GA,Sympathomimetics used as decongestants,,
S01GX,Other antiallergics,,
S01HA,Local anesthetics,,
S01JA,Colouring agents,,
S01JX,Other ophthalmological diagnostic agents,,
S01KA,Viscoelastic substances,,
S01KX,Other surgical aids,,
S01LA,Antineovascularisation agents,,
S01XA,Other ophthalmologicals,,
S02AA,Antiinfectives,,
S02BA,Corticosteroids,,
S02CA,Corticosteroids and antiinfectives in combination,,
S02DA,Analgesics and anesthetics,,
S02DC,Indifferent preparations,,
S03AA,Antiinfectives,levofloksasin hemihidrat,titck
S03BA,Corticosteroids,,
S03CA,Corticosteroids and antiinfectives in combination,,
V01AA,Allergen extracts,,
V03AB,Antidotes,,
V03AC,Iron chelating agents,,
V03AE,Drugs for treatment of hyperkalemia and hyperphosphatemia,kalsiyum karbonat,titck
V03AF,Detoxifying agents for antineoplastic treatment,,
V03AG,Drugs for treatment of hypercalcemia,,
V03AH,Drugs for treatment of hypoglycemia,,
V03AK,Tissue adhesives,,
V03AM,Drugs for embolisation,,
V03AN,Medical gases,,
V03AX,Other therapeutic products,,
V03AZ,Nerve depressants,,
V04CA,Tests for diabetes,,
V04CB,Tests for fat absorption,,
V04CC,Tests for bile duct patency,,
V04CD,Tests for pituitary function,,
V04CE,Tests for liver functional capacity,,
V04CF,Tuberculosis diagnostics,,
V04CG,Tests for gastric secretion,,
V04CH,Tests for renal function and ureteral injuries,,
V04CJ,Tests for thyreoidea function,,
V04CK,Tests for pancreatic function,,
V04CL,Tests for allergic diseases,,
V04CM,Tests for fertility disturbances,,
V04CX,Other diagnostic agents,üre,titck
V06AA,Low-energy diets,,
V06CA,Nutrients without phenylalanine,various alimentary tract and metabolism products,titck
V06DA,"Carbohydrates/proteins/minerals/vitamins, combinations",,
V06DB,"Fat/carbohydrates/proteins/minerals/vitamins, combinations",,
V06DC,Carbohydrates,,
V06DD,"Amino acids, incl. combinations with polypeptides","amino acids, incl. combinations with polypeptides",titck
V06DE,"Amino acids/carbohydrates/minerals/vitamins, combinations",,
V06DF,Milk substitutes,,
V06DX,Other combinations of nutrients,other combinations of nutrients,titck
V07AA,Plasters,,
V07AB,"Solvents and diluting agents, incl. irrigating solutions",,
V07AC,"Blood transfusion, auxiliary products",,
V07AD,"Blood tests, auxiliary products",,
V07AN,Incontinence equipment,,
V07AR,"Sensitivity tests, discs and tablets",,
V07AS,Stomi equipment,,
V07AT,Cosmetics,,
V07AV,Technical disinfectants,,
V07AX,Washing agents etc.,,
V07AY,Other non-therapeutic auxiliary products,other non-therapeutic auxiliary products,titck
V07AZ,Chemicals and reagents for analysis,,
V08AA,"Watersoluble, nephrotropic, high osmolar X-ray contrast media",,
V08AB,"Watersoluble, nephrotropic, low osmolar X-ray contrast media",,
V08AC,"Watersoluble, hepatotropic X-ray contrast media",,
V08AD,Non-watersoluble X-ray contrast media,,
V08BA,Barium sulfate containing X-ray contrast media,,
V08CA,Paramagnetic contrast media,,
V08CB,Superparamagnetic contrast media,,
V08CX,Other magnetic resonance imaging contrast media,,
V08DA,Ultrasound contrast media,,
V09AA,Technetium (99mTc) compounds,,
V09AB,Iodine (123I) compounds,,
V09AX,Other central nervous system diagnostic radiopharmaceuticals,,
V09BA,Technetium (99mTc) compounds,,
V09CA,Technetium (99mTc) compounds,,
V09CX,Other renal system diagnostic radiopharmaceuticals,,
V09DA,Technetium (99mTc) compounds,,
V09DB,"Technetium (99mTc), particles and colloids",,
V09DX,Other hepatic and reticulo endothelial system diagnostic radiopharmaceuticals,,
V09EA,"Technetium (99mTc), inhalants",,
V09EB,"Technetium (99mTc), particles for injection",,
V09EX,Other respiratory system diagnostic radiopharmaceuticals,,
V09FX,Various thyroid diagnostic radiopharmaceuticals,,
V09GA,Technetium (99mTc) compounds,,
V09GB,Iodine (125I) compounds,,
V09GX,Other cardiovascular system diagnostic radiopharmaceuticals,,
V09HA,Technetium (99mTc) compounds,,
V09HB,Indium (111In) compounds,,
V09HX,Other diagnostic radiopharmaceuticals for inflammation and infection detection,,
V09IA,Technetium (99mTc) compounds,,
V09IB,Indium (111In) compounds,,
V09IX,Other diagnostic radiopharmaceuticals for tumour detection,florotimidin,titck
V09XA,Iodine (131I) compounds,,
V09XX,Various diagnostic radiopharmaceuticals,,
V10AA,Yttrium (90Y) compounds,,
V10AX,Other antiinflammatory therapeutic radiopharmaceuticals,,
V10BX,Various pain palliation radiopharmaceuticals,,
V10XA,Iodine (131I) compounds,,
V10XX,Various therapeutic radiopharmaceuticals,,
A01AA01,sodium fluoride,sodyum florür,titck
A01AA02,sodium monofluorophosphate,sodyum monoflorofosfat,llm
A01AA03,olaflur,olaflur,llm
A01AA04,stannous fluoride,stanöz florür,llm
A01AA30,combinations,kombinasyonlar,llm
A01AA51,"sodium fluoride, combinations",caries prophylactic agents,titck
A01AB02,hydrogen peroxide,hidrojen peroksit,llm
A01AB03,chlorhexidine,klorheksidin,llm
A01AB04,amphotericin B,amfoterisin b,llm
A01AB05,polynoxylin,polinoksilin,llm
A01AB06,domiphen,domifen,llm
A01AB07,oxyquinoline,oksikinolin,llm
A01AB08,neomycin,neomisin,llm
A01AB09,miconazole,mikonazol,llm
A01AB10,natamycin,natamisin,llm
A01AB11,various,"mentol, okaliptol, nane esansı, kekik esansı",titck
A01AB12,hexetidine,heksetidin,llm
A01AB13,tetracycline,tetrasiklin,llm
A01AB14,benzoxonium chloride,benzoksonyum klorür,llm
A01AB15,tibezonium iodide,tibezonyum iyodür,llm
A01AB16,mepartricin,mepartrisin,llm
A01AB17,metronidazole,metronidazol,llm
A01AB18,clotrimazole,klotrimazol,llm
A01AB19,sodium perborate,sodyum perborat,llm
A01AB21,chlortetracycline,klortetrasiklin,llm
A01AB22,doxycycline,doksisiklin,llm
A01AB23,minocycline,minosiklin,llm
A01AB24,octenidine,oktenidin,llm
A01AB25,oxytetracycline,oksitetrasiklin,llm
A01AB53,chlorhexidine and cetylpyridinium,klorheksidin ve setilpiridinyum,llm
A01AC01,triamcinolone,triamsinolon asetonid,titck
A01AC02,dexamethasone,deksametazon,llm
A01AC03,hydrocortisone,hidrokortizon,llm
A01AC04,prednisolone,prednizolon,llm
A01AC54,"prednisolone, combinations","prednizolon, kombinasyonlar",llm
A01AD01,epinephrine,epinefrin,llm
A01AD02,benzydamine,benzidamin hcl,titck
A01AD05,acetylsalicylic acid,asetilsalisilik asit,llm
A01AD06,adrenalone,adrenalon,llm
A01AD07,amlexanox,amleksanoks,llm
A01AD08,becaplermin,bekaplermin,llm
A01AD11,various,"benzidamin hidroklorür, klorheksidin glukonat",titck
A02AA01,magnesium carbonate,magnezyum karbonat,llm
A02AA02,magnesium oxide,magnesium oksit,titck
A02AA03,magnesium peroxide,magnezyum peroksit,llm
A02AA04,magnesium hydroxide,magnesyum hidroksit,titck
A02AA05,magnesium silicate,magnezyum silikat,llm
A02AA10,combinations,kombinasyonlar,llm
A02AB01,aluminium hydroxide,aluminyum hidroksit,llm
A02AB02,algeldrate,algeldrat,llm
A02AB03,aluminium phosphate,aluminyum fosfat,llm
A02AB04,dihydroxialumini sodium carbonate,dihydroxialumini sodium carbonate,titck
A02AB05,aluminium acetoacetate,aluminyum asetoasetat,llm
A02AB06,aloglutamol,aloglutamol,llm
A02AB07,aluminium glycinate,aluminyum glisinat,llm
A02AB10,combinations,kombinasyonlar,llm
A02AC01,calcium carbonate,kalsiyum karbonat,llm
A02AC02,calcium silicate,kalsiyum silikat,llm
A02AC10,combinations,kombinasyonlar,llm
A02AD01,ordinary salt combinations,kalsiyum karbonat + magnezyum karbonat,titck
A02AD02,magaldrate,magaldrat,titck
A02AD03,almagate,almagat,llm
A02AD04,hydrotalcite,hidrotalsit,titck
A02AD05,almasilate,almasilat,llm
A02AF01,magaldrate and antiflatulents,magaldrate and antiflatulents,titck
A02AF02,ordinary salt combinations and antiflatulents,antacids with antiflatulents,titck
A02BA01,cimetidine,simetidin,titck
A02BA02,ranitidine,ranitidine,titck
A02BA03,famotidine,famotidin,titck
A02BA04,nizatidine,nizatidine,titck
A02BA05,niperotidine,niperotidin,llm
A02BA06,roxatidine,roksatidin,llm
A02BA07,ranitidine bismuth citrate,ranitidin bizmut sitrat,llm
A02BA08,lafutidine,lafutidin,llm
A02BA51,"cimetidine, combinations","simetidin, kombinasyonlar",llm
A02BA53,"famotidine, combinations","famotidin, kalsiyum karbonat, magnezyum hidroksit",titck
A02BB01,misoprostol,misoprostol,titck
A02BB02,enprostil,enprostil,llm
A02BC01,omeprazole,omeprazol,titck
A02BC02,pantoprazole,pantoprazol sodyum seskihidrat,titck
A02BC03,lansoprazole,lansoprazol,titck
A02BC04,rabeprazole,rabeprazol sodyum,titck
A02BC05,esomeprazole,esomeprazol sodyum,titck
A02BC06,dexlansoprazole,dekslansoprazol,llm
A02BC07,dexrabeprazole,deksrabeprazol sodyum,titck
A02BC08,vonoprazan,vonoprazan,llm
A02BC09,tegoprazan,tegoprazan,llm
A02BC10,fexuprazan,feksuprazan,llm
A02BC11,ilaprazole,ilaprazol,llm
A02BC12,zastaprazan,zastaprazan,llm
A02BC51,"omeprazole, combinations","omeprazol, kombinasyonlar",llm
A02BC53,"lansoprazole, combinations",lansoprazol pellet ve domperdion pellet,titck
A02BC54,"rabeprazole, combinations",rabeprazol sodyum ve domperidon maleat,titck
A02BD01,"omeprazole, amoxicillin and metronidazole","omeprazol, amoksisilin ve metronidazol",llm
A02BD02,"lansoprazole, tetracycline and metronidazole","lansoprazol, tetrasiklin ve metronidazol",llm
A02BD03,"lansoprazole, amoxicillin and metronidazole","lansoprazol, amoksisilin ve metronidazol",llm
A02BD04,"pantoprazole, amoxicillin and clarithromycin","pantoprazol, amoksisilin ve klaritromisin",llm
A02BD05,"omeprazole, amoxicillin and clarithromycin","omeprazol, amoksisilin ve klaritromisin",llm
A02BD06,"esomeprazole, amoxicillin and clarithromycin","esomeprazol, amoksisilin ve klaritromisin",llm
A02BD07,"lansoprazole, amoxicillin and clarithromycin",amoksisilin/lansoprazol/klaritromisilin,titck
A02BD08,"bismuth subcitrate, tetracycline and metronidazole","bizmut subsitrat, tetrasiklin ve metronidazol",llm
A02BD09,"lansoprazole, clarithromycin and tinidazole","lansoprazol, klaritromisin ve tinidazol",llm
A02BD10,"lansoprazole, amoxicillin and levofloxacin","amoksisilin, levofloksasin, lansoprazol",titck
A02BD11,"pantoprazole, amoxicillin, clarithromycin and metronidazole","pantoprazol, amoksisilin, klaritromisin ve metronidazol",llm
A02BD12,"rabeprazole, amoxicillin and clarithromycin","rabeprazol, amoksisilin ve klaritromisin",llm
A02BD13,"rabeprazole, amoxicillin and metronidazole","rabeprazol, amoksisilin ve metronidazol",llm
A02BD14,"vonoprazan, amoxicillin and clarithromycin","vonoprazan, amoksisilin ve klaritromisin",llm
A02BD15,"vonoprazan, amoxicillin and metronidazole","vonoprazan, amoksisilin ve metronidazol",llm
A02BD16,"omeprazole, amoxicillin and rifabutin","omeprazol, amoksisilin ve rifabutin",llm
A02BD17,vonoprazan and amoxicillin,vonoprazan ve amoksisilin,llm
A02BX01,carbenoxolone,karbenoksolon,llm
A02BX02,sucralfate,sucralfate,titck
A02BX03,pirenzepine,pirenzepin,llm
A02BX04,methiosulfonium chloride,metiosulfonyum klorür,llm
A02BX05,bismuth subcitrate,bismuth subcitrate,titck
A02BX06,proglumide,proglumid,llm
A02BX07,gefarnate,gefarnat,llm
A02BX08,sulglicotide,sulglikotid,llm
A02BX09,acetoxolone,asetoksolon,llm
A02BX10,zolimidine,zolimidin,llm
A02BX11,troxipide,troksipid,llm
A02BX12,bismuth subnitrate,bizmut subnitrat,llm
A02BX13,alginic acid,"sodyum aljinat, sodyum bikarbonat, kalsiyum karbonat",titck
A02BX14,rebamipide,rebamipid,llm
A02BX15,teprenone,teprenon,llm
A02BX16,irsogladine,irsogladin,llm
A02BX51,"carbenoxolone, combinations excl. psycholeptics","karbenoksolon, psikoleptikler hariç kombinasyonlar",llm
A02BX71,"carbenoxolone, combinations with psycholeptics","karbenoksolon, psikoleptiklerle kombinasyonlar",llm
A02BX77,"gefarnate, combinations with psycholeptics","gefarnat, psikoleptiklerle kombinasyonlar",llm
A03AA01,oxyphencyclimine,oksifensiklimin hcl,titck
A03AA03,camylofin,kamilofin,llm
A03AA04,mebeverine,mebeverin,titck
A03AA05,trimebutine,trimebutin maleat,titck
A03AA06,rociverine,rosiverin,llm
A03AA07,dicycloverine,disikloverin,llm
A03AA08,dihexyverine,diheksiverin,llm
A03AA09,difemerine,difemerin,llm
A03AA30,piperidolate,piperidolat,llm
A03AB01,benzilone,benzilon,llm
A03AB02,glycopyrronium bromide,glikopironyum bromür,llm
A03AB03,oxyphenonium,oksifenonyum,llm
A03AB04,penthienate,pentienat,llm
A03AB05,propantheline,propantelin,llm
A03AB06,otilonium bromide,otilonium bromide,titck
A03AB07,methantheline,metantelin,llm
A03AB08,tridihexethyl,tridiheksetil,llm
A03AB09,isopropamide,izopropamid,llm
A03AB10,hexocyclium,heksosiklyum,llm
A03AB11,poldine,poldin,llm
A03AB12,mepenzolate,mepenzolat,llm
A03AB13,bevonium,bevonyum,llm
A03AB14,pipenzolate,"synthetic anticholinergics, quaternary ammonium compounds",titck
A03AB15,diphemanil,difemanil,llm
A03AB16,(2-benzhydryloxyethyl)diethyl-methylammonium iodide,(2-benzhidriloksietil)dietil-metilamonyum iyodür,llm
A03AB17,tiemonium iodide,tiemonyum iyodür,llm
A03AB18,prifinium bromide,prifinyum bromür,llm
A03AB19,timepidium bromide,timepidyum bromür,llm
A03AB21,fenpiverinium,fenpiverinyum,llm
A03AB53,"oxyphenonium, combinations","oksifenonyum, kombinasyonlar",llm
A03AC02,dimethylaminopropionylphenothiazine,dimetilaminopropionilfenotiazin,llm
A03AC04,nicofetamide,nikofetamid,llm
A03AC05,tiropramide,tiropramid,llm
A03AD01,papaverine,papaverin hcl,titck
A03AD02,drotaverine,drotaverin,llm
A03AD30,moxaverine,moksaverin,llm
A03AE01,alosetron,alosetron,llm
A03AE03,cilansetron,silansetron,llm
A03AX01,fenpiprane,fenpipran,llm
A03AX02,diisopromine,diizopromin,llm
A03AX03,chlorbenzoxamine,klorbenzoksamin,llm
A03AX04,pinaverium,pinaveryum bromür,titck
A03AX05,fenoverine,fenoverin,llm
A03AX06,idanpramine,idanpramin,llm
A03AX07,proxazole,proksazol,llm
A03AX08,alverine,alverin,llm
A03AX09,trepibutone,trepibuton,llm
A03AX10,isometheptene,izometepten,llm
A03AX11,caroverine,karoverin,llm
A03AX12,phloroglucinol,floroglüsinol,llm
A03AX13,silicones,simetikon,titck
A03AX14,valethamate,valetamat bromür,titck
A03AX15,menthae piperitae aetheroleum,menthae piperitae aetheroleum,llm
A03AX30,trimethyldiphenylpropylamine,trimetildifenilpropilamin,llm
A03AX58,"alverine, combinations","alverin sitrat, simetikon",titck
A03BA01,atropine,atropin sülfat,titck
A03BA03,hyoscyamine,hiyosiyamin,llm
A03BA04,belladonna total alkaloids,belladon total alkaloidleri,llm
A03BB01,butylscopolamine,hiyosin n-butil-bromür,titck
A03BB02,methylatropine,metilatropin,llm
A03BB03,methylscopolamine,metilskopolamin,llm
A03BB04,fentonium,fentonyum,llm
A03BB05,cimetropium bromide,simetropiyum bromür,llm
A03BB06,homatropine methylbromide,homatropin metilbromür,llm
A03CA01,isopropamide and psycholeptics,izopropamid ve psikoleptikler,llm
A03CA02,clidinium and psycholeptics,klordiazepoksit/klidinyum bromür,titck
A03CA03,oxyphencyclimine and psycholeptics,oksifensiklimin ve psikoleptikler,llm
A03CA04,otilonium bromide and psycholeptics,otilonyum bromür ve psikoleptikler,llm
A03CA05,glycopyrronium bromide and psycholeptics,glikopironyum bromür ve psikoleptikler,llm
A03CA06,bevonium and psycholeptics,bevonyum ve psikoleptikler,llm
A03CA07,ambutonium and psycholeptics,ambutonyum ve psikoleptikler,llm
A03CA08,diphemanil and psycholeptics,difemanil ve psikoleptikler,llm
A03CA09,pipenzolate and psycholeptics,pipenzolat ve psikoleptikler,llm
A03CA30,emepronium and psycholeptics,emepronyum ve psikoleptikler,llm
A03CA34,propantheline and psycholeptics,propantelin ve psikoleptikler,llm
A03CB01,methylscopolamine and psycholeptics,metilskopolamin ve psikoleptikler,llm
A03CB02,belladonna total alkaloids and psycholeptics,belladon total alkaloidleri ve psikoleptikler,llm
A03CB03,atropine and psycholeptics,atropin ve psikoleptikler,llm
A03CB04,homatropine methylbromide and psycholeptics,homatropin metilbromür ve psikoleptikler,llm
A03CB31,hyoscyamine and psycholeptics,hiyosiyamin ve psikoleptikler,llm
A03DA01,tropenzilone and analgesics,tropenzilon ve analjezikler,llm
A03DA02,pitofenone and analgesics,pitofenon ve analjezikler,llm
A03DA03,bevonium and analgesics,bevonyum ve analjezikler,llm
A03DA04,ciclonium and analgesics,siklonyum ve analjezikler,llm
A03DA05,camylofin and analgesics,kamilofin ve analjezikler,llm
A03DA06,trospium and analgesics,trospiyum ve analjezikler,llm
A03DA07,tiemonium iodide and analgesics,tiemonyum iyodür ve analjezikler,llm
A03DB04,butylscopolamine and analgesics,"hiyosin n-butil-bromür, parasetamol",titck
A03FA01,metoclopramide,metoclopramide,titck
A03FA02,cisapride,sisaprid,titck
A03FA03,domperidone,domperidon,titck
A03FA04,bromopride,bromoprid,llm
A03FA05,alizapride,alizaprid,llm
A03FA06,clebopride,kleboprid,llm
A03FA07,itopride,itoprid hcl,titck
A03FA08,cinitapride,sinitaprid,llm
A03FA09,mosapride,mosaprid,llm
A03FA10,acotiamide,akotiamid,llm
A04AA01,ondansetron,ondansetron,titck
A04AA02,granisetron,granisetron hidroklorür,titck
A04AA03,tropisetron,tropisetron,titck
A04AA04,dolasetron,dolasetron,llm
A04AA05,palonosetron,palonosetron hidroklorür,titck
A04AA55,"palonosetron, combinations","palonosetron, kombinasyonlar",llm
A04AD01,scopolamine,skopolamin,llm
A04AD02,cerium oxalate,seryum oksalat,llm
A04AD04,chlorobutanol,klorobutanol,llm
A04AD05,metopimazine,metopimazin,llm
A04AD10,dronabinol,dronabinol,llm
A04AD11,nabilone,nabilon,llm
A04AD12,aprepitant,fosaprepitant dimeglumin,titck
A04AD13,casopitant,kazopitant,llm
A04AD14,rolapitant,rolapitant,llm
A04AD51,"scopolamine, combinations","skopolamin, kombinasyonlar",llm
A04AD54,"chlorobutanol, combinations","klorobutanol, kombinasyonlar",llm
A05AA01,chenodeoxycholic acid,kenodeoksikolik asit,titck
A05AA02,ursodeoxycholic acid,ursodeoksikolik asit,titck
A05AA03,cholic acid,kolik asit,llm
A05AA04,obeticholic acid,obetikolik asit,llm
A05AA05,ursodoxicoltaurine,ursodoksikoltaurin,llm
A05AA06,norucholic acid,norukolik asit,llm
A05AB01,nicotinyl methylamide,nikotinil metilamid,llm
A05AX01,piprozolin,piprozolin,llm
A05AX02,hymecromone,hymecromone,titck
A05AX03,cyclobutyrol,siklobutirol,llm
A05AX04,maralixibat chloride,maraliksibat klorür,llm
A05AX05,odevixibat,odeviksibat,llm
A05AX06,elafibranor,elafibranor,llm
A05AX07,seladelpar,seladelpar,llm
A05AX08,linerixibat,linerixibat,llm
A05BA01,arginine glutamate,arjinin glutamat,llm
A05BA03,silymarin,silimarin,llm
A05BA04,citiolone,sitiolon,llm
A05BA05,epomediol,epomediol,llm
A05BA06,ornithine oxoglurate,ornitin oksoglurat,llm
A05BA07,tidiacic arginine,tidiasik arjinin,llm
A05BA08,glycyrrhizic acid,glisirizik asit,llm
A05BA09,metadoxine,metadoksin,llm
A05BA10,phospholipids,fosfolipidler,llm
A05BA11,resmetirom,resmetirom,llm
A06AA01,liquid paraffin,vazelin likid,titck
A06AA02,docusate sodium,dokuzat sodyum,llm
A06AA51,"liquid paraffin, combinations","likit parafin, kombinasyonlar",llm
A06AB01,oxyphenisatine,oksifenizatin,llm
A06AB02,bisacodyl,bisakodil,titck
A06AB03,dantron,dantron,llm
A06AB04,phenolphthalein,phenolphthalein,titck
A06AB05,castor oil,castor oil,titck
A06AB06,senna glycosides,sennosid a+b kalsiyum,titck
A06AB07,cascara,kaskara,llm
A06AB08,sodium picosulfate,sodyum pikosülfat monohidrat,titck
A06AB09,bisoxatin,bisoksatin,llm
A06AB20,contact laxatives in combination,bisakodil ve sennosid,titck
A06AB30,contact laxatives in combination with belladonna alkaloids,belladon alkaloidleri ile kombinasyonda temas laksatifleri,llm
A06AB52,"bisacodyl, combinations","bisakodil, kombinasyonlar",llm
A06AB53,"dantron, combinations","dantron, kombinasyonlar",llm
A06AB56,"senna glycosides, combinations","senna glikozidleri, kombinasyonlar",llm
A06AB57,"cascara, combinations","kaskara, kombinasyonlar",llm
A06AB58,"sodium picosulfate, combinations",sodyum pikosülfat + hafif magnezyum oksit + susuz sitrik asit,titck
A06AC01,ispaghula (psylla seeds),ispaghula husk,titck
A06AC02,ethulose,etuloz,llm
A06AC03,sterculia,sterkulya,llm
A06AC05,linseed,keten tohumu,llm
A06AC06,methylcellulose,metilselüloz,llm
A06AC07,triticum (wheat fibre),triticum (buğday lifi),llm
A06AC08,polycarbophil calcium,polikarbofil kalsiyum,llm
A06AC51,"ispaghula, combinations","ispagula, kombinasyonlar",llm
A06AC53,"sterculia, combinations","sterkulya, kombinasyonlar",llm
A06AC55,"linseed, combinations","keten tohumu, kombinasyonlar",llm
A06AD01,magnesium carbonate,magnezyum karbonat,llm
A06AD02,magnesium oxide,magnezyum oksit,llm
A06AD03,magnesium peroxide,magnezyum peroksit,llm
A06AD04,magnesium sulfate,magnezyum sülfat,llm
A06AD10,mineral salts in combination,"sodyum dihidrojen fosfat monohidrat, di-sodyum hidrojen fosfat heptahidrat",titck
A06AD11,lactulose,laktüloz,titck
A06AD12,lactitol,laktitol,llm
A06AD13,sodium sulfate,sodyum sülfat,llm
A06AD14,pentaerithrityl,pentaeritritil,llm
A06AD15,macrogol,makrogol 4000,titck
A06AD16,mannitol,mannitol,llm
A06AD17,sodium phosphate,"monobazik sodyum fosfat monohidrat, dibazik sodyum fosfat heptahidrat",titck
A06AD18,sorbitol,sorbitol,llm
A06AD19,magnesium citrate,magnezyum sitrat,llm
A06AD21,sodium tartrate,"sodyum bikarbonat, tartarik asit",titck
A06AD61,"lactulose, combinations","laktüloz, kombinasyonlar",llm
A06AD65,"macrogol, combinations","makrogol 3350, sodyum klorür, sodyum bikarbonat, potasyum klorür",titck
A06AG01,sodium phosphate,"monobazik sodyum fosfat monohidrat, dibazik sodyum fosfat heptahidrat",titck
A06AG02,bisacodyl,bisakodil,titck
A06AG03,"dantron, incl. combinations","dantron, kombinasyonlar dahil",llm
A06AG04,glycerol,gliserol,llm
A06AG06,oil,yağ,llm
A06AG07,sorbitol,sorbitol,llm
A06AG10,"docusate sodium, incl. combinations","dokuzat sodyum, kombinasyonlar dahil",llm
A06AG11,"sodium lauryl sulfoacetate, incl. combinations","sodyum lauril sülfoasetat, kombinasyonlar dahil",llm
A06AG20,combinations,combinations,titck
A06AH01,methylnaltrexone bromide,metilnaltrekson bromür,llm
A06AH02,alvimopan,alvimopan,llm
A06AH03,naloxegol,naloksegol,llm
A06AH04,naloxone,nalokson,llm
A06AH05,naldemedine,naldemedin,llm
A06AX01,glycerol,glycerol,titck
A06AX02,carbon dioxide producing drugs,karbondioksit üreten ilaçlar,llm
A06AX03,lubiprostone,lubiproston,llm
A06AX04,linaclotide,linaklotid,llm
A06AX05,prucalopride,prukaloprid,llm
A06AX06,tegaserod,tegaserod,llm
A06AX07,plecanatide,plekanatid,llm
A06AX08,tenapanor,tenapanor,llm
A06AX09,elobixibat,elobiksibat,llm
A07AA01,neomycin,neomisin,llm
A07AA02,nystatin,nistadin,titck
A07AA03,natamycin,natamisin,llm
A07AA04,streptomycin,streptomisin,llm
A07AA05,polymyxin B,polimiksin b,llm
A07AA06,paromomycin,paromomisin,llm
A07AA07,amphotericin B,amfoterisin b,llm
A07AA08,kanamycin,kanamisin,llm
A07AA09,vancomycin,vankomisin,llm
A07AA10,colistin,kolistin,llm
A07AA11,rifaximin,rifaksimin,titck
A07AA12,fidaxomicin,fidaksomisin,titck
A07AA13,rifamycin,rifamisin,llm
A07AA51,"neomycin, combinations","neomisin, kombinasyonlar",llm
A07AA54,"streptomycin, combinations","streptomisin, kombinasyonlar",llm
A07AB02,phthalylsulfathiazole,ftalilsülfatiazol,llm
A07AB03,sulfaguanidine,sülfaguanidin,llm
A07AB04,succinylsulfathiazole,süksinilsülfatiazol,llm
A07AC01,miconazole,mikonazol,llm
A07AX01,broxyquinoline,broksikinolin,llm
A07AX02,acetarsol,asetarsol,llm
A07AX03,nifuroxazide,nifuroxazide,titck
A07AX04,nifurzide,nifurzid,llm
A07BA01,medicinal charcoal,aktif kömür,titck
A07BA51,"medicinal charcoal, combinations","aktif karbon, kükürt, fenolftalein, senne (sinameki) ekstresi, rubarb (ışgın) ekstresi",titck
A07BC01,pectin,pektin,llm
A07BC02,kaolin,kaolin,llm
A07BC03,crospovidone,krospovidon,llm
A07BC04,attapulgite,aktive attapuljit,titck
A07BC05,diosmectite,diosmektit,llm
A07BC30,combinations,kombinasyonlar,llm
A07BC54,"attapulgite, combinations","attapulgite, combinations",titck
A07DA01,diphenoxylate,difenoksilat hidroklorid + atropin sülfat,titck
A07DA02,opium,afyon,llm
A07DA03,loperamide,loperamid,titck
A07DA04,difenoxin,difenoksin,llm
A07DA05,loperamide oxide,loperamid oksit,llm
A07DA06,eluxadoline,eluksadolin,llm
A07DA52,"morphine, combinations","morfin, kombinasyonlar",llm
A07DA53,"loperamide, combinations","loperamid, kombinasyonlar",llm
A07EA01,prednisolone,prednizolon,llm
A07EA02,hydrocortisone,hidrokortizon,llm
A07EA03,prednisone,prednizon,llm
A07EA04,betamethasone,betametazon,llm
A07EA05,tixocortol,tiksokortol,llm
A07EA06,budesonide,budesonid,titck
A07EA07,beclometasone,beklometazon,llm
A07EB01,cromoglicic acid,kromoglisik asit,llm
A07EC01,sulfasalazine,sülfasalazin,titck
A07EC02,mesalazine,mesalazin,titck
A07EC03,olsalazine,olsalazin,llm
A07EC04,balsalazide,balsalazid,llm
A07FA01,lactic acid producing organisms,lactic acid producing organisms,titck
A07FA02,saccharomyces boulardii,saccharomyces boulardii,titck
A07FA03,escherichia coli,escherichia coli,llm
A07FA51,"lactic acid producing organisms, combinations",bifidobacterium breve+bifidobacterium infantis+lactobailus asidofilus+çinko sülfat heptahidrat0,titck
A07XA01,albumin tannate,albumin tannat,llm
A07XA02,ceratonia,seratonia,llm
A07XA03,calcium compounds,kalsiyum bileşikleri,llm
A07XA04,racecadotril,rasekadotril,titck
A07XA06,crofelemer,krofelemer,llm
A07XA51,"albumin tannate, combinations","albumin tannat, kombinasyonlar",llm
A08AA01,phentermine,fentermin,llm
A08AA02,fenfluramine,fenfluramin,llm
A08AA03,amfepramone,amfepramon,llm
A08AA04,dexfenfluramine,deksfenfluramin,llm
A08AA05,mazindol,mazindol,llm
A08AA06,etilamfetamine,etilamfetamin,llm
A08AA07,cathine,katin,llm
A08AA08,clobenzorex,klobenzoreks,llm
A08AA09,mefenorex,mefenoreks,llm
A08AA10,sibutramine,sibutramin,llm
A08AA11,lorcaserin,lorkaserin,llm
A08AA12,setmelanotide,setmelanotid,llm
A08AA51,phentermine and topiramate,fentermin ve topiramat,llm
A08AA56,"ephedrine, combinations","efedrin, kombinasyonlar",llm
A08AA62,bupropion and naltrexone,bupropion ve naltrekson,llm
A08AB01,orlistat,orlistat,titck
A08AX01,rimonabant,rimonabant,llm
A09AA01,diastase,diastaz,llm
A09AA02,"multienzymes (lipase, protease etc.)",pankreatin,titck
A09AA03,pepsin,pepsin,llm
A09AA04,tilactase,tilaktaz,titck
A09AB01,glutamic acid hydrochloride,glutamik asit hidroklorür,llm
A09AB02,betaine hydrochloride,betain hidroklorür,llm
A09AB03,hydrochloric acid,hidroklorik asit,llm
A09AB04,citric acid,sitrik asit,llm
A09AC01,pepsin and acid preparations,"mide mukoza tozu, glutamik asit hcl",titck
A09AC02,multienzymes and acid preparations,multienzimler ve asit preparatları,llm
A10AB01,insulin (human),insulin (human),titck
A10AB02,insulin (beef),insülin (sığır),llm
A10AB03,insulin (pork),insülin (domuz),llm
A10AB04,insulin lispro,insulin lispro,titck
A10AB05,insulin aspart,insülin aspart,titck
A10AB06,insulin glulisine,insulin glulisin,titck
A10AB30,combinations,kombinasyonlar,llm
A10AC01,insulin (human),insulin (human),titck
A10AC02,insulin (beef),insülin (sığır),llm
A10AC03,insulin (pork),insülin (domuz),llm
A10AC04,insulin lispro,insülin lispro,llm
A10AC30,combinations,kombinasyonlar,llm
A10AD01,insulin (human),insulin (human),titck
A10AD02,insulin (beef),insülin (sığır),llm
A10AD03,insulin (pork),insülin (domuz),llm
A10AD04,insulin lispro,"% 25 insülin lispro, % 75 insülin lispro protamin",titck
A10AD05,insulin aspart,insulin aspart,titck
A10AD06,insulin degludec and insulin aspart,"insulin degludek, insulin aspart",titck
A10AD30,combinations,bifazik izofan biyosentetik insan insülini,titck
A10AE01,insulin (human),insülin (insan),llm
A10AE02,insulin (beef),insülin (sığır),llm
A10AE03,insulin (pork),insülin (domuz),llm
A10AE04,insulin glargine,insülin glarjin,titck
A10AE05,insulin detemir,insulin detemir,titck
A10AE06,insulin degludec,insulin degludek,titck
A10AE07,insulin icodec,insülin ikodek,llm
A10AE30,combinations,kombinasyonlar,llm
A10AE54,insulin glargine and lixisenatide,insülin glarjin/liksisenatid,titck
A10AE56,insulin degludec and liraglutide,"liraglutid, insülin degludek",titck
A10AE57,insulin icodec and semaglutide,insülin ikodek ve semaglutid,llm
A10AF01,insulin (human),insülin (insan),llm
A10BA01,phenformin,fenformin,llm
A10BA02,metformin,metformin hidroklorür,titck
A10BA03,buformin,buformin,llm
A10BB01,glibenclamide,glibenklamid,titck
A10BB02,chlorpropamide,klorpropamid,titck
A10BB03,tolbutamide,tolbutamid,llm
A10BB04,glibornuride,glibornurid,titck
A10BB05,tolazamide,tolazamid,llm
A10BB06,carbutamide,karbutamid,llm
A10BB07,glipizide,glipizid,titck
A10BB08,gliquidone,glikuidon,llm
A10BB09,gliclazide,gliklazid,titck
A10BB10,metahexamide,metaheksamid,llm
A10BB11,glisoxepide,glisoksepid,llm
A10BB12,glimepiride,glimepirid,titck
A10BB31,acetohexamide,asetoheksamid,llm
A10BC01,glymidine,glimidin,llm
A10BD01,phenformin and sulfonylureas,fenformin ve sülfonilüreler,llm
A10BD02,metformin and sulfonylureas,"metformin hcl, glibenklamid",titck
A10BD03,metformin and rosiglitazone,metformin ve rosiglitazon,llm
A10BD04,glimepiride and rosiglitazone,glimepirid ve rosiglitazon,llm
A10BD05,metformin and pioglitazone,"pioglitazon hidroklorür, metformin hidroklorür",titck
A10BD06,glimepiride and pioglitazone,glimepirid ve pioglitazon,llm
A10BD07,metformin and sitagliptin,"metformin hidroklorür, sitagliptin",titck
A10BD08,metformin and vildagliptin,"vildagliptin, metformin hidroklorür",titck
A10BD09,pioglitazone and alogliptin,pioglitazon ve alogliptin,llm
A10BD10,metformin and saxagliptin,metformin ve saksagliptin,llm
A10BD11,metformin and linagliptin,"linagliptin, metformin hidroklorür",titck
A10BD12,pioglitazone and sitagliptin,pioglitazon ve sitagliptin,llm
A10BD13,metformin and alogliptin,metformin ve alogliptin,llm
A10BD14,metformin and repaglinide,repaglinid ve metformin hcl,titck
A10BD15,metformin and dapagliflozin,"dapagliflozin, metformin hidroklorür",titck
A10BD16,metformin and canagliflozin,metformin ve kanagliflozin,llm
A10BD17,metformin and acarbose,metformin ve akarboz,llm
A10BD18,metformin and gemigliptin,metformin ve gemigliptin,llm
A10BD19,linagliptin and empagliflozin,empagliflozin [vandf]+linagliptin [vandf],titck
A10BD20,metformin and empagliflozin,"empagliflozin, metformin hidroklorür",titck
A10BD21,saxagliptin and dapagliflozin,"saksagliptin hidroklorür, dapagliflozin propandiol monohidrat",titck
A10BD22,metformin and evogliptin,metformin ve evogliptin,llm
A10BD23,metformin and ertugliflozin,metformin ve ertugliflozin,llm
A10BD24,sitagliptin and ertugliflozin,sitagliptin ve ertugliflozin,llm
A10BD25,"metformin, saxagliptin and dapagliflozin","metformin, saksagliptin ve dapagliflozin",llm
A10BD26,metformin and lobeglitazone,metformin ve lobeglitazon,llm
A10BD27,"metformin, linagliptin and empagliflozin","metformin, linagliptin ve empagliflozin",llm
A10BD28,metformin and teneligliptin,metformin ve teneligliptin,llm
A10BD29,sitagliptin and dapagliflozin,sitagliptin ve dapagliflozin,llm
A10BD30,gemigliptin and dapagliflozin,gemigliptin ve dapagliflozin,llm
A10BD31,"metformin, sitagliptin and dapagliflozin","metformin, sitagliptin ve dapagliflozin",llm
A10BD32,glimepiride and dapagliflozin,glimepirid ve dapagliflozin,llm
A10BD33,pioglitazone and dapagliflozin,pioglitazon ve dapagliflozin,llm
A10BD34,metformin and enavogliflozin,metformin ve enavogliflozin,llm
A10BF01,acarbose,akarboz,titck
A10BF02,miglitol,miglitol,titck
A10BF03,voglibose,vogliboz,titck
A10BG01,troglitazone,troglitazon,llm
A10BG02,rosiglitazone,rosiglitazon,llm
A10BG03,pioglitazone,pioglitazon hcl,titck
A10BG04,lobeglitazone,lobeglitazon,llm
A10BH01,sitagliptin,sitagliptin hidroklorür monohidrat,titck
A10BH02,vildagliptin,vildagliptin,titck
A10BH03,saxagliptin,saksagliptin hcl,titck
A10BH04,alogliptin,aloglipin benzoat,titck
A10BH05,linagliptin,linagliptin,titck
A10BH06,gemigliptin,gemigliptin,llm
A10BH07,evogliptin,evogliptin,llm
A10BH08,teneligliptin,teneligliptin,llm
A10BH51,sitagliptin and simvastatin,sitagliptin ve simvastatin,llm
A10BH52,gemigliptin and rosuvastatin,gemigliptin ve rosuvastatin,llm
A10BJ01,exenatide,eksenatid,titck
A10BJ02,liraglutide,liraglutide,titck
A10BJ03,lixisenatide,liksisenatid,titck
A10BJ04,albiglutide,albiglutid,llm
A10BJ05,dulaglutide,dulaglutide,titck
A10BJ06,semaglutide,semaglutid,titck
A10BJ07,beinaglutide,beinaglutid,llm
A10BK01,dapagliflozin,dapagliflozin,titck
A10BK02,canagliflozin,kanagliflozin,llm
A10BK03,empagliflozin,empagliflozin,titck
A10BK04,ertugliflozin,ertugliflozin,llm
A10BK05,ipragliflozin,ipragliflozin,llm
A10BK06,sotagliflozin,sotagliflozin,llm
A10BK07,luseogliflozin,luseogliflozin,llm
A10BK08,bexagliflozin,beksagliflozin,llm
A10BK09,enavogliflozin,enavogliflozin,llm
A10BX01,guar gum,guar gam,llm
A10BX02,repaglinide,repaglinid,titck
A10BX03,nateglinide,nateglinid,titck
A10BX05,pramlintide,pramlintid,llm
A10BX06,benfluorex,benfluoreks,llm
A10BX08,mitiglinide,mitiglinid,llm
A10BX15,imeglimin,imeglimin,llm
A10BX16,tirzepatide,tirzepatid,titck
A10BX17,carfloglitazar,karfloglitazar,llm
A10BX18,dorzagliatin,dorzagliyatin,llm
A10XA01,tolrestat,tolrestat,llm
A10XX01,teplizumab,teplizumab,llm
A10XX02,donislecel,donislesel,llm
A11AA01,multivitamins and iron,multivitaminler ve demir,llm
A11AA02,multivitamins and calcium,multivitaminler ve kalsiyum,llm
A11AA03,"multivitamins and other minerals, incl. combinations",multivitamin kompleksi,titck
A11AA04,multivitamins and trace elements,multivitamins and trace elements,titck
A11CA01,retinol (vit A),a vitamini (retinol asetat),titck
A11CA02,betacarotene,betacarotene,titck
A11CC01,ergocalciferol,kalsiferol,titck
A11CC02,dihydrotachysterol,dihidrotakisterol,llm
A11CC03,alfacalcidol,alfacalcidol,titck
A11CC04,calcitriol,kalsitriol,titck
A11CC05,colecalciferol,kolekalsiferol (vitamin d3),titck
A11CC06,calcifediol,kalsifediol,llm
A11CC20,combinations,kombinasyonlar,llm
A11CC55,"colecalciferol, combinations","kolekalsiferol, kombinasyonlar",llm
A11DA01,thiamine (vit B1),tiamin hcl (vitamin b1),titck
A11DA02,sulbutiamine,sulbutiamine,titck
A11DA03,benfotiamine,benfotiamin,titck
A11GA01,ascorbic acid (vit C),askorbik asit (vit c),titck
A11GB01,ascorbic acid (vit C) and calcium,askorbik asit (vit c) ve kalsiyum,llm
A11HA01,nicotinamide,nikotinamid,llm
A11HA02,pyridoxine (vit B6),b6 vitamini,titck
A11HA03,tocopherol (vit E),d-alfa-tokoferol,titck
A11HA04,riboflavin (vit B2),riboflavin (vit b2),llm
A11HA05,biotin,biotin,titck
A11HA06,pyridoxal phosphate,piridoksal fosfat,llm
A11HA07,inositol,inositol,llm
A11HA08,tocofersolan,tokofersolan,llm
A11HA30,dexpanthenol,dekspantenol,titck
A11HA31,calcium pantothenate,kalsiyum pantotenat,llm
A11HA32,pantethine,pantetin,llm
A12AA01,calcium phosphate,kalsiyum fosfat,llm
A12AA02,calcium glubionate,calcium glubionate,titck
A12AA03,calcium gluconate,kalsiyum glukonat,llm
A12AA04,calcium carbonate,kalsiyum karbonat,titck
A12AA05,calcium lactate,kalsiyum laktat,llm
A12AA06,calcium lactate gluconate,kalsiyum laktat glukonat,llm
A12AA07,calcium chloride,kalsiyum klorür,llm
A12AA08,calcium glycerylphosphate,kalsiyum gliserilfosfat,llm
A12AA09,calcium citrate lysine complex,kalsiyum sitrat lizin kompleksi,llm
A12AA10,calcium glucoheptonate,kalsiyum glukoheptonat,llm
A12AA11,calcium pangamate,kalsiyum pangamat,llm
A12AA13,calcium citrate,kalsiyum sitrat,llm
A12AA20,calcium (different salts in combination),calcium (different salts in combination),titck
A12AA30,calcium laevulate,kalsiyum levulat,llm
A12BA01,potassium chloride,potasyum klorür,llm
A12BA02,potassium citrate,potassium citrate,titck
A12BA03,potassium hydrogentartrate,potasyum hidrojentartrat,llm
A12BA04,potassium hydrogencarbonate,potasyum hidrojenkarbonat,llm
A12BA05,potassium gluconate,potasyum glukonat,llm
A12BA30,potassium (different salts in combination),potasyum sitrat monohidrat ve potasyum hidrojen karbonat,titck
A12BA51,"potassium, combinations","potassium chloride, amonyum klorur, glutanik asit, magnezyum",titck
A12CA01,sodium chloride,sodyum klorür,llm
A12CA02,sodium sulfate,sodyum sülfat,llm
A12CB01,zinc sulfate,çinko sülfat heptahidrat,titck
A12CB02,zinc gluconate,çinko glukonat,llm
A12CB03,zinc protein complex,çinko protein kompleksi,llm
A12CB04,zinc orotate,çinko orotat,llm
A12CC01,magnesium chloride,magnezyum klorür,llm
A12CC02,magnesium sulfate,magnezyum sülfat heptahidrat,titck
A12CC03,magnesium gluconate,magnezyum glukonat,llm
A12CC04,magnesium citrate,magnezyum sitrat anhidrit,titck
A12CC05,magnesium aspartate,magnezyum aspartat dihidrat,titck
A12CC06,magnesium lactate,magnezyum laktat,llm
A12CC07,magnesium levulinate,magnezyum levulinat,llm
A12CC08,magnesium pidolate,magnezyum pidolat,llm
A12CC09,magnesium orotate,magnezyum orotat,llm
A12CC10,magnesium oxide,magnezyum oksit,titck
A12CC30,magnesium (different salts in combination),magnezyum karbonat+magnezyum oksit,titck
A12CD01,sodium fluoride,sodyum florür,llm
A12CD02,sodium monofluorophosphate,sodyum monoflorofosfat,llm
A12CD51,"fluoride, combinations","florür, kombinasyonlar",llm
A12CE01,sodium selenate,sodyum selenat,llm
A12CE02,sodium selenite,sodyum selenit,llm
A14AA01,androstanolone,androstanolon,llm
A14AA02,stanozolol,stanozolol,llm
A14AA03,metandienone,metandrostenolon,titck
A14AA04,metenolone,metenolon enantat,titck
A14AA05,oxymetholone,oksimetolon,titck
A14AA06,quinbolone,kinbolon,llm
A14AA07,prasterone,prasteron,llm
A14AA08,oxandrolone,oksandrolon,llm
A14AA09,norethandrolone,noretandrolon,llm
A14AB01,nandrolone,nandrolondekanoat,titck
A14AB02,ethylestrenol,etilestrenol,llm
A14AB03,oxabolone cipionate,oksabolon sipionat,llm
A16AA01,levocarnitine,levokarnitin,titck
A16AA02,ademetionine,ademetiyonin,llm
A16AA03,glutamine,glutamine,titck
A16AA04,mercaptamine,merkaptamin,llm
A16AA05,carglumic acid,karglumik asit,titck
A16AA06,betaine,betain,titck
A16AA07,metreleptin,metreleptin,llm
A16AB01,alglucerase,alglukeraz,llm
A16AB02,imiglucerase,imigluseraz,titck
A16AB03,agalsidase alfa,agalsidase alfa,titck
A16AB04,agalsidase beta,agalsidaz beta,titck
A16AB05,laronidase,laronidaz,titck
A16AB06,sacrosidase,sakrosidaz,llm
A16AB07,alglucosidase alfa,alglukosidaz alfa,titck
A16AB08,galsulfase,galsülfaz,titck
A16AB09,idursulfase,idursulfaz,titck
A16AB10,velaglucerase alfa,velagluseraz alfa,titck
A16AB11,taliglucerase alfa,taligluseraz alfa,titck
A16AB12,elosulfase alfa,elosulfaz alfa,llm
A16AB13,asfotase alfa,asfotase alfa,titck
A16AB14,sebelipase alfa,sebelipaz alfa,titck
A16AB15,velmanase alfa,velmanaz alfa,llm
A16AB16,idursulfase beta,idursulfaz beta,llm
A16AB17,cerliponase alfa,serliponaz alfa,llm
A16AB18,vestronidase alfa,vestronidaz alfa,titck
A16AB19,pegvaliase,pegvalyaz,llm
A16AB20,pegunigalsidase alfa,pegunigalsidaz alfa,llm
A16AB21,atidarsagene autotemcel,atidarsajen ototemsel,llm
A16AB22,avalglucosidase alfa,avalglukozidaz alfa,titck
A16AB23,cipaglucosidase alfa,sipaglukosidaz alfa,llm
A16AB24,pegzilarginase,pegzilarjinaz,llm
A16AB25,olipudase alfa,olipudaz alfa,titck
A16AB26,eladocagene exuparvovec,eladokajen eksuparvovek,llm
A16AB27,pabinafusp alfa,pabinafusp alfa,llm
A16AB28,verenafusp alfa,verenafusp alfa,llm
A16AB29,rebisufligene etisparvovec,rebisufligen etisparvovek,llm
A16AX01,thioctic acid,alfa lipoik asit (tioktik asit),titck
A16AX02,anethole trithione,anetol tritiyon,llm
A16AX03,sodium phenylbutyrate,sodyum fenilbütirat,titck
A16AX04,nitisinone,nitisinon,titck
A16AX05,zinc acetate,çinko asetat,llm
A16AX06,miglustat,miglustat,titck
A16AX07,sapropterin,sapropterin dihidroklorür,titck
A16AX08,teduglutide,teduglutid,llm
A16AX09,glycerol phenylbutyrate,gliserol fenilbütirat,llm
A16AX10,eliglustat,eliglustat tartarat,titck
A16AX11,sodium benzoate,sodyum benzoat,llm
A16AX12,trientine,trientin hidroklorür,titck
A16AX13,uridine triacetate,uridin triasetat,llm
A16AX14,migalastat,migalastat hidroklorür,titck
A16AX15,telotristat,telotristat,llm
A16AX16,givosiran,givosiran,llm
A16AX17,triheptanoin,triheptanoin,llm
A16AX18,lumasiran,lumasiran,llm
A16AX19,fosdenopterin,fosdenopterin,llm
A16AX20,lonafarnib,lonafarnib,llm
A16AX21,elivaldogene autotemcel,elivaldojen ototemsel,llm
A16AX22,tiomolibdic acid,tiomolibdik asit,llm
A16AX23,leriglitazone,leriglitazon,llm
A16AX24,govorestat,govorestat,llm
A16AX25,nedosiran,nedosiran,llm
A16AX26,glepaglutide,glepaglutid,llm
A16AX27,apraglutide,apraglutid,llm
A16AX28,sepiapterin,sepiapterin,llm
A16AX29,doxecitine and doxribtimine,doksesitin ve doksribtimin,llm
A16AX30,sodium benzoate and sodium phenylacetate,sodyum benzoat ve sodyum fenilasetat,llm
B01AA01,dicoumarol,dikumarol,llm
B01AA02,phenindione,fenindion,llm
B01AA03,warfarin,varfarin sodyum,titck
B01AA04,phenprocoumon,fenprokumon,llm
B01AA07,acenocoumarol,asenokumarol,llm
B01AA08,ethyl biscoumacetate,etil biskumasetat,llm
B01AA09,clorindione,klorindion,llm
B01AA10,diphenadione,difenadion,llm
B01AA11,tioclomarol,tioklomarol,llm
B01AA12,fluindione,fluindion,llm
B01AB01,heparin,heparin sodyum,titck
B01AB02,antithrombin III,antithrombin iii,titck
B01AB04,dalteparin,dalteparin,llm
B01AB05,enoxaparin,enoksaparin sodyum,titck
B01AB06,nadroparin,nadroparin,llm
B01AB07,parnaparin,parnaparin,llm
B01AB08,reviparin,reviparin,llm
B01AB09,danaparoid,danaparoid,llm
B01AB10,tinzaparin,tinzaparin,llm
B01AB11,sulodexide,sulodexide,titck
B01AB12,bemiparin,bemiparin sodyum,titck
B01AB51,"heparin, combinations","heparin, kombinasyonlar",llm
B01AC01,ditazole,ditazol,llm
B01AC02,cloricromen,klorikromen,llm
B01AC03,picotamide,pikotamid,llm
B01AC04,clopidogrel,klopidogrel bisülfat,titck
B01AC05,ticlopidine,tiklopidin hidroklorür,titck
B01AC06,acetylsalicylic acid,asetilsalisilik asit,titck
B01AC07,dipyridamole,dipiridamol,titck
B01AC08,carbasalate calcium,karbasalat kalsiyum,llm
B01AC09,epoprostenol,epoprostenol sodyum,titck
B01AC10,indobufen,indobufen,llm
B01AC11,iloprost,iloprost,titck
B01AC13,abciximab,absiksimab,titck
B01AC15,aloxiprin,aloksiprin,llm
B01AC16,eptifibatide,eptifibatid,titck
B01AC17,tirofiban,tirofiban baz,titck
B01AC18,triflusal,triflusal,llm
B01AC19,beraprost,beraprost,llm
B01AC21,treprostinil,treprostinil sodyum,titck
B01AC22,prasugrel,prasugrel,titck
B01AC23,cilostazol,cilostazol,titck
B01AC24,ticagrelor,tikagrelor,titck
B01AC25,cangrelor,kangrelor tetrasodyum,titck
B01AC26,vorapaxar,vorapaksar,llm
B01AC27,selexipag,seleksipag,titck
B01AC28,limaprost,limaprost,llm
B01AC30,combinations,"klopidogrel, asetil salisilik asit",titck
B01AC56,"acetylsalicylic acid, combinations with proton pump inhibitors","asetilsalisilik asit, proton pompası inhibitörleri ile kombinasyonlar",llm
B01AD01,streptokinase,streptokinaz,llm
B01AD02,alteplase,alteplaz,titck
B01AD03,anistreplase,anistreplaz,llm
B01AD04,urokinase,ürokinaz,llm
B01AD05,fibrinolysin,fibrinolizin,llm
B01AD06,brinase,brinaz,llm
B01AD07,reteplase,reteplase,titck
B01AD08,saruplase,saruplaz,llm
B01AD09,ancrod,ankrod,llm
B01AD10,drotrecogin alfa (activated),drotrekogin alfa (aktive),llm
B01AD11,tenecteplase,tenecteplase,titck
B01AD12,protein C,insan protein c,titck
B01AD13,apadamtase alfa and cinaxadamtase alfa,apadamtaz alfa ve sinaksadamtaz alfa,llm
B01AE01,desirudin,desirudin,llm
B01AE02,lepirudin,lepirudin,llm
B01AE03,argatroban,argatroban monohidrat,titck
B01AE04,melagatran,melagatran,llm
B01AE05,ximelagatran,ksimelagatran,llm
B01AE06,bivalirudin,bivalirudin,titck
B01AE07,dabigatran etexilate,dabigatran etexilate,titck
B01AF01,rivaroxaban,rivaroksaban,titck
B01AF02,apixaban,apiksaban,titck
B01AF03,edoxaban,edoksaban tosilat,titck
B01AF04,betrixaban,betriksaban,llm
B01AF51,rivaroxaban and acetylsalicylic acid,rivaroksaban ve asetilsalisilik asit,llm
B01AX01,defibrotide,defibrotid,llm
B01AX04,dermatan sulfate,dermatan sülfat,llm
B01AX05,fondaparinux,fondaparinuks sodyum,titck
B01AX07,caplacizumab,caplacizumab,titck
B02AA01,aminocaproic acid,aminokaproik asit,llm
B02AA02,tranexamic acid,traneksamik asit,titck
B02AA03,aminomethylbenzoic acid,aminometilbenzoik asit,llm
B02AB01,aprotinin,aprotinin,titck
B02AB02,alfa1 antitrypsin,i̇nsan alfa-1 proteinaz inhibitörü,titck
B02AB04,camostat,kamostat,llm
B02AB05,ulinastatin,ulinastatin,llm
B02BA01,phytomenadione,phytomenadione,titck
B02BA02,menadione,menadione,titck
B02BB01,"fibrinogen, human",i̇nsan fibrinojeni,titck
B02BC01,absorbable gelatin sponge,emilebilir jelatin sünger,llm
B02BC02,oxidized cellulose,okside selüloz,llm
B02BC03,tetragalacturonic acid hydroxymethylester,tetragalakturonik asit hidroksimetilester,llm
B02BC05,adrenalone,adrenalon,llm
B02BC06,thrombin,trombin,llm
B02BC07,collagen,kolajen,llm
B02BC08,calcium alginate,kalsiyum aljinat,llm
B02BC09,epinephrine,epinefrin,llm
B02BC30,combinations,"insan fibrinojeni, aprotinin, insan trombini, kalsiyum klorür dihidrat",titck
B02BD01,"coagulation factor IX, II, VII and X in combination","faktör ii, faktör vii, faktör ix, faktör x, protein-c ve protein-s",titck
B02BD02,coagulation factor VIII,efmoroktokog alfa,titck
B02BD03,factor VIII inhibitor bypassing activity,faktör viii inhibitör by-pass aktivitesine sahip insan plazma proteini,titck
B02BD04,coagulation factor IX,eftrenonakog alfa (rekombinant i̇nsan pıhtılaşma faktörü ix),titck
B02BD05,coagulation factor VII,koagülasyon faktörü vii,llm
B02BD06,von Willebrand factor and coagulation factor VIII in combination,insan koagülasyon faktörü viii ve von willebrand faktörü,titck
B02BD07,coagulation factor XIII,koagülasyon faktörü xiii,llm
B02BD08,coagulation factor VIIa,eptacog alfa aktifleştirilmiş,titck
B02BD10,von Willebrand factor,von willebrand faktörü,llm
B02BD11,catridecacog,katridekakog,llm
B02BD13,coagulation factor X,i̇nsan koagülasyon faktörü x,titck
B02BD14,susoctocog alfa,susoktokog alfa,llm
B02BD15,valoctocogene roxaparvovec,valoktokogen roksaparvovek,llm
B02BD16,etranacogene dezaparvovec,etranakogen dezaparvovek,llm
B02BD17,fidanacogene elaparvovec,fidanakogen elaparvovek,llm
B02BD18,arvenacogene sanparvovec,arvenakogen sanparvovek,llm
B02BD30,thrombin,trombin,llm
B02BX01,etamsylate,etamsilat,llm
B02BX02,carbazochrome,karbazokrom,llm
B02BX03,batroxobin,batroksobin,llm
B02BX04,romiplostim,romiplostim,titck
B02BX05,eltrombopag,eltrombopag olamin,titck
B02BX06,emicizumab,emicizumab,titck
B02BX07,lusutrombopag,lusutrombopag,llm
B02BX08,avatrombopag,avatrombopag,llm
B02BX09,fostamatinib,fostamatinib,llm
B02BX10,concizumab,konsizumab,llm
B02BX11,marstacimab,marstacimab,titck
B02BX12,fitusiran,fitusiran,llm
B03AA01,ferrous glycine sulfate,demir (ii) glisinsülfat kompleksi,titck
B03AA02,ferrous fumarate,fe²'ye ekivalen ferrum fumarat,titck
B03AA03,ferrous gluconate,ferröz glukonat,llm
B03AA04,ferrous carbonate,ferröz karbonat,llm
B03AA05,ferrous chloride,ferröz klorür,llm
B03AA06,ferrous succinate,ferröz süksinat,llm
B03AA07,ferrous sulfate,"demir ii sülfat, mukoproteaz",titck
B03AA08,ferrous tartrate,ferröz tartarat,llm
B03AA09,ferrous aspartate,ferröz aspartat,llm
B03AA10,ferrous ascorbate,ferröz askorbat,llm
B03AA11,ferrous iodine,ferröz iyodür,llm
B03AA12,ferrous sodium citrate,ferröz sodyum sitrat,llm
B03AB01,ferric sodium citrate,ferrik sodyum sitrat,llm
B03AB02,saccharated iron oxide,sakkarat demir oksit,llm
B03AB03,sodium feredetate,sodyum feredetat,llm
B03AB04,ferric hydroxide,ferrik hidroksit,llm
B03AB05,ferric oxide polymaltose complexes,demir iii hidroksit polimaltoz kompleksi,titck
B03AB07,chondroitin sulfate-iron complex,kondroitin sülfat-demir kompleksi,llm
B03AB08,ferric acetyl transferrin,ferrik asetil transferrin,llm
B03AB09,ferric proteinsuccinylate,demir protein süksinilat,titck
B03AB10,ferric maltol,ferrik maltol,llm
B03AD01,ferrous amino acid complex and folic acid,demir amino asit kompleksi ve folik asit,llm
B03AD02,ferrous fumarate and folic acid,"ferrofumarate, folik asit",titck
B03AD03,ferrous sulfate and folic acid,"demir ii sülfat, folik asit, mukoproteaz",titck
B03AD04,ferric oxide polymaltose complexes and folic acid,"demir iii hidroksi polimaltoz kompleksi, folik asit hidrat",titck
B03AD05,ferrous gluconate and folic acid,ferröz glukonat ve folik asit,llm
B03AE01,"iron, vitamin B12 and folic acid","demir(ii)-glisin, sülfatkompleksi, folik asit, b12 vitamin",titck
B03AE02,"iron, multivitamins and folic acid","tiamine mononitrate (vitamin b1), riboflavin (vitaminb2), nicotinamide (vitamin b3) , calcium pantothenate(vitamin b5), pyridoxine hydrochloride (vitamin b6), folicacid (vitamin b9), cyanocobalamin (vitamin b12),askorbik asit (vitamin c), ferrous fumarate",titck
B03AE03,iron and multivitamins,iron and multivitamins,titck
B03AE04,"iron, multivitamins and minerals","demir, multivitaminler ve mineraller",llm
B03AE10,various combinations,vitamins with minerals,titck
B03BA01,cyanocobalamin,siyanokobalamin,titck
B03BA02,cyanocobalamin tannin complex,cyanocobalamin tannin complex,titck
B03BA03,hydroxocobalamin,hidroksokobalamin,llm
B03BA04,cobamamide,cobamamide,titck
B03BA05,mecobalamin,mekobalamin,llm
B03BA51,"cyanocobalamin, combinations","folic acid, combinations",titck
B03BA53,"hydroxocobalamin, combinations",hidroksikobalamin/tiamin/piridoksin/lidokain,titck
B03BB01,folic acid,folik asit,titck
B03BB51,"folic acid, combinations","folic acid, combinations",titck
B03XA01,erythropoietin,epoetin zeta,titck
B03XA02,darbepoetin alfa,darbepoetin alfa,titck
B03XA03,methoxy polyethylene glycol-epoetin beta,metoksi polietilen glikol/epoetin beta,titck
B03XA04,peginesatide,peginesatid,llm
B03XA05,roxadustat,roksadustat,titck
B03XA06,luspatercept,luspatersept,titck
B03XA07,daprodustat,daprodustat,llm
B03XA08,vadadustat,vadadustat,llm
B03XA09,molidustat,molidustat,llm
B03XA10,efepoetin alfa,efepoetin alfa,llm
B05AA01,albumin,albumin,titck
B05AA02,other plasma protein fractions,diğer plazma protein fraksiyonları,llm
B05AA03,fluorocarbon blood substitutes,florokarbon kan ikameleri,llm
B05AA05,dextran,dekstran+sodyum klorür,titck
B05AA06,gelatin agents,gelatin agents,titck
B05AA07,hydroxyethylstarch,hydroxyethylstarch,titck
B05AA08,hemoglobin crosfumaril,hemoglobin krosfumaril,llm
B05AA09,hemoglobin raffimer,hemoglobin rafimer,llm
B05AA10,hemoglobin glutamer (bovine),hemoglobin glutamer (sığır),llm
B05AX01,erythrocytes,eritrositler,llm
B05AX02,thrombocytes,trombositler,llm
B05AX03,blood plasma,kan plazması,llm
B05AX04,stem cells from umbilical cord blood,göbek kordonu kanından kök hücreler,llm
B05BA01,amino acids,amino acids,titck
B05BA02,fat emulsions,fat emulsions,titck
B05BA03,carbohydrates,dekstroz monohidrat,titck
B05BA04,protein hydrolysates,protein hidrolizatları,llm
B05BA10,combinations,combinations,titck
B05BB01,electrolytes,electrolytes,titck
B05BB02,electrolytes with carbohydrates,"dekstroz monohidrat, sodyum klorür",titck
B05BB03,trometamol,trometamol,llm
B05BB04,electrolytes in combination with other drugs,diğer ilaçlarla kombinasyon halinde elektrolitler,llm
B05BC01,mannitol,mannitol,titck
B05BC02,carbamide,karbamid,llm
B05CA01,cetylpyridinium,setilpiridinyum,llm
B05CA02,chlorhexidine,klorheksidin,llm
B05CA03,nitrofural,nitrofural,llm
B05CA04,sulfamethizole,sülfametizol,llm
B05CA05,taurolidine,taurolidin,llm
B05CA06,mandelic acid,mandelik asit,llm
B05CA07,noxytiolin,noksitiolin,llm
B05CA08,ethacridine lactate,etakridin laktat,llm
B05CA09,neomycin,neomisin,llm
B05CA10,combinations,kombinasyonlar,llm
B05CB01,sodium chloride,sodyum klorür,titck
B05CB02,sodium citrate,sodyum sitrat,llm
B05CB03,magnesium citrate,magnezyum sitrat,llm
B05CB04,sodium bicarbonate,sodyum bikarbonat,llm
B05CB10,combinations,kombinasyonlar,llm
B05CX01,glucose,glikoz,llm
B05CX02,sorbitol,sorbitol,llm
B05CX03,glycine,glisin,titck
B05CX04,mannitol,mannitol,titck
B05CX10,combinations,kombinasyonlar,llm
B05XA01,potassium chloride,potasyum klorür,titck
B05XA02,sodium bicarbonate,sodyum bikarbonat,titck
B05XA03,sodium chloride,sodyum klorür,titck
B05XA04,ammonium chloride,amonyum klorür,llm
B05XA05,magnesium sulfate,magnezyum sülfat,llm
B05XA06,"potassium phosphate, incl. combinations with other potassium salts",dipotasyum fosfat/potasyum dihidrajen fosfat,titck
B05XA07,calcium chloride,kalsiyum klorür,llm
B05XA08,sodium acetate,sodyum asetat,llm
B05XA09,sodium phosphate,sodyum fosfat,llm
B05XA10,magnesium phosphate,magnezyum fosfat,llm
B05XA11,magnesium chloride,magnezyum klorür,llm
B05XA12,zinc chloride,çinko klorür,llm
B05XA13,hydrochloric acid,hidroklorik asit,llm
B05XA14,sodium glycerophosphate,sodium glycerophosphate,titck
B05XA15,potassium lactate,potasyum laktat,llm
B05XA16,cardioplegia solutions,kardiyopleji çözeltileri,llm
B05XA17,potassium acetate,potasyum asetat,llm
B05XA18,zinc sulfate,çinko sülfat,llm
B05XA19,calcium gluconate,kalsiyum glukonat,llm
B05XA20,sodium selenite,sodyum selenit,llm
B05XA30,combinations of electrolytes,"sodyum asetat trihidrat, sodyum klorür, potasyum klorür, sodyum sitrat dihidrat, kalsiyum klorür dihidrat, magnezyum klorür hekzahidrat",titck
B05XA31,electrolytes in combination with other drugs,diğer ilaçlarla kombine elektrolitler,titck
B05XB01,arginine hydrochloride,arjinin hidroklorür,llm
B05XB02,alanyl glutamine,alanyl glutamine,titck
B05XB03,lysine,lizin,llm
B05XX02,trometamol,trometamol,llm
B06AA02,fibrinolysin and desoxyribonuclease,fibrinolizin ve deoksiribonükleaz,llm
B06AA03,hyaluronidase,hiyalüronidaz,llm
B06AA04,chymotrypsin,kimotripsin,llm
B06AA07,trypsin,tripsin,llm
B06AA10,desoxyribonuclease,deoksiribonükleaz,llm
B06AA55,"streptokinase, combinations","streptokinaz, kombinasyonlar",llm
B06AB01,hemin,hemin,llm
B06AC01,"c1-inhibitor, plasma derived",c-1 esteraz inhibitörü,titck
B06AC02,icatibant,ikatibant asetat,titck
B06AC03,ecallantide,ekallantid,llm
B06AC04,conestat alfa,konestat alfa,titck
B06AC05,lanadelumab,lanadelumab,titck
B06AC06,berotralstat,berotralstat dihidroklorür,titck
B06AC07,garadacimab,garadasimab,llm
B06AC08,sebetralstat,sebetralstat,llm
B06AC09,donidalorsen,donidalorsen,llm
B06AX01,crizanlizumab,krizanlizumab,llm
B06AX02,betibeglogene autotemcel,betibeglojen ototemsel,llm
B06AX03,voxelotor,vokselotor,llm
B06AX04,mitapivat,mitapivat,llm
B06AX05,exagamglogene autotemcel,eksagamglojen ototemsel,llm
B06AX06,lovotibeglogene autotemcel,lovotibeglojen ototemsel,llm
B06AX07,mozafancogene autotemcel,mozafankojen ototemsel,llm
C01AA01,acetyldigitoxin,asetildigitoksin,llm
C01AA02,acetyldigoxin,asetildigoksin,llm
C01AA03,digitalis leaves,dijital yaprakları,llm
C01AA04,digitoxin,digitoksin,llm
C01AA05,digoxin,digoxin,titck
C01AA06,lanatoside C,lanatocide c,titck
C01AA07,deslanoside,deslanozid,llm
C01AA08,metildigoxin,metildigoksin,llm
C01AA09,gitoformate,gitoformat,llm
C01AA52,"acetyldigoxin, combinations","asetildigoksin, kombinasyonlar",llm
C01AB01,proscillaridin,proskillaridin,llm
C01AB51,"proscillaridin, combinations","proskillaridin, kombinasyonlar",llm
C01AC01,g-strophanthin,g-strofantin,llm
C01AC03,cymarin,kimarin,llm
C01AX02,peruvoside,peruvozid,llm
C01BA01,quinidine,kinidin feniletil barbitürat,titck
C01BA02,procainamide,prokainamid,llm
C01BA03,disopyramide,disopiramit fosfat,titck
C01BA04,sparteine,sparteine,llm
C01BA05,ajmaline,ajmalin,llm
C01BA08,prajmaline,prajmalin,llm
C01BA12,lorajmine,lorajmin,llm
C01BA13,hydroquinidine,hidrokinidin,llm
C01BA51,"quinidine, combinations excl. psycholeptics","kinidin, psikoleptikler hariç kombinasyonlar",llm
C01BA71,"quinidine, combinations with psycholeptics","kinidin, psikoleptiklerle kombinasyonlar",llm
C01BB01,lidocaine,lidocaine,titck
C01BB02,mexiletine,meksiletin,llm
C01BB03,tocainide,tokainid,llm
C01BB04,aprindine,aprindin,llm
C01BC03,propafenone,propafenone,titck
C01BC04,flecainide,flekainid,llm
C01BC07,lorcainide,lorkainid,llm
C01BC08,encainide,enkainid,llm
C01BC09,ethacizine,etasizin,llm
C01BD01,amiodarone,amiodarone,titck
C01BD02,bretylium tosilate,bretilyum tosilat,llm
C01BD03,bunaftine,bunaftin,llm
C01BD04,dofetilide,dofetilid,llm
C01BD05,ibutilide,i̇butilid fumarat,titck
C01BD06,tedisamil,tedisamil,llm
C01BD07,dronedarone,dronedaron,llm
C01BG01,moracizine,morasizin,llm
C01BG07,cibenzoline,sibenzolin,llm
C01BG11,vernakalant,vernakalant,llm
C01CA01,etilefrine,etilefrin,llm
C01CA02,isoprenaline,izoprenalin hidroklorür,titck
C01CA03,norepinephrine,noradrenalin bitartarat,titck
C01CA04,dopamine,dopamine,titck
C01CA05,norfenefrine,norfenefrin,llm
C01CA06,phenylephrine,fenilefrin,llm
C01CA07,dobutamine,dobutamine,titck
C01CA08,oxedrine,oksedrin,llm
C01CA09,metaraminol,metaraminol,llm
C01CA10,methoxamine,metoksamin,llm
C01CA11,mephentermine,mefentermin,llm
C01CA12,dimetofrine,dimetofrin,llm
C01CA13,prenalterol,prenalterol,llm
C01CA14,dopexamine,dopeksamin,llm
C01CA15,gepefrine,gepefrin,llm
C01CA16,ibopamine,ibopamin,llm
C01CA17,midodrine,midodrin,llm
C01CA18,octopamine,oktopamin,llm
C01CA19,fenoldopam,fenoldopam,llm
C01CA21,cafedrine,kafedrin,llm
C01CA22,arbutamine,arbutamin,llm
C01CA23,theodrenaline,teodrenalin,llm
C01CA24,epinephrine,epinefrin,titck
C01CA25,amezinium metilsulfate,amezinyum metilsülfat,llm
C01CA26,ephedrine,efedrin hidroklorür,titck
C01CA27,droxidopa,droksidopa,llm
C01CA28,centhaquine,sentakuin,llm
C01CA30,combinations,kombinasyonlar,llm
C01CA51,"etilefrine, combinations","etilefrin, kombinasyonlar",llm
C01CE01,amrinone,amrinon,llm
C01CE02,milrinone,milrinon,titck
C01CE03,enoximone,enoksimon,llm
C01CE04,bucladesine,bukladesin,llm
C01CX06,angiotensinamide,anjiyotensinamid,llm
C01CX07,xamoterol,ksamoterol,llm
C01CX08,levosimendan,levosimendan,titck
C01CX09,angiotensin II,anjiyotensin II,llm
C01CX10,omecamtiv mecarbil,omekamtiv mekarbil,llm
C01DA02,glyceryl trinitrate,gliserol trinitrat,titck
C01DA04,methylpropylpropanediol dinitrate,metilpropilpropandiol dinitrat,llm
C01DA05,pentaerithrityl tetranitrate,pentaeritrityl tetranitrat,llm
C01DA07,propatylnitrate,propatilnitrat,llm
C01DA08,isosorbide dinitrate,isosorbide dinitrate,titck
C01DA09,trolnitrate,trolnitrat,llm
C01DA13,eritrityl tetranitrate,eritrityl tetranitrat,llm
C01DA14,isosorbide mononitrate,isosorbide mononitrate,titck
C01DA20,organic nitrates in combination,kombinasyon halinde organik nitratlar,llm
C01DA38,tenitramine,tenitramin,llm
C01DA52,"glyceryl trinitrate, combinations","gliseril trinitrat, kombinasyonlar",llm
C01DA54,"methylpropylpropanediol dinitrate, combinations","metilpropilpropandiol dinitrat, kombinasyonlar",llm
C01DA55,"pentaerithrityl tetranitrate, combinations","pentaeritrityl tetranitrat, kombinasyonlar",llm
C01DA57,"propatylnitrate, combinations","propatilnitrat, kombinasyonlar",llm
C01DA58,"isosorbide dinitrate, combinations","izosorbid dinitrat, kombinasyonlar",llm
C01DA59,"trolnitrate, combinations","trolnitrat, kombinasyonlar",llm
C01DA63,"eritrityl tetranitrate, combinations","eritrityl tetranitrat, kombinasyonlar",llm
C01DA70,organic nitrates in combination with psycholeptics,psikoleptiklerle kombinasyon halinde organik nitratlar,llm
C01DB01,flosequinan,flosekinan,llm
C01DX01,itramin tosilate,itramin tosilat,llm
C01DX02,prenylamine,prenilamin,llm
C01DX03,oxyfedrine,oksifedrin,llm
C01DX04,benziodarone,benziodaron,llm
C01DX05,carbocromen,karbokromen,llm
C01DX06,hexobendine,heksobendin,llm
C01DX07,etafenone,etafenon,llm
C01DX08,heptaminol,heptaminol,llm
C01DX09,imolamine,imolamin,llm
C01DX10,dilazep,dilazep,llm
C01DX11,trapidil,trapidil,llm
C01DX12,molsidomine,molsidomin,llm
C01DX13,efloxate,efloksat,llm
C01DX14,cinepazet,sinepazet,llm
C01DX15,cloridarol,kloridarol,llm
C01DX16,nicorandil,nikorandil,titck
C01DX18,linsidomine,linsidomin,llm
C01DX19,nesiritide,nesiritid,llm
C01DX21,serelaxin,serelaksin,llm
C01DX22,vericiguat,vericiguat,titck
C01DX51,"itramin tosilate, combinations","itramin tosilat, kombinasyonlar",llm
C01DX52,"prenylamine, combinations","prenilamin, kombinasyonlar",llm
C01DX53,"oxyfedrine, combinations","oksifedrin, kombinasyonlar",llm
C01DX54,"benziodarone, combinations","benziodaron, kombinasyonlar",llm
C01EA01,alprostadil,alprostadil,titck
C01EB02,camphora,kafora,llm
C01EB03,indometacin,indometasin,llm
C01EB04,crataegus glycosides,crataegus glikozidleri,llm
C01EB05,creatinolfosfate,kreatinolfosfat,llm
C01EB06,fosfocreatine,fosfokreatin,llm
C01EB07,"fructose 1,6-diphosphate","fruktoz 1,6-difosfat",llm
C01EB09,ubidecarenone,ubidekarenon,llm
C01EB10,adenosine,adenozin,titck
C01EB11,tiracizine,tirasizin,llm
C01EB13,acadesine,akadesin,llm
C01EB15,trimetazidine,trimetazidin dihidroklorür,titck
C01EB16,ibuprofen,ibuprofen,titck
C01EB17,ivabradine,ivabradin hidroklorür,titck
C01EB18,ranolazine,ranolazin,titck
C01EB21,regadenoson,regadenoson,llm
C01EB22,meldonium,propiyonat dihidrat,titck
C01EB23,tiazotic acid,tiazotik asit,llm
C01EB24,mavacamten,mavakamten,titck
C01EB25,acoramidis,akoramidis,llm
C02AA01,rescinnamine,resinnamin,llm
C02AA02,reserpine,reserpin,llm
C02AA03,combinations of rauwolfia alkaloids,rauwolfia alkaloidleri kombinasyonları,llm
C02AA04,"rauwolfia alkaloids, whole root","rauwolfia alkaloidleri, tüm kök",llm
C02AA05,deserpidine,deserpidin,llm
C02AA06,methoserpidine,metoserpidin,llm
C02AA07,bietaserpine,bietaserpin,llm
C02AA52,"reserpine, combinations","reserpin, kombinasyonlar",llm
C02AA53,"combinations of rauwolfia alkoloids, combinations","rauwolfia alkaloidleri kombinasyonları, kombinasyonlar",llm
C02AA57,"bietaserpine, combinations","bietaserpin, kombinasyonlar",llm
C02AB01,methyldopa (levorotatory),methyldopa (levorotatory),titck
C02AB02,methyldopa (racemic),metildopa (rasemik),llm
C02AC01,clonidine,klonidin,llm
C02AC02,guanfacine,guanfasin hidroklorür,titck
C02AC04,tolonidine,tolonidin,llm
C02AC05,moxonidine,moxonidine,titck
C02AC06,rilmenidine,rilmenidine,titck
C02BA01,trimetaphan,trimetafan,llm
C02BB01,mecamylamine,mekamilamin,llm
C02CA01,prazosin,prazosin,llm
C02CA02,indoramin,indoramin,llm
C02CA03,trimazosin,trimazosin,llm
C02CA04,doxazosin,doxazosin,titck
C02CA06,urapidil,urapidil,titck
C02CC01,betanidine,betanidin,llm
C02CC02,guanethidine,guanetidin,llm
C02CC03,guanoxan,guanoksan,llm
C02CC04,debrisoquine,debrizokin,llm
C02CC05,guanoclor,guanoklor,llm
C02CC06,guanazodine,guanazodin,llm
C02CC07,guanoxabenz,guanoksabenz,llm
C02DA01,diazoxide,diazoksid,llm
C02DB01,dihydralazine,dihidralazin,llm
C02DB02,hydralazine,hidralazin,llm
C02DB03,endralazine,endralazin,llm
C02DB04,cadralazine,kadralazin,llm
C02DC01,minoxidil,minoksidil,llm
C02DD01,nitroprusside,sodyum nitroprusid,titck
C02DG01,pinacidil,pinasidil,llm
C02KA01,veratrum,veratrum,llm
C02KB01,metirosine,metirosin,llm
C02KC01,pargyline,pargilin,llm
C02KD01,ketanserin,ketanserin,llm
C02KN01,aprocitentan,aprositentan,llm
C02KN02,baxdrostat,baksdrostat,llm
C02KX01,bosentan,bosentan monohidrat,titck
C02KX02,ambrisentan,ambrisentan,titck
C02KX03,sitaxentan,sitaksentan,llm
C02KX04,macitentan,masitentan,titck
C02KX05,riociguat,riociguat,titck
C02KX06,sotatercept,sotaterkept,llm
C02KX52,ambrisentan and tadalafil,ambrisentan ve tadalafil,llm
C02KX54,macitentan and tadalafil,"masitentan, tadalafil",titck
C02LA01,reserpine and diuretics,klortalidon ve rezerpin,titck
C02LA02,rescinnamine and diuretics,resinnamin ve diüretikler,llm
C02LA03,deserpidine and diuretics,deserpidin ve diüretikler,llm
C02LA04,methoserpidine and diuretics,metoserpidin ve diüretikler,llm
C02LA07,bietaserpine and diuretics,bietaserpin ve diüretikler,llm
C02LA08,"rauwolfia alkaloids, whole root and diuretics","rauwolfia alkaloidleri, tüm kök ve diüretikler",llm
C02LA09,syrosingopine and diuretics,sirosingopin ve diüretikler,llm
C02LA50,combination of rauwolfia alkaloids and diuretics incl. other combinations,diğer kombinasyonlar dahil rauwolfia alkaloidleri ve diüretikler kombinasyonu,llm
C02LA51,"reserpine and diuretics, combinations with other drugs","reserpin ve diüretikler, diğer ilaçlarla kombinasyonlar",llm
C02LA52,"rescinnamine and diuretics, combinations with other drugs","resinnamin ve diüretikler, diğer ilaçlarla kombinasyonlar",llm
C02LA71,"reserpine and diuretics, combinations with psycholeptics","reserpin ve diüretikler, psikoleptiklerle kombinasyonlar",llm
C02LB01,methyldopa (levorotatory) and diuretics,metildopa (levorotatuar) ve diüretikler,llm
C02LC01,clonidine and diuretics,klonidin ve diüretikler,llm
C02LC05,moxonidine and diuretics,moksonidin ve diüretikler,llm
C02LC51,"clonidine and diuretics, combinations with other drugs","klonidin ve diüretikler, diğer ilaçlarla kombinasyonlar",llm
C02LE01,prazosin and diuretics,prazosin ve diüretikler,llm
C02LF01,guanethidine and diuretics,guanetidin ve diüretikler,llm
C02LG01,dihydralazine and diuretics,dihidralazin ve diüretikler,llm
C02LG02,hydralazine and diuretics,hidralazin ve diüretikler,llm
C02LG03,picodralazine and diuretics,pikodralazin ve diüretikler,llm
C02LG51,"dihydralazine and diuretics, combinations with other drugs","dihidralazin ve diüretikler, diğer ilaçlarla kombinasyonlar",llm
C02LG73,"picodralazine and diuretics, combinations with psycholeptics","pikodralazin ve diüretikler, psikoleptiklerle kombinasyonlar",llm
C02LK01,veratrum and diuretics,veratrum ve diüretikler,llm
C02LL01,pargyline and diuretics,pargilin ve diüretikler,llm
C02LX01,pinacidil and diuretics,pinasidil ve diüretikler,llm
C03AA01,bendroflumethiazide,bendroflumetiyazid,llm
C03AA02,hydroflumethiazide,hidroflumetiyazid,llm
C03AA03,hydrochlorothiazide,hidroklorotiyazid,llm
C03AA04,chlorothiazide,klorotiyazid,llm
C03AA05,polythiazide,politiyazid,llm
C03AA06,trichlormethiazide,triklormetiyazid,llm
C03AA07,cyclopenthiazide,siklopentiyazid,llm
C03AA08,methyclothiazide,metiklotiyazid,llm
C03AA09,cyclothiazide,siklotiyazid,llm
C03AA13,mebutizide,mebutizid,llm
C03AB01,bendroflumethiazide and potassium,bendroflumetiyazid ve potasyum,llm
C03AB02,hydroflumethiazide and potassium,hidroflumetiyazid ve potasyum,llm
C03AB03,hydrochlorothiazide and potassium,hidroklorotiyazid ve potasyum,llm
C03AB04,chlorothiazide and potassium,klorotiyazid ve potasyum,llm
C03AB05,polythiazide and potassium,politiyazid ve potasyum,llm
C03AB06,trichlormethiazide and potassium,triklormetiyazid ve potasyum,llm
C03AB07,cyclopenthiazide and potassium,siklopentiyazid ve potasyum,llm
C03AB08,methyclothiazide and potassium,metiklotiyazid ve potasyum,llm
C03AB09,cyclothiazide and potassium,siklotiyazid ve potasyum,llm
C03AH01,"chlorothiazide, combinations","klorotiyazid, kombinasyonlar",llm
C03AH02,"hydroflumethiazide, combinations","hidroflumetiyazid, kombinasyonlar",llm
C03AX01,"hydrochlorothiazide, combinations","hidroklorotiyazid, kombinasyonlar",llm
C03BA02,quinethazone,kinetazon,llm
C03BA03,clopamide,klopamid,llm
C03BA04,chlortalidone,klortalidon,llm
C03BA05,mefruside,mefrusid,llm
C03BA07,clofenamide,klofenamid,llm
C03BA08,metolazone,metolazon,llm
C03BA09,meticrane,metikran,llm
C03BA10,xipamide,ksipamid,llm
C03BA11,indapamide,indapamid,titck
C03BA12,clorexolone,klorekzolon,llm
C03BA13,fenquizone,fenkizon,llm
C03BA82,"clorexolone, combinations with psycholeptics","klorekzolon, psikoleptiklerle kombinasyonlar",llm
C03BB02,quinethazone and potassium,kinetazon ve potasyum,llm
C03BB03,clopamide and potassium,klopamid ve potasyum,llm
C03BB04,chlortalidone and potassium,klortalidon ve potasyum,llm
C03BB05,mefruside and potassium,mefrusid ve potasyum,llm
C03BB07,clofenamide and potassium,klofenamid ve potasyum,llm
C03BC01,mersalyl,mersalil,llm
C03BD01,theobromine,teobromin,llm
C03BX03,cicletanine,sikletanin,llm
C03CA01,furosemide,furosemid,titck
C03CA02,bumetanide,bumetanid,llm
C03CA03,piretanide,piretanid,llm
C03CA04,torasemide,torasemid,titck
C03CB01,furosemide and potassium,furosemid ve potasyum,llm
C03CB02,bumetanide and potassium,bumetanid ve potasyum,llm
C03CC01,etacrynic acid,etakrinik asit,llm
C03CC02,tienilic acid,tienilik asit,llm
C03CD01,muzolimine,muzolimin,llm
C03CX01,etozolin,etozolin,llm
C03DA01,spironolactone,spironolakton,titck
C03DA02,potassium canrenoate,potasyum kanrenoat,llm
C03DA03,canrenone,kanrenon,llm
C03DA04,eplerenone,eplerenon,titck
C03DA05,finerenone,finerenon,titck
C03DA54,eplerenone and dapagliflozin,eplerenon ve dapagliflozin,llm
C03DB01,amiloride,amilorid hcl,titck
C03DB02,triamterene,triamteren,llm
C03EA01,hydrochlorothiazide and potassium-sparing agents,spironolakton+hidroklorotiyazit,titck
C03EA02,trichlormethiazide and potassium-sparing agents,triklormetiyazid ve potasyum koruyucu ajanlar,llm
C03EA03,epitizide and potassium-sparing agents,epitizid ve potasyum koruyucu ajanlar,llm
C03EA04,altizide and potassium-sparing agents,altizid ve potasyum koruyucu ajanlar,llm
C03EA05,mebutizide and potassium-sparing agents,mebutizid ve potasyum koruyucu ajanlar,llm
C03EA06,chlortalidone and potassium-sparing agents,klortalidon ve potasyum koruyucu ajanlar,llm
C03EA07,cyclopenthiazide and potassium-sparing agents,siklopentiyazid ve potasyum koruyucu ajanlar,llm
C03EA12,metolazone and potassium-sparing agents,metolazon ve potasyum koruyucu ajanlar,llm
C03EA13,bendroflumethiazide and potassium-sparing agents,bendroflumetiyazid ve potasyum koruyucu ajanlar,llm
C03EA14,butizide and potassium-sparing agents,butizid ve potasyum koruyucu ajanlar,llm
C03EB01,furosemide and potassium-sparing agents,spironolakton/furasemid,titck
C03EB02,bumetanide and potassium-sparing agents,bumetanid ve potasyum koruyucu ajanlar,llm
C03EB03,torasemide and potassium-sparing agents,torasemid ve potasyum koruyucu ajanlar,llm
C03XA01,tolvaptan,tolvaptan,titck
C03XA02,conivaptan,konivaptan,llm
C04AA01,isoxsuprine,izoksuprin,llm
C04AA02,buphenine,bufenin,llm
C04AA31,bamethan,bametan,llm
C04AB01,phentolamine,fentolamin,llm
C04AB02,tolazoline,tolazolin,llm
C04AC01,nicotinic acid,nikotinik asit,llm
C04AC02,nicotinyl alcohol (pyridylcarbinol),nikotinil alkol (piridilkarbinol),llm
C04AC03,inositol nicotinate,inositol nikotinat,llm
C04AC07,ciclonicate,siklonikat,llm
C04AD01,pentifylline,pentifilin,llm
C04AD02,xantinol nicotinate,ksantinol nikotinat,llm
C04AD03,pentoxifylline,pentoksifilin,titck
C04AD04,etofylline nicotinate,etofilin nikotinat,llm
C04AE01,ergoloid mesylates,dihidroergotoksin etansülfonat,titck
C04AE02,nicergoline,nisergolin,llm
C04AE04,dihydroergocristine,dihidroergokristin,llm
C04AE51,"ergoloid mesylates, combinations","ergoloid mesilatlar, kombinasyonlar",llm
C04AE54,"dihydroergocristine, combinations","dihidroergokristin, kombinasyonlar",llm
C04AF01,kallidinogenase,kallidinojenaz,llm
C04AX01,cyclandelate,siklandelat,llm
C04AX02,phenoxybenzamine,fenoksibenzamin,llm
C04AX07,vincamine,vinkamin,llm
C04AX10,moxisylyte,moksisilit,llm
C04AX11,bencyclane,bensiklan,llm
C04AX17,vinburnine,vinburnin,llm
C04AX19,suloctidil,suloktidil,llm
C04AX20,buflomedil,buflomedil,llm
C04AX21,naftidrofuryl,naftidrofuril,llm
C04AX23,butalamine,butalamin,llm
C04AX24,visnadine,visnadin,llm
C04AX26,cetiedil,setiedil,llm
C04AX27,cinepazide,sinepazid,llm
C04AX28,ifenprodil,ifenprodil,llm
C04AX30,azapetine,azapetin,llm
C04AX32,fasudil,fasudil,llm
C04AX33,clazosentan,klazosentan,llm
C05AA01,hydrocortisone,bizmut subgallat/benzokain/benzalkonyum klorür/hidrokortizon asetat,titck
C05AA04,prednisolone,prednizolon,llm
C05AA05,betamethasone,betametazon,llm
C05AA06,fluorometholone,fluorometolon,llm
C05AA08,fluocortolone,"fluokortolon pivalat, fluokortolon kaproat, sinkokain hidroklorür",titck
C05AA09,dexamethasone,deksametazon,llm
C05AA10,fluocinolone acetonide,flusinolon asetonid,llm
C05AA11,fluocinonide,flusinonid,llm
C05AA12,triamcinolone,triamsinolon,llm
C05AD01,lidocaine,lidokain,llm
C05AD02,tetracaine,tetrakain,llm
C05AD03,benzocaine,benzokain,llm
C05AD04,cinchocaine,sinkokain,llm
C05AD05,procaine,prokain,llm
C05AD06,oxetacaine,oksetakain,llm
C05AD07,pramocaine,pramokain,llm
C05AE01,glyceryl trinitrate,gliseril trinitrat,titck
C05AE02,isosorbide dinitrate,izosorbid dinitrat,llm
C05AE03,diltiazem,diltiazem hidroklorür,titck
C05AX01,aluminium preparations,alüminyum preparatları,llm
C05AX02,"bismuth preparations, combinations","bizmut preparatları, kombinasyonlar",llm
C05AX03,"other preparations, combinations",ruskogenin ve trimebutin baz,titck
C05AX04,zinc preparations,çinko preparatları,llm
C05AX05,tribenoside,pramoksin hcl+fenilefrin hidroklorür,titck
C05AX06,phenylephrine,fenilefrin,llm
C05BA01,organo-heparinoid,mukolisakkarid polisülfat,titck
C05BA02,sodium apolate,sodyum apolat,llm
C05BA03,heparin,heparin,llm
C05BA04,pentosan polysulfate sodium,pentosan polisülfat sodyum,llm
C05BA51,"heparinoid, combinations","heparinoid, kombinasyonlar",llm
C05BA53,"heparin, combinations","heparin, kombinasyonlar",llm
C05BB01,monoethanolamine oleate,monoetanolamin oleat,llm
C05BB02,polidocanol,lauromakrogol 400,titck
C05BB03,invert sugar,invert şeker,llm
C05BB04,sodium tetradecyl sulfate,sodyum tetradesil sülfat,llm
C05BB05,phenol,fenol,llm
C05BB56,"glucose, combinations","glukoz, kombinasyonlar",llm
C05BX01,calcium dobesilate,kalsiyum dobesilat monohidrat,titck
C05BX51,"calcium dobesilate, combinations","kalsiyum dobesilat, kombinasyonlar",llm
C05CA01,rutoside,rutozid,llm
C05CA02,monoxerutin,monokserutin,llm
C05CA03,diosmin,diosmin,llm
C05CA04,troxerutin,trokserutin,titck
C05CA05,hidrosmin,hidrosmin,titck
C05CA51,"rutoside, combinations",okserutin,titck
C05CA53,"diosmin, combinations","diosmin, hesperidin",titck
C05CA54,"troxerutin, combinations","trokserutin, kombinasyonlar",llm
C05CX01,tribenoside,tribenosid,llm
C05CX02,naftazone,naftazon,titck
C05CX03,Hippocastani semen,susuz essin,titck
C05XX01,beperminogene perplasmid,beperminojen perplasmid,llm
C07AA01,alprenolol,alprenolol,llm
C07AA02,oxprenolol,okprenolol,llm
C07AA03,pindolol,pindolol,llm
C07AA05,propranolol,propranolol hcl,titck
C07AA06,timolol,timolol maleat,titck
C07AA07,sotalol,sotalol,titck
C07AA12,nadolol,nadolol,llm
C07AA14,mepindolol,mepindolol,llm
C07AA15,carteolol,karteolol,llm
C07AA16,tertatolol,tertatolol,llm
C07AA17,bopindolol,bopindolol,llm
C07AA19,bupranolol,bupranolol,llm
C07AA23,penbutolol,penbutolol,llm
C07AA27,cloranolol,kloranolol,llm
C07AB01,practolol,praktolol,llm
C07AB02,metoprolol,metoprolol tartarat,titck
C07AB03,atenolol,atenolol,titck
C07AB04,acebutolol,asebutolol,titck
C07AB05,betaxolol,betaksolol,llm
C07AB06,bevantolol,bevantolol,llm
C07AB07,bisoprolol,bisoprolol fumarat,titck
C07AB08,celiprolol,seliprolol,llm
C07AB09,esmolol,esmolol hidroklorür,titck
C07AB10,epanolol,epanolol,llm
C07AB11,s-atenolol,s-atenolol,llm
C07AB12,nebivolol,nebivolol hcl,titck
C07AB13,talinolol,talinolol,llm
C07AB14,landiolol,landiolol,llm
C07AG01,labetalol,labetalol hidroklorür,titck
C07AG02,carvedilol,karvedilol,titck
C07BA02,oxprenolol and thiazides,okprenolol ve tiyazidler,llm
C07BA05,propranolol and thiazides,propranolol ve tiyazidler,llm
C07BA06,timolol and thiazides,timolol ve tiyazidler,llm
C07BA07,sotalol and thiazides,sotalol ve tiyazidler,llm
C07BA12,nadolol and thiazides,nadolol ve tiyazidler,llm
C07BA68,"metipranolol and thiazides, combinations","metipranolol ve tiyazidler, kombinasyonlar",llm
C07BB02,metoprolol and thiazides,metoprolol ve tiyazidler,llm
C07BB03,atenolol and thiazides,atenolol/klortalidon,titck
C07BB04,acebutolol and thiazides,asebutolol ve tiyazidler,llm
C07BB06,bevantolol and thiazides,bevantolol ve tiyazidler,llm
C07BB07,bisoprolol and thiazides,bisoprolol fumarat ve hidroklorotiyazid,titck
C07BB12,nebivolol and thiazides,nebivolol hcl / hidroklorotiyazid,titck
C07BB52,"metoprolol and thiazides, combinations","metoprolol ve tiyazidler, kombinasyonlar",llm
C07BG01,labetalol and thiazides,labetalol ve tiyazidler,llm
C07CA02,oxprenolol and other diuretics,okprenolol ve diğer diüretikler,llm
C07CA03,pindolol and other diuretics,pindolol ve diğer diüretikler,llm
C07CA17,bopindolol and other diuretics,bopindolol ve diğer diüretikler,llm
C07CA23,penbutolol and other diuretics,penbutolol ve diğer diüretikler,llm
C07CB02,metoprolol and other diuretics,metoprolol ve diğer diüretikler,llm
C07CB03,atenolol and other diuretics,atenolol ve diğer diüretikler,llm
C07CB53,"atenolol and other diuretics, combinations","atenolol ve diğer diüretikler, kombinasyonlar",llm
C07CG01,labetalol and other diuretics,labetalol ve diğer diüretikler,llm
C07DA06,"timolol, thiazides and other diuretics","timolol, tiyazidler ve diğer diüretikler",llm
C07DB01,"atenolol, thiazides and other diuretics","atenolol, tiyazidler ve diğer diüretikler",llm
C07FB02,metoprolol and felodipine,metoprolol ve felodipin,llm
C07FB03,atenolol and nifedipine,atenolol ve nifedipin,llm
C07FB07,bisoprolol and amlodipine,bisoprolol ve amlodipin,llm
C07FB12,nebivolol and amlodipine,"nebivolol hcl, amlodipin besilat",titck
C07FB13,metoprolol and amlodipine,metoprolol ve amlodipin,llm
C07FX01,propranolol and other combinations,propranolol ve diğer kombinasyonlar,llm
C07FX02,sotalol and acetylsalicylic acid,sotalol ve asetilsalisilik asit,llm
C07FX03,metoprolol and acetylsalicylic acid,metoprolol ve asetilsalisilik asit,llm
C07FX04,bisoprolol and acetylsalicylic acid,bisoprolol ve asetilsalisilik asit,llm
C07FX05,metoprolol and ivabradine,metoprolol ve ivabradin,llm
C07FX06,carvedilol and ivabradine,karvedilol ve ivabradin,llm
C08CA01,amlodipine,amlodipine,titck
C08CA02,felodipine,felodipin,titck
C08CA03,isradipine,izradipin,llm
C08CA04,nicardipine,nikardipin hidroklorür,titck
C08CA05,nifedipine,nifedipin,titck
C08CA06,nimodipine,nimodipin,titck
C08CA07,nisoldipine,nizoldipin,llm
C08CA08,nitrendipine,nitrendipine,titck
C08CA09,lacidipine,lacidipine,titck
C08CA10,nilvadipine,nilvadipin,llm
C08CA11,manidipine,manidipine,titck
C08CA12,barnidipine,barnidipin,llm
C08CA13,lercanidipine,lerkanidipin hidroklorür,titck
C08CA14,cilnidipine,silnidipin,llm
C08CA15,benidipine,benidipin hidroklorür,titck
C08CA16,clevidipine,klevidipin,llm
C08CA17,levamlodipine,levamlodipin,llm
C08CA51,amlodipine and celecoxib,amlodipin ve selekoksib,llm
C08CA55,"nifedipine, combinations","nifedipin, kombinasyonlar",llm
C08CX01,mibefradil,mibefradil,llm
C08DA01,verapamil,verapamil,titck
C08DA02,gallopamil,gallopamil,llm
C08DA03,etripamil,etripamil,llm
C08DA51,"verapamil, combinations","verapamil, kombinasyonlar",llm
C08DB01,diltiazem,diltiazem hcl,titck
C08EA01,fendiline,fendilin,llm
C08EA02,bepridil,bepridil,llm
C08EX01,lidoflazine,lidoflazin,titck
C08EX02,perhexiline,perheksilin,llm
C08GA01,nifedipine and diuretics,nifedipin ve diüretikler,llm
C08GA02,amlodipine and diuretics,"indapamid, amlodipin besilat",titck
C09AA01,captopril,kaptopril,titck
C09AA02,enalapril,enalapril maleat,titck
C09AA03,lisinopril,lisinopril,titck
C09AA04,perindopril,perindopril erbumin,titck
C09AA05,ramipril,ramipril,titck
C09AA06,quinapril,kinapril,llm
C09AA07,benazepril,benazepril hidroklorür,titck
C09AA08,cilazapril,silazapril monohidrat,titck
C09AA09,fosinopril,fosinopril sodyum,titck
C09AA10,trandolapril,trandolapril,titck
C09AA11,spirapril,spirapril,llm
C09AA12,delapril,delapril,llm
C09AA13,moexipril,moexipril,titck
C09AA14,temocapril,temokapril,llm
C09AA15,zofenopril,zofenopril kalsiyum,titck
C09AA16,imidapril,imidapril hcl,titck
C09BA01,captopril and diuretics,kaptopril ve diüretikler,llm
C09BA02,enalapril and diuretics,enalapril and diuretics,titck
C09BA03,lisinopril and diuretics,lisinopril dihidrat+hidroklorotiyazid,titck
C09BA04,perindopril and diuretics,perindopril and diuretics,titck
C09BA05,ramipril and diuretics,ramipril ve hidroklorotiyazid,titck
C09BA06,quinapril and diuretics,kinapril ve diüretikler,llm
C09BA07,benazepril and diuretics,benazepril hidroklorür ve hidroklorotiyazid,titck
C09BA08,cilazapril and diuretics,silazapril monohidrat ve hidroklorotiyazid,titck
C09BA09,fosinopril and diuretics,fosinopril sodyum/hidroklorotiyazid,titck
C09BA12,delapril and diuretics,delapril ve diüretikler,llm
C09BA13,moexipril and diuretics,moeksipril hidroklorür vehidroklorotiyazid,titck
C09BA15,zofenopril and diuretics,zofenopril kalsiyum ve hidroklorotiyazid,titck
C09BB02,enalapril and lercanidipine,"enalapril maleat, lerkanidipin hidroklorür",titck
C09BB03,lisinopril and amlodipine,amlodipin besilat/lisinopril dihidrat,titck
C09BB04,perindopril and amlodipine,amlodipin besilat / perindopril erbumin,titck
C09BB05,ramipril and felodipine,ramipril ve felodipin,llm
C09BB06,enalapril and nitrendipine,enalapril and nitrendipine,titck
C09BB07,ramipril and amlodipine,"amlodipin besilat, ramipril",titck
C09BB10,trandolapril and verapamil,trandolapril and verapamil,titck
C09BB12,delapril and manidipine,delapril ve manidipin,llm
C09BB13,benazepril and amlodipine,benazepril ve amlodipin,llm
C09BB14,zofenopril and amlodipine,zofenopril ve amlodipin,llm
C09BX01,"perindopril, amlodipine and indapamide","amlodipin besilat, indapamid, perindopril erbumin",titck
C09BX02,perindopril and bisoprolol,bisoprolol fumarat + perindopril arjinin,titck
C09BX03,"ramipril, amlodipine and hydrochlorothiazide","ramipril, amlodipin ve hidroklorotiyazid",llm
C09BX04,"perindopril, bisoprolol and amlodipine","perindopril, bisoprolol ve amlodipin",llm
C09BX05,ramipril and bisoprolol,ramipril ve bisoprolol,llm
C09BX06,"perindopril, bisoprolol, amlodipine and indapamide","perindopril, bisoprolol, amlodipin ve indapamid",llm
C09BX07,zofenopril and nebivolol,zofenopril ve nebivolol,llm
C09CA01,losartan,losartan potasyum,titck
C09CA02,eprosartan,eprosartan,titck
C09CA03,valsartan,valsartan,titck
C09CA04,irbesartan,irbesartan,titck
C09CA05,tasosartan,tasosartan,llm
C09CA06,candesartan,kandesartan sileksetil,titck
C09CA07,telmisartan,telmisartan,titck
C09CA08,olmesartan medoxomil,olmesartan medoksomil,titck
C09CA09,azilsartan medoxomil,azilsartan kamedoksomil,titck
C09CA10,fimasartan,fimasartan,llm
C09DA01,losartan and diuretics,"losartan potasyum, hidroklorotiyazid",titck
C09DA02,eprosartan and diuretics,"eprosartan, hidroklorotiyazid",titck
C09DA03,valsartan and diuretics,valsartan and diuretics,titck
C09DA04,irbesartan and diuretics,irbesartan ve hidroklorotiyazid,titck
C09DA06,candesartan and diuretics,kandesartan sileksetil ve hidroklorotiyazid,titck
C09DA07,telmisartan and diuretics,telmisartan ve hidroklorotiyazid,titck
C09DA08,olmesartan medoxomil and diuretics,olmesartan medoksomil/hidroklorotiyazid,titck
C09DA09,azilsartan medoxomil and diuretics,"azilsartan kamedoksomil, klortalidon",titck
C09DA10,fimasartan and diuretics,fimasartan ve diüretikler,llm
C09DB01,valsartan and amlodipine,amlodipin besilat+valsartan,titck
C09DB02,olmesartan medoxomil and amlodipine,"olmesartan medoksomil, amlodipin besilat",titck
C09DB04,telmisartan and amlodipine,telmisartan / s-amlodipin besilat,titck
C09DB05,irbesartan and amlodipine,irbesartan + amlodipinb,titck
C09DB06,losartan and amlodipine,losartan ve amlodipin,llm
C09DB07,candesartan and amlodipine,kandesartan sileksetil/amlodipin besilat,titck
C09DB08,valsartan and lercanidipine,valsartan ve lerkanidipin,llm
C09DB09,fimasartan and amlodipine,fimasartan ve amlodipin,llm
C09DX01,"valsartan, amlodipine and hydrochlorothiazide",amlodipin besilat + valsartan + hidroklorotiyazid,titck
C09DX02,valsartan and aliskiren,valsartan ve aliskiren,llm
C09DX03,"olmesartan medoxomil, amlodipine and hydrochlorothiazide","olmesartan medoksomil, amlodipin besilat, hidroklorotiyazid",titck
C09DX04,valsartan and sacubitril,"sakubitril sodyum, valsartan disodyum",titck
C09DX05,valsartan and nebivolol,valsartan ve nebivolol,llm
C09DX06,"candesartan, amlodipine and hydrochlorothiazide",kandesartan sileksetil / amlodipin besilat / hidroklorotiyazid,titck
C09DX07,"irbesartan, amlodipine and hydrochlorothiazide","irbesartan, amlodipin besilat, hidroklorotiyazid",titck
C09DX08,"telmisartan, amlodipine and hydrochlorothiazide","telmisartan, amlodipin ve hidroklorotiyazid",llm
C09DX09,"candesartan, amlodipine and indapamide","kandesartan, amlodipin ve indapamid",llm
C09XA01,remikiren,remikiren,llm
C09XA02,aliskiren,aliskiren,llm
C09XA52,aliskiren and hydrochlorothiazide,aliskiren ve hidroklorotiyazid,llm
C09XA53,aliskiren and amlodipine,aliskiren ve amlodipin,llm
C09XA54,"aliskiren, amlodipine and hydrochlorothiazide","aliskiren, amlodipin ve hidroklorotiyazid",llm
C09XX01,sparsentan,sparsentan,llm
C10AA01,simvastatin,simvastatin,titck
C10AA02,lovastatin,lovastatin,titck
C10AA03,pravastatin,pravastatin sodyum,titck
C10AA04,fluvastatin,fluvastatin,llm
C10AA05,atorvastatin,atorvastatin kalsiyum,titck
C10AA06,cerivastatin,serivastatin,llm
C10AA07,rosuvastatin,rosuvastatin kalsiyum,titck
C10AA08,pitavastatin,pitavastatin kalsiyum,titck
C10AB01,clofibrate,klofibrat,llm
C10AB02,bezafibrate,bezafibrat,llm
C10AB03,aluminium clofibrate,alüminyum klofibrat,llm
C10AB04,gemfibrozil,gemfibrozil,titck
C10AB05,fenofibrate,fenofibrat,titck
C10AB06,simfibrate,simfibrat,llm
C10AB07,ronifibrate,ronifibrat,llm
C10AB08,ciprofibrate,siprofibrat,llm
C10AB09,etofibrate,etofibrat,llm
C10AB10,clofibride,klofibrid,llm
C10AB11,choline fenofibrate,fenofibrik asit,titck
C10AB12,pemafibrate,pemafibrat,llm
C10AC01,colestyramine,kolestiramin,llm
C10AC02,colestipol,kolestipol,llm
C10AC03,colextran,kolekstran,llm
C10AC04,colesevelam,kolesevelam hidroklorür,titck
C10AD01,niceritrol,niseritrol,llm
C10AD02,nicotinic acid,niasin,titck
C10AD03,nicofuranose,nikofuranoz,llm
C10AD04,aluminium nicotinate,alüminyum nikotinat,llm
C10AD05,nicotinyl alcohol (pyridylcarbinol),nikotinil alkol (piridilkarbinol),llm
C10AD06,acipimox,asipimoks,llm
C10AD52,"nicotinic acid, combinations","nikotinik asit, kombinasyonlar",llm
C10AX01,dextrothyroxine,dekstrotiroksin,llm
C10AX02,probucol,probukol,llm
C10AX03,tiadenol,tiadenol,llm
C10AX05,meglutol,meglutol,llm
C10AX06,omega-3-triglycerides incl. other esters and acids,i̇kosapent etil,titck
C10AX07,magnesium pyridoxal 5-phosphate glutamate,magnezyum piridoksal 5-fosfat glutamat,llm
C10AX08,policosanol,polikosanol,llm
C10AX09,ezetimibe,ezetimib,titck
C10AX10,alipogene tiparvovec,alipojen tiparvovek,llm
C10AX11,mipomersen,mipomersen,llm
C10AX12,lomitapide,lomitapid,llm
C10AX13,evolocumab,evolocumab,titck
C10AX14,alirocumab,alirokumab,llm
C10AX15,bempedoic acid,bempedoik asit,titck
C10AX16,inclisiran,inklisiran sodyum,titck
C10AX17,evinacumab,evinakumab,llm
C10AX18,volanesorsen,volanesorsen,llm
C10AX19,lerodalcibep,lerodalsibep,llm
C10BA01,lovastatin and nicotinic acid,lovastatin ve nikotinik asit,llm
C10BA02,simvastatin and ezetimibe,ezetimib ve simvastatin,titck
C10BA03,pravastatin and fenofibrate,pravastatin ve fenofibrat,llm
C10BA04,simvastatin and fenofibrate,simvastatin ve fenofibrat,llm
C10BA05,atorvastatin and ezetimibe,"ezetimib, atorvastatin kalsiyum",titck
C10BA06,rosuvastatin and ezetimibe,ezetimib ve rosuvastatin,titck
C10BA07,rosuvastatin and omega-3 fatty acids,rosuvastatin ve omega-3 yağ asitleri,llm
C10BA08,atorvastatin and omega-3 fatty acids,atorvastatin ve omega-3 yağ asitleri,llm
C10BA09,rosuvastatin and fenofibrate,rosuvastatin ve fenofibrat,llm
C10BA10,bempedoic acid and ezetimibe,"bempedoik asit, ezetimib",titck
C10BA11,pravastatin and ezetimibe,pravastatin ve ezetimib,llm
C10BA12,"pravastatin, ezetimibe and fenofibrate","pravastatin, ezetimib ve fenofibrat",llm
C10BA13,pitavastatin and ezetimibe,pitavastatin ve ezetimib,llm
C10BA14,pitavastatin and fenofibrate,pitavastatin ve fenofibrat,llm
C10BA15,"rosuvastatin, ezetimibe and fenofibrate","rosuvastatin, ezetimib ve fenofibrat",llm
C10BA16,atorvastatin and fenofibrate,atorvastatin ve fenofibrat,llm
C10BX01,simvastatin and acetylsalicylic acid,simvastatin ve asetilsalisilik asit,llm
C10BX02,pravastatin and acetylsalicylic acid,pravastatin ve asetilsalisilik asit,llm
C10BX03,atorvastatin and amlodipine,amlodipin besilat+atorvastatin kalsiyum,titck
C10BX04,"simvastatin, acetylsalicylic acid and ramipril","simvastatin, asetilsalisilik asit ve ramipril",llm
C10BX05,rosuvastatin and acetylsalicylic acid,rosuvastatin kalsiyum ve asetilsalisilik asit,titck
C10BX06,"atorvastatin, acetylsalicylic acid and ramipril","atorvastatin, asetilsalisilik asit ve ramipril",llm
C10BX07,"rosuvastatin, amlodipine and lisinopril","rosuvastatin, amlodipin ve lisinopril",llm
C10BX08,atorvastatin and acetylsalicylic acid,"atorvastatin kalsiyum, asetilsalisilik asit",titck
C10BX09,rosuvastatin and amlodipine,amlodipin besilat ve rosuvastatin kalsiyum,titck
C10BX10,rosuvastatin and valsartan,rosuvastatin ve valsartan,llm
C10BX11,"atorvastatin, amlodipine and perindopril","atorvastatin, amlodipin ve perindopril",llm
C10BX12,"atorvastatin, acetylsalicylic acid and perindopril","atorvastatin, asetilsalisilik asit ve perindopril",llm
C10BX13,"rosuvastatin, perindopril and indapamide","rosuvastatin, perindopril ve indapamid",llm
C10BX14,"rosuvastatin, amlodipine and perindopril","rosuvastatin, amlodipin ve perindopril",llm
C10BX15,atorvastatin and perindopril,atorvastatin ve perindopril,llm
C10BX16,rosuvastatin and fimasartan,rosuvastatin ve fimasartan,llm
C10BX17,rosuvastatin and ramipril,rosuvastatin ve ramipril,llm
C10BX18,"atorvastatin, amlodipine and ramipril","atorvastatin, amlodipin ve ramipril",llm
C10BX19,"atorvastatin, amlodipine and candesartan","atorvastatin, amlodipin ve kandesartan",llm
C10BX20,rosuvastatin and telmisartan,rosuvastatin ve telmisartan,llm
C10BX21,rosuvastatin and perindopril,rosuvastatin ve perindopril,llm
C10BX22,rosuvastatin and nebivolol,rosuvastatin ve nebivolol,llm
C10BX23,"rosuvastatin, amlodipine and ramipril","rosuvastatin, amlodipin ve ramipril",llm
C10BX24,"rosuvastatin, amlodipine and telmisartan","rosuvastatin, amlodipin ve telmisartan",llm
D01AA01,nystatin,nistatin,llm
D01AA02,natamycin,natamisin,llm
D01AA03,hachimycin,hasimisin,llm
D01AA04,pecilocin,pesilosin,llm
D01AA06,mepartricin,mepartrisin,llm
D01AA07,pyrrolnitrin,pirolnitrin,llm
D01AA08,griseofulvin,griseofulvin,llm
D01AA20,antibiotics in combination with corticosteroids,kortikosteroidlerle kombinasyon halinde antibiyotikler,llm
D01AC01,clotrimazole,klotrimazol,titck
D01AC02,miconazole,miconazole,titck
D01AC03,econazole,ekonazol nitrat,titck
D01AC04,chlormidazole,ekonazol nitrat,titck
D01AC05,isoconazole,izokonazol nitrat,titck
D01AC06,tiabendazole,tiabendazol,llm
D01AC07,tioconazole,tiokonazol,titck
D01AC08,ketoconazole,ketoconazole,titck
D01AC09,sulconazole,sulkonazol,llm
D01AC10,bifonazole,bifonazol,titck
D01AC11,oxiconazole,oksikonazol nitrat,titck
D01AC12,fenticonazole,fentikonazol,llm
D01AC13,omoconazole,omokonazol,llm
D01AC14,sertaconazole,sertakonazol nitrat,titck
D01AC15,fluconazole,flukonazol,llm
D01AC16,flutrimazole,flutrimazol,llm
D01AC17,eberconazole,eberkonazol,llm
D01AC18,luliconazole,lulikonazol,titck
D01AC19,efinaconazole,efinakonazol,llm
D01AC20,imidazoles/triazoles in combination with corticosteroids,"izokonazol nitrat, diflukortolon valerat",titck
D01AC21,neticonazole,netikonazol,llm
D01AC22,lanoconazole,lanokonazol,llm
D01AC52,"miconazole, combinations","alüminyum hidroksiklorit, mikonazol",titck
D01AC60,"bifonazole, combinations","bifonazol, kombinasyonlar",llm
D01AE01,bromochlorosalicylanilide,bromoklorosalisilanilid,llm
D01AE02,methylrosaniline,methylrosaniline,titck
D01AE03,tribromometacresol,tribromometakresol,llm
D01AE04,undecylenic acid,undesilenik asit,llm
D01AE05,polynoxylin,polinoksilin,llm
D01AE06,2-(4-chlorphenoxy)-ethanol,2-(4-klorfenoksi)-etanol,llm
D01AE07,chlorphenesin,klorfenesin,llm
D01AE08,ticlatone,tiklaton,llm
D01AE09,sulbentine,sulbentin,llm
D01AE10,ethyl hydroxybenzoate,etil hidroksibenzoat,llm
D01AE11,haloprogin,haloprogin,llm
D01AE12,salicylic acid,salisilik asit,llm
D01AE13,selenium sulfide,selenyum sülfid,titck
D01AE14,ciclopirox,siklopiroks,titck
D01AE15,terbinafine,terbinafin hcl,titck
D01AE16,amorolfine,amorolfin hcl,titck
D01AE17,dimazole,dimazol,llm
D01AE18,tolnaftate,tolnaftate,titck
D01AE19,tolciclate,tolsiklat,llm
D01AE20,combinations,"terbinafin hidroklorür, mometazon furoat",titck
D01AE21,flucytosine,flusitozin,llm
D01AE22,naftifine,naftifin hidroklorür,titck
D01AE23,butenafine,butenafin hidroklorür,titck
D01AE24,tavaborole,tavaborol,llm
D01AE25,liranaftate,liranaftat,llm
D01AE54,"undecylenic acid, combinations",antimycotique,titck
D01BA01,griseofulvin,griseofulvin,titck
D01BA02,terbinafine,terbinafin hidroklorür,titck
D01BA03,fosravuconazole,fosravukonazol,llm
D02AE01,carbamide,üre,titck
D02AE51,"carbamide, combinations","üre, salisilik asit",titck
D02BA01,aminobenzoic acid,aminobenzoik asit,llm
D02BA02,octinoxate,oktinoksat,llm
D02BB01,betacarotene,betakaroten,llm
D02BB02,afamelanotide,afamelanotid,llm
D03AX01,cadexomer iodine,kadeksomer iyot,llm
D03AX02,dextranomer,dekstranomer,llm
D03AX03,dexpanthenol,dekspantenol,titck
D03AX04,calcium pantothenate,kalsiyum pantotenat,llm
D03AX05,hyaluronic acid,hiyalüronik asit,llm
D03AX06,becaplermin,bekaplermin,llm
D03AX09,crilanomer,krilanomer,llm
D03AX10,enoxolone,enoksolon,llm
D03AX11,sodium chlorite,sodyum klorit,llm
D03AX12,trolamine,trolamin,llm
D03AX13,Betulae cortex,Betulae cortex,llm
D03AX14,"Centella asiatica herba, incl. combinations",centella asiatica ekstresi,titck
D03AX15,trafermin,trafermin,llm
D03AX16,beremagene geperpavec,beremagene geperpavek,llm
D03AX17,diperoxochloric acid,diperoksokloric asit,llm
D03BA01,trypsin,tripsin,llm
D03BA02,collagenase,kollajenaz,llm
D03BA03,bromelains,bromelainler,llm
D03BA52,"collagenase, combinations","collagenase, combinations",titck
D04AA01,thonzylamine,tonzilamin,llm
D04AA02,mepyramine,mepiramin,llm
D04AA03,thenalidine,tenalidin,llm
D04AA04,tripelennamine,tripelenamin,llm
D04AA09,chloropyramine,kloropiramin,llm
D04AA10,promethazine,prometazin,llm
D04AA12,tolpropamine,tolpropamin,llm
D04AA13,dimetindene,dimetinden maleat,titck
D04AA14,clemastine,klemastin,llm
D04AA15,bamipine,bamipin,llm
D04AA16,pheniramine,feniramin hidrojen maleat,titck
D04AA22,isothipendyl,izotipendil,llm
D04AA32,diphenhydramine,"antipruritics, incl. antihistamines, anesthetics, etc.",titck
D04AA33,diphenhydramine methylbromide,difenhidramin metilbromür,llm
D04AA34,chlorphenoxamine,klorfenoksamin hidroklorür,titck
D04AB01,lidocaine,lidokain,titck
D04AB02,cinchocaine,sinkokain,llm
D04AB03,oxybuprocaine,oksibuprokain,llm
D04AB04,benzocaine,benzokain,llm
D04AB05,quinisocaine,kinisokain,llm
D04AB06,tetracaine,tetrakain,llm
D04AB07,pramocaine,pramokain,llm
D04AX01,doxepin,doksepin hidroklorür,titck
D05AC01,dithranol,ditranol,llm
D05AC51,"dithranol, combinations","dithranol, combinations",titck
D05AD01,trioxysalen,trioksisalen,llm
D05AD02,methoxsalen,8-metoksipsoralen,titck
D05AX01,fumaric acid,fumarik asit,llm
D05AX02,calcipotriol,calcipotriol,titck
D05AX03,calcitriol,kalsitriol,llm
D05AX04,tacalcitol,takalsitol,llm
D05AX05,tazarotene,tazaroten,titck
D05AX06,roflumilast,roflumilast,llm
D05AX07,tapinarof,tapinarof,llm
D05AX52,"calcipotriol, combinations","kalsipotriol monohidrat, betametazon dipropiyonat",titck
D05AX55,tazarotene and ulobetasol,tazaroten ve ulobetazol,llm
D05BA01,trioxysalen,trioksisalen,llm
D05BA02,methoxsalen,methoxalen,titck
D05BA03,bergapten,bergapten,llm
D05BB01,etretinate,etretinat,llm
D05BB02,acitretin,asitretin,titck
D05BX51,"fumaric acid derivatives, combinations","dimetil fumarat, kalsiyum monoetil fumarat, magnezyum monoetil fumarat, çinko monoetil fumarat",titck
D06AA01,demeclocycline,demeklosiklin,llm
D06AA02,chlortetracycline,klortetrasiklin,llm
D06AA03,oxytetracycline,"oksitetrasiklin hidroklorür, polimiksin b sülfat",titck
D06AA04,tetracycline,tetrasiklin hidroklorür,titck
D06AX01,fusidic acid,fusidik asit,titck
D06AX02,chloramphenicol,kloramfenikol,llm
D06AX04,neomycin,nitrofurazon,titck
D06AX05,bacitracin,basitrasin,llm
D06AX07,gentamicin,gentamisin,titck
D06AX08,tyrothricin,tirotrisin,llm
D06AX09,mupirocin,mupirocin,titck
D06AX10,virginiamycin,virjiniamisin,llm
D06AX11,rifaximin,rifaksimin,llm
D06AX12,amikacin,amikasin,llm
D06AX13,retapamulin,retapamulin,llm
D06AX14,ozenoxacin,ozenoksasin,llm
D06AX15,rifamycin,rifamisin,llm
D06BA01,silver sulfadiazine,silver sulfadiazine,titck
D06BA02,sulfathiazole,sulfatiazol,llm
D06BA03,mafenide,mafenid,llm
D06BA04,sulfamethizole,sulfametizol,llm
D06BA05,sulfanilamide,sulfanilamid,llm
D06BA06,sulfamerazine,sulfamerazin,llm
D06BA51,"silver sulfadiazine, combinations",gümüş sülfadiazin+lidokain,titck
D06BB01,idoxuridine,idoksuridin,llm
D06BB02,tromantadine,tromantadin,llm
D06BB03,aciclovir,asiklovir,titck
D06BB04,podophyllotoxin,podofilotoksin,llm
D06BB05,inosine,inosin,llm
D06BB06,penciclovir,pensiklovir,titck
D06BB07,lysozyme,lizozim,llm
D06BB08,ibacitabine,ibasitabin,llm
D06BB09,edoxudine,edoksudin,llm
D06BB10,imiquimod,imikimod,titck
D06BB11,docosanol,dokosanol,llm
D06BB12,sinecatechins,sinekateşinler,llm
D06BB13,berdazimer sodium,berdazimer sodyum,llm
D06BB53,"aciclovir, combinations","asiklovir, hidrokortizon",titck
D06BX01,metronidazole,metronidazol,titck
D06BX02,ingenol mebutate,ingenol mebutat,llm
D06BX03,tirbanibulin,tirbanibulin,llm
D07AA01,methylprednisolone,metilprednizolon,llm
D07AA02,hydrocortisone,hidrokortizon asetat,titck
D07AA03,prednisolone,"prednisolon %0,125",titck
D07AB01,clobetasone,clobetasone,titck
D07AB02,hydrocortisone butyrate,hydrocortisone butyrate,titck
D07AB03,flumetasone,flumetazon,llm
D07AB04,fluocortin,flukortin,llm
D07AB05,fluperolone,fluperolon,llm
D07AB06,fluorometholone,fluorometolon,llm
D07AB07,fluprednidene,fluprednident,llm
D07AB08,desonide,desonide,titck
D07AB09,triamcinolone,triamsinolon asetonid,titck
D07AB10,alclometasone,alklometazon dipropiyonat,titck
D07AB11,hydrocortisone buteprate,hidrokortizon buteprat,llm
D07AB19,dexamethasone,deksametazon,llm
D07AB21,clocortolone,klokortolon,llm
D07AB30,combinations of corticosteroids,kortikosteroid kombinasyonları,llm
D07AC01,betamethasone,betamethasone,titck
D07AC02,fluclorolone,fluklorolon,llm
D07AC03,desoximetasone,desoksimetazon,llm
D07AC04,fluocinolone acetonide,fluosinolon asetonid,llm
D07AC05,fluocortolone,fluokortolon,llm
D07AC06,diflucortolone,diflukotolon valerat,titck
D07AC07,fludroxycortide,fludroksikortid,llm
D07AC08,fluocinonide,fluosinonid,llm
D07AC09,budesonide,budesonid,llm
D07AC10,diflorasone,diflorazon diasetat,titck
D07AC11,amcinonide,amsinonid,llm
D07AC12,halometasone,halometazon,titck
D07AC13,mometasone,mometazon furoat,titck
D07AC14,methylprednisolone aceponate,metilprednizolon aseponat,titck
D07AC15,beclometasone,beklometazon dipropiyonat,titck
D07AC16,hydrocortisone aceponate,hidrokortizon aseponat,llm
D07AC17,fluticasone,flutikazon,titck
D07AC18,prednicarbate,predni karbat,titck
D07AC19,difluprednate,difluprednat,titck
D07AC21,ulobetasol,ulobetazol,llm
D07AD01,clobetasol,klobetazol 17-propiyonat,titck
D07AD02,halcinonide,halsinonid,llm
D07BA01,prednisolone and antiseptics,"prednizolon, iyodoklorhidroksiquin",titck
D07BA04,hydrocortisone and antiseptics,hidrokortizon ve antiseptikler,llm
D07BB01,flumetasone and antiseptics,flumetazon pivalat ve kliokinol,titck
D07BB02,desonide and antiseptics,desonide,titck
D07BB03,triamcinolone and antiseptics,triamsinolon ve antiseptikler,llm
D07BB04,hydrocortisone butyrate and antiseptics,hidrokortizon butirat ve antiseptikler,llm
D07BC01,betamethasone and antiseptics,betametazon/kliokinol,titck
D07BC02,fluocinolone acetonide and antiseptics,fluosinolon asetonid ve antiseptikler,llm
D07BC03,fluocortolone and antiseptics,fluokortolon ve antiseptikler,llm
D07BC04,diflucortolone and antiseptics,"diflukortolon valerat, klorkinaldol",titck
D07CA01,hydrocortisone and antibiotics,fusidik asit/hidrokortizon asetat,titck
D07CA02,methylprednisolone and antibiotics,metilprednizolon ve antibiyotikler,llm
D07CA03,prednisolone and antibiotics,prednizolon ve antibiyotikler,llm
D07CB01,triamcinolone and antibiotics,triamsinolon ve antibiyotikler,llm
D07CB02,fluprednidene and antibiotics,fluprednident ve antibiyotikler,llm
D07CB03,fluorometholone and antibiotics,fluorometolon ve antibiyotikler,llm
D07CB04,dexamethasone and antibiotics,deksametazon ve antibiyotikler,llm
D07CB05,flumetasone and antibiotics,flumetazon ve antibiyotikler,llm
D07CC01,betamethasone and antibiotics,betametazon dipropiyonat ve gentamisin sülfat,titck
D07CC02,fluocinolone acetonide and antibiotics,fluosinolon asetonid ve antibiyotikler,llm
D07CC03,fludroxycortide and antibiotics,fludroksikortid ve antibiyotikler,llm
D07CC04,beclometasone and antibiotics,beklometazon ve antibiyotikler,llm
D07CC05,fluocinonide and antibiotics,fluosinonid ve antibiyotikler,llm
D07CC06,fluocortolone and antibiotics,fluokortolon ve antibiyotikler,llm
D07CD01,clobetasol and antibiotics,klobetazol ve antibiyotikler,llm
D07XA01,hydrocortisone,"hidrokortizon asetat, üre",titck
D07XA02,prednisolone,prednizolon,llm
D07XB01,flumetasone,flumetazon pivalat ve salisilik asit,titck
D07XB02,triamcinolone,triamsinolon,llm
D07XB03,fluprednidene,fluprednident,llm
D07XB04,fluorometholone,fluorometolon,llm
D07XB05,dexamethasone,deksametazon,llm
D07XB30,combinations of corticosteroids,kortikosteroid kombinasyonları,llm
D07XC01,betamethasone,betametazon dipropiyonat ve salisilik asit,titck
D07XC02,desoximetasone,desoksimetazon,llm
D07XC03,mometasone,mometazon furoat ve salisilik asit,titck
D07XC04,diflucortolone,diflukortolon,llm
D07XC05,fluocortolone,fluokortolon,llm
D08AA01,ethacridine lactate,etakridin laktat,llm
D08AA02,aminoacridine,aminoakridin,llm
D08AA03,euflavine,euflavin,llm
D08AC01,dibrompropamidine,dibrompropamidin,llm
D08AC02,chlorhexidine,klorheksidin,llm
D08AC03,propamidine,propamidin,llm
D08AC04,hexamidine,heksamidin,llm
D08AC05,polihexanide,poliheksanid,llm
D08AC52,"chlorhexidine, combinations",klorhekzidin/setrimid,titck
D08AE01,hexachlorophene,hekzaklorofen,llm
D08AE02,policresulen,polikresulen,llm
D08AE03,phenol,fenol,llm
D08AE04,triclosan,triklosan,llm
D08AE05,chloroxylenol,kloroksilenol,llm
D08AE06,biphenylol,bifenilol,llm
D08AF01,nitrofural,nitrofurazon,titck
D08AG01,iodine/octylphenoxypolyglycolether,iyot/oktilfenoksipoliglikoleter,llm
D08AG02,povidone-iodine,polivinilpirolidon iyot,titck
D08AG03,iodine,iyot,llm
D08AG04,diiodohydroxypropane,diiyodohidroksipropan,llm
D08AH01,dequalinium,dekualinyum,llm
D08AH02,chlorquinaldol,klorkinaldol,llm
D08AH03,oxyquinoline,oksikinolin,llm
D08AH30,clioquinol,kliokinol,llm
D08AJ01,benzalkonium,benzalkonyum klorür,titck
D08AJ02,cetrimonium,setrimid (setil trimetilamonyum bromid),titck
D08AJ03,cetylpyridinium,setilpiridinyum,llm
D08AJ04,cetrimide,setrimid,llm
D08AJ05,benzoxonium chloride,benzoksonyum klorür,llm
D08AJ06,didecyldimethylammonium chloride,dideçildimetilamonyum klorür,llm
D08AJ08,benzethonium chloride,benzetonyum klorür,llm
D08AJ10,decamethoxine,dekametoksin,llm
D08AJ57,"octenidine, combinations",oktenidin dihidroklorür fenoksietanol,titck
D08AJ58,"benzethonium chloride, combinations","benzetonyum klorür, kombinasyonlar",llm
D08AJ59,"dodeclonium bromide, combinations","dodeklonyum bromür, kombinasyonlar",llm
D08AK01,mercuric amidochloride,merkürik amidoklorür,llm
D08AK02,phenylmercuric borate,fenilmerkürik borat,llm
D08AK03,mercuric chloride,merkürik klorür,llm
D08AK04,merbromin,merkürokrom (merbramin),titck
D08AK05,"mercury, metallic","cıva, metalik",llm
D08AK06,thiomersal,tiomersal,titck
D08AK30,mercuric iodide,merkürik iyodür,llm
D08AL01,silver nitrate,gümüş nitrat,llm
D08AL30,silver,gümüş,llm
D08AX01,hydrogen peroxide,hidrojen peroksit,titck
D08AX02,eosin,eozin,llm
D08AX03,propanol,propanol,llm
D08AX04,tosylchloramide sodium,tosilkloramid sodyum,llm
D08AX05,isopropanol,izopropanol,llm
D08AX06,potassium permanganate,potasyum permanganat,llm
D08AX07,sodium hypochlorite,sodyum hipoklorit,llm
D08AX08,ethanol,etanol,llm
D08AX53,"propanol, combinations","propanol, kombinasyonlar",llm
D09AA01,framycetin,framisetin,llm
D09AA02,fusidic acid,fusidik asit,llm
D09AA03,nitrofural,nitrofural,llm
D09AA04,phenylmercuric nitrate,fenilmerkürik nitrat,llm
D09AA05,benzododecinium,benzododesinyum,llm
D09AA06,triclosan,triklosan,llm
D09AA07,cetylpyridinium,setilpiridinyum,llm
D09AA08,aluminium chlorohydrate,alüminyum klorohidrat,llm
D09AA09,povidone-iodine,povidon-iyot,llm
D09AA10,clioquinol,kliokinol,llm
D09AA11,benzalkonium,benzalkonyum,llm
D09AA12,chlorhexidine,klorheksidin,llm
D09AA13,iodoform,iyodoform,llm
D09AB01,zinc bandage without supplements,takviyesiz çinko bandaj,llm
D09AB02,zinc bandage with supplements,takviyeli çinko bandaj,llm
D10AA01,fluorometholone,fluorometolon,llm
D10AA02,methylprednisolone,metilprednizolon,llm
D10AA03,dexamethasone,deksametazon,llm
D10AB01,bithionol,bitionol,llm
D10AB02,sulfur,kükürt,llm
D10AB03,tioxolone,tioksolon,llm
D10AB05,mesulfen,mesulfen,llm
D10AD01,tretinoin,retinoik asit,titck
D10AD02,retinol,retinol,llm
D10AD03,adapalene,adapalen,titck
D10AD04,isotretinoin,izotretinoin,llm
D10AD05,motretinide,motretinid,llm
D10AD06,trifarotene,trifaroten,llm
D10AD51,"tretinoin, combinations","klindamisin fosfat, tretionin",titck
D10AD53,"adapalene, combinations","adapalen, benzoil peroksit",titck
D10AD54,"isotretinoin, combinations",eritromisin+isotretinoin,titck
D10AE01,benzoyl peroxide,benzoilperoksit,titck
D10AE51,"benzoyl peroxide, combinations","klindamisin fosfat, benzoil peroksit (sulu)",titck
D10AF01,clindamycin,klindamisin fosfat,titck
D10AF02,erythromycin,eritromisin,titck
D10AF03,chloramphenicol,kloramfenikol,llm
D10AF04,meclocycline,meklosiklin,llm
D10AF05,nadifloxacin,nadifloksasin,titck
D10AF06,sulfacetamide,sodyum sülfasetamid,titck
D10AF07,minocycline,minosiklin,llm
D10AF51,"clindamycin, combinations",benzoil peroksit ve klindamisin,titck
D10AF52,"erythromycin, combinations","benzoil peroksit, eritromisin",titck
D10AX01,aluminium chloride,alüminyum klorür,llm
D10AX02,resorcinol,resorsinol,llm
D10AX03,azelaic acid,azelaik asit,titck
D10AX04,aluminium oxide,alüminyum oksit,llm
D10AX05,dapsone,dapson,titck
D10AX06,clascoterone,klaskoteron,llm
D10AX30,various combinations,çeşitli kombinasyonlar,llm
D10BA01,isotretinoin,isotretinoin,titck
D10BX01,ichtasol,iktasol,llm
D11AA01,glycopyrronium,glikopironyum,llm
D11AA02,sofpironium bromide,sofpironyum bromür,llm
D11AC01,cetrimide,setrimid,llm
D11AC02,cadmium compounds,kadmiyum bileşikleri,llm
D11AC03,selenium compounds,selenyum bileşikleri,llm
D11AC06,povidone-iodine,povidon-iyot,llm
D11AC08,sulfur compounds,kükürt bileşikleri,llm
D11AC09,xenysalate,ksenisalat,llm
D11AC30,others,diğerleri,llm
D11AE01,metandienone,metandienon,llm
D11AH01,tacrolimus,takrolimus monohidrat,titck
D11AH02,pimecrolimus,pimecrolimus,titck
D11AH03,cromoglicic acid,kromoglisik asit,llm
D11AH04,alitretinoin,alitretinoin,llm
D11AH05,dupilumab,dupilumab,titck
D11AH06,crisaborole,krisaborol,llm
D11AH07,tralokinumab,tralokinumab,llm
D11AH08,abrocitinib,abrositinib,titck
D11AH09,ruxolitinib,ruksolitinib,llm
D11AH10,lebrikizumab,lebrikizumab,llm
D11AH11,delgocitinib,delgositinib,llm
D11AH12,nemolizumab,nemolizumab,llm
D11AX01,minoxidil,minoksidil,titck
D11AX02,gamolenic acid,gamolenik asit,llm
D11AX03,calcium gluconate,kalsiyum glukonat,llm
D11AX04,lithium succinate,lityum süksinat,llm
D11AX05,magnesium sulfate,magnezyum sülfat,llm
D11AX06,mequinol,mekinol,llm
D11AX08,tiratricol,tiratrikol,llm
D11AX09,oxaceprol,oksaseprol,llm
D11AX10,finasteride,finasterid,titck
D11AX11,hydroquinone,hidrokinon,titck
D11AX12,pyrithione zinc,zink pirition,titck
D11AX13,monobenzone,monobenzon,titck
D11AX16,eflornithine,eflornitin hidroklorür monohidrat,titck
D11AX18,diclofenac,diclofenac sodium,titck
D11AX21,brimonidine,brimonidin tartarat,titck
D11AX22,ivermectin,i̇vermektin,titck
D11AX23,aminobenzoate potassium,aminobenzoat potasyum,llm
D11AX24,deoxycholic acid,deoksikolik asit,llm
D11AX25,hydrogen peroxide,hidrojen peroksit,llm
D11AX26,caffeine,kafein,llm
D11AX27,oxymetazoline,oksimetazolin,llm
D11AX52,"gamolenic acid, combinations","gamolenik asit, kombinasyonlar",llm
D11AX57,"collagen, combinations","kollajen, kombinasyonlar",llm
G01AA01,nystatin,nistatin,llm
G01AA02,natamycin,natamisin,llm
G01AA03,amphotericin B,amfoterisin B,llm
G01AA04,candicidin,kandisidin,llm
G01AA05,chloramphenicol,kloramfenikol,titck
G01AA06,hachimycin,haşimisin,llm
G01AA07,oxytetracycline,oksitetrasiklin,llm
G01AA08,carfecillin,karfesilin,llm
G01AA09,mepartricin,mepartrisin,llm
G01AA10,clindamycin,klindamisin fosfat,titck
G01AA11,pentamycin,pentamisin,llm
G01AA51,"nystatin, combinations","nifuratel, nistatin",titck
G01AB01,acetarsol,asetarsol,llm
G01AC01,diiodohydroxyquinoline,di-iyodohidroksikinolin,titck
G01AC02,clioquinol,klioksinol,llm
G01AC03,chlorquinaldol,klorkinaldol,llm
G01AC05,dequalinium,dekualinyum klorür,titck
G01AC06,broxyquinoline,broksikinolin,llm
G01AC30,oxyquinoline,oksikinolin,llm
G01AD01,lactic acid,laktik asit,llm
G01AD02,acetic acid,asetik asit,llm
G01AD03,ascorbic acid,askorbik asit,titck
G01AE01,sulfatolamide,sülfatolamid,llm
G01AE10,combinations of sulfonamides,sülfonamid kombinasyonları,llm
G01AF01,metronidazole,metronidazol,titck
G01AF02,clotrimazole,klotrimazol,titck
G01AF04,miconazole,mikonazol nitrat,titck
G01AF05,econazole,ekonazol,llm
G01AF06,ornidazole,ornidazol,titck
G01AF07,isoconazole,izokonazol nitrat,titck
G01AF08,tioconazole,tiokonazol,titck
G01AF11,ketoconazole,ketoconazole,titck
G01AF12,fenticonazole,fentikonazol nitrat,titck
G01AF13,azanidazole,azanidazol,llm
G01AF14,propenidazole,propenidazol,llm
G01AF15,butoconazole,butokonazol,llm
G01AF16,omoconazole,omokonazol,llm
G01AF17,oxiconazole,oksikonazol,llm
G01AF18,flutrimazole,flutrimazol,llm
G01AF19,sertaconazole,sertaconazole,titck
G01AF20,combinations of imidazole derivatives,metronidazol+mikonazol nitrat,titck
G01AF21,tinidazole,tinidazol,llm
G01AF55,"econazole, combinations","ekonazol, kombinasyonlar",llm
G01AG02,terconazole,terkonazol,llm
G01AX01,clodantoin,klodantoin,llm
G01AX02,inosine,inosin,llm
G01AX03,policresulen,polikresulen,llm
G01AX05,nifuratel,nifuratel,llm
G01AX06,furazolidone,furazolidon,titck
G01AX09,methylrosaniline,metilrosanilin,llm
G01AX11,povidone-iodine,povidone-iodine,titck
G01AX12,ciclopirox,siklopiroks,titck
G01AX13,protiofate,protiofat,llm
G01AX14,lactobacillus,laktobasil,llm
G01AX15,copper usnate,bakır usnat,llm
G01AX16,hexetidine,heksetidin,titck
G01AX17,dapivirine,dapivirin,llm
G01AX66,"octenidine, combinations","oktenidin, kombinasyonlar",llm
G02AB01,methylergometrine,methylergometrine,titck
G02AB02,ergot alkaloids,ergot alkaloidleri,llm
G02AB03,ergometrine,ergometrin,llm
G02AC01,methylergometrine and oxytocin,metilergometrin ve oksitosin,llm
G02AD01,dinoprost,dinoprost,llm
G02AD02,dinoprostone,dinoprostone,titck
G02AD03,gemeprost,gemeprost,llm
G02AD04,carboprost,karboprost,llm
G02AD05,sulprostone,sulproston,llm
G02AD06,misoprostol,misoprostol,llm
G02BA01,plastic IUD,plastik RİA,llm
G02BA02,plastic IUD with copper,bakırlı plastik RİA,llm
G02BA03,plastic IUD with progestogen,levonorgestrel,titck
G02BB01,vaginal ring with progestogen and estrogen,"etonogestrel, etinilestradiol",titck
G02BB02,vaginal ring with progestogen,progestojenli vajinal halka,llm
G02CA01,ritodrine,ritodrin,llm
G02CA02,buphenine,bufenin,llm
G02CA03,fenoterol,fenoterol,llm
G02CB01,bromocriptine,bromokriptin mesilat,titck
G02CB02,lisuride,lisurid,llm
G02CB03,cabergoline,kabergolin,titck
G02CB04,quinagolide,quinagolide,titck
G02CB05,metergoline,metergolin,llm
G02CB06,terguride,tergurid,llm
G02CC01,ibuprofen,ibuprofen,llm
G02CC02,naproxen,naproksen,llm
G02CC03,benzydamine,benzidamin hcl,titck
G02CC04,flunoxaprofen,flunoksaprofen,llm
G02CX01,atosiban,atosiban,titck
G02CX02,flibanserin,flibanserin,llm
G02CX03,Agni casti fructus,agni casti fructus,titck
G02CX04,Cimicifugae rhizoma,Cimicifugae rhizoma,llm
G02CX05,bremelanotide,bremelanotid,llm
G02CX06,fezolinetant,fezolinetant,titck
G02CX07,elinzanetant,elinzanetant,llm
G03AA01,etynodiol and ethinylestradiol,"etinodiol diasetat, etinilöstradiol",titck
G03AA02,quingestanol and ethinylestradiol,kingestanol ve etinilestradiol,llm
G03AA03,lynestrenol and ethinylestradiol,linestrenol ve etinilestradiol,llm
G03AA04,megestrol and ethinylestradiol,megestrol ve etinilestradiol,llm
G03AA05,norethisterone and ethinylestradiol,"noretisteron enantat, estradiol valerat",titck
G03AA06,norgestrel and ethinylestradiol,norgestrel ve etinilestradiol,llm
G03AA07,levonorgestrel and ethinylestradiol,"etinilestradiol, levonorgestrel",titck
G03AA08,medroxyprogesterone and ethinylestradiol,medroksiprogesteron ve etinilestradiol,llm
G03AA09,desogestrel and ethinylestradiol,"desogestrel, etinilestradiol",titck
G03AA10,gestodene and ethinylestradiol,gestodene and ethinylestradiol,titck
G03AA11,norgestimate and ethinylestradiol,norgestimat ve etinilestradiol,llm
G03AA12,drospirenone and ethinylestradiol,"drospirenon, etinilestradiol",titck
G03AA13,norelgestromin and ethinylestradiol,norelgestromin ve etinilestradiol,llm
G03AA14,nomegestrol and estradiol,nomegestrol ve estradiol,llm
G03AA15,chlormadinone and ethinylestradiol,klormadinon ve etinilestradiol,llm
G03AA16,dienogest and ethinylestradiol,dienogest/etinilestradiol,titck
G03AA17,medroxyprogesterone and estradiol,medroksiprogesteron ve estradiol,llm
G03AA18,drospirenone and estetrol,drospirenon ve estetrol,llm
G03AB01,megestrol and ethinylestradiol,megestrol ve etinilestradiol,llm
G03AB02,lynestrenol and ethinylestradiol,linestrenol ve etinilestradiol,llm
G03AB03,levonorgestrel and ethinylestradiol,levonorgestrel ve etinilestradiol,llm
G03AB04,norethisterone and ethinylestradiol,noretisteron ve etinilestradiol,llm
G03AB05,desogestrel and ethinylestradiol,desogestrel ve etinilestradiol,llm
G03AB06,gestodene and ethinylestradiol,gestoden ve etinilestradiol,llm
G03AB07,chlormadinone and ethinylestradiol,klormadinon ve etinilestradiol,llm
G03AB08,dienogest and estradiol,"estradiol valerat, dienogest",titck
G03AB09,norgestimate and ethinylestradiol,norgestimat ve etinilestradiol,llm
G03AC01,norethisterone,noretisteron,llm
G03AC02,lynestrenol,linestrenol,llm
G03AC03,levonorgestrel,levonorgestrel,llm
G03AC04,quingestanol,kingestanol,llm
G03AC05,megestrol,megestrol,llm
G03AC06,medroxyprogesterone,medroksi progesteron asetat,titck
G03AC07,norgestrienone,norgestrienon,llm
G03AC08,etonogestrel,etonogestrel,titck
G03AC09,desogestrel,desogestrel,titck
G03AC10,drospirenone,drospirenon,titck
G03AD01,levonorgestrel,levonorgestrel,titck
G03AD02,ulipristal,ulipristal asetat,titck
G03BA01,fluoxymesterone,fluoksimesteron,llm
G03BA02,methyltestosterone,metiltestosteron,titck
G03BA03,testosterone,testosterone,titck
G03BB01,mesterolone,mesterolon,titck
G03BB02,androstanolone,androstanolon,llm
G03CA01,ethinylestradiol,"drospirenon, etinilestradiol",titck
G03CA03,estradiol,estradiol,titck
G03CA04,estriol,estriol,titck
G03CA06,chlorotrianisene,klorotrianisen,llm
G03CA07,estrone,estron,llm
G03CA09,promestriene,promestrien,llm
G03CA10,estetrol,estetrol,llm
G03CA53,"estradiol, combinations","estradiol, kombinasyonlar",llm
G03CA57,conjugated estrogens,konjuge estrojenler,llm
G03CB01,dienestrol,dienestrol,llm
G03CB02,diethylstilbestrol,dietilstilbestrol,llm
G03CB03,methallenestril,metallenestril,llm
G03CB04,moxestrol,moksestrol,llm
G03CC02,dienestrol,dienestrol,llm
G03CC03,methallenestril,metallenestril,llm
G03CC04,estrone,estron,llm
G03CC05,diethylstilbestrol,dietilstilbestrol,llm
G03CC06,estriol,lactobacillus acidophilus/estriol,titck
G03CC07,conjugated estrogens and bazedoxifene,konjuge estrojenler ve bazedoksifen,llm
G03CX01,tibolone,tibolon,llm
G03DA01,gestonorone,gestonoron,llm
G03DA02,medroxyprogesterone,medroxyprogesterone,titck
G03DA03,hydroxyprogesterone,hidroksiprogesteron kaproat,titck
G03DA04,progesterone,progesteron,titck
G03DB01,dydrogesterone,didrogesteron,titck
G03DB02,megestrol,megestrol,llm
G03DB03,medrogestone,medrogeston,llm
G03DB04,nomegestrol,nomegestrol,llm
G03DB05,demegestone,demegeston,llm
G03DB06,chlormadinone,klormadinon,llm
G03DB07,promegestone,promegeston,llm
G03DB08,dienogest,dienogest,titck
G03DC01,allylestrenol,allilestrenol,llm
G03DC02,norethisterone,noretisteron,titck
G03DC03,lynestrenol,linestrenol,titck
G03DC04,ethisterone,etisteron,llm
G03DC06,etynodiol,etinidiol diasetat,titck
G03DC31,methylestrenolone,metilestrenolon,llm
G03EA01,methyltestosterone and estrogen,metiltestosteron ve estrojen,llm
G03EA02,testosterone and estrogen,testosteron ve estrojen,llm
G03EA03,prasterone and estrogen,prasteron ve estrojen,llm
G03EK01,methyltestosterone,metiltestosteron,llm
G03FA01,norethisterone and estrogen,östradiol hemihidrat/noretisteron asetat,titck
G03FA02,hydroxyprogesterone and estrogen,hidroksiprogesteron ve estrojen,llm
G03FA03,ethisterone and estrogen,etisteron ve estrojen,llm
G03FA04,progesterone and estrogen,progesteron ve estrojen,llm
G03FA05,methylnortestosterone and estrogen,metilnortestosteron ve estrojen,llm
G03FA06,etynodiol and estrogen,etinodiol ve estrojen,llm
G03FA07,lynestrenol and estrogen,linestrenol ve estrojen,llm
G03FA08,megestrol and estrogen,megestrol ve estrojen,llm
G03FA09,noretynodrel and estrogen,noretinodrel ve estrojen,llm
G03FA10,norgestrel and estrogen,norgestrel ve estrojen,llm
G03FA11,levonorgestrel and estrogen,levonorgestrel ve estrojen,llm
G03FA12,medroxyprogesterone and estrogen,medroksiprogesteron ve estrojen,llm
G03FA13,norgestimate and estrogen,norgestimat ve estrojen,llm
G03FA14,dydrogesterone and estrogen,"estradiol hemihidrat, didrogesteron",titck
G03FA15,dienogest and estrogen,"dienogest, estradiol valerat",titck
G03FA16,trimegestone and estrogen,trimegeston ve estrojen,llm
G03FA17,drospirenone and estrogen,"estradiol, drospirenon",titck
G03FB01,norgestrel and estrogen,"norgestrel, estradiol valerat",titck
G03FB02,lynestrenol and estrogen,linestrenol ve estrojen,llm
G03FB03,chlormadinone and estrogen,klormadinon ve estrojen,llm
G03FB04,megestrol and estrogen,megestrol ve estrojen,llm
G03FB05,norethisterone and estrogen,östradiol hemihidrat/noretisteron asetat,titck
G03FB06,medroxyprogesterone and estrogen,östradiol valerat+medroksiprogesteron asetat,titck
G03FB07,medrogestone and estrogen,medrogeston ve estrojen,llm
G03FB08,dydrogesterone and estrogen,didrogesteron ve estrojen,llm
G03FB09,levonorgestrel and estrogen,levonorgestrel ve estrojen,llm
G03FB10,desogestrel and estrogen,desogestrel ve estrojen,llm
G03FB11,trimegestone and estrogen,trimegeston ve estrojen,llm
G03FB12,nomegestrol and estrogen,nomegestrol ve estrojen,llm
G03GA01,chorionic gonadotrophin,chorionic gonadotrophin,titck
G03GA02,human menopausal gonadotrophin,human menopausal gonadotrophin,titck
G03GA03,serum gonadotrophin,serum gonadotropini,llm
G03GA04,urofollitropin,urofollitropin,titck
G03GA05,follitropin alfa,follitropin alfa,titck
G03GA06,follitropin beta,follitropin beta,titck
G03GA07,lutropin alfa,lutropin alfa,titck
G03GA08,choriogonadotropin alfa,koriogonadotropin alfa,titck
G03GA09,corifollitropin alfa,korifollitropin alfa,titck
G03GA10,follitropin delta,follitropin delta,llm
G03GA30,combinations,follitropin alfa/lutropin alfa,titck
G03GB01,cyclofenil,siklofenil,llm
G03GB02,clomifene,klomifen sitrat,titck
G03GB03,epimestrol,epimestrol,llm
G03HA01,cyproterone,siproteron asetat,titck
G03HB01,cyproterone and estrogen,"estradiol valerat, siproteron asetat",titck
G03XA01,danazol,danazol,titck
G03XA02,gestrinone,gestrinon,llm
G03XB01,mifepristone,mifepriston,llm
G03XB02,ulipristal,ulipristal,llm
G03XB51,"mifepristone, combinations","mifepriston, kombinasyonlar",llm
G03XC01,raloxifene,raloxifene,titck
G03XC02,bazedoxifene,bazedoksifen,llm
G03XC03,lasofoxifene,lasofoksifen,llm
G03XC04,ormeloxifene,ormeloksifen,llm
G03XC05,ospemifene,ospemifen,llm
G03XX01,prasterone,prasteron,llm
G04BA01,ammonium chloride,amonyum klorür,llm
G04BA03,calcium chloride,kalsiyum klorür,llm
G04BD01,emepronium,emepronium,llm
G04BD02,flavoxate,flavoksat hidroklorür,titck
G04BD03,meladrazine,meladrazin,llm
G04BD04,oxybutynin,oksibutinin hcl,titck
G04BD05,terodiline,terodilin,llm
G04BD06,propiverine,propiverin hcl,titck
G04BD07,tolterodine,tolterodin tartarat,titck
G04BD08,solifenacin,solifenasin süksinat,titck
G04BD09,trospium,trospium klorür,titck
G04BD10,darifenacin,darifenacin,titck
G04BD11,fesoterodine,fesoterodin fumarat,titck
G04BD12,mirabegron,mirabegron,titck
G04BD13,desfesoterodine,desfesoterodin,llm
G04BD14,imidafenacin,imidafenasin,llm
G04BD15,vibegron,vibegron,llm
G04BE01,alprostadil,alprostadil,titck
G04BE02,papaverine,papaverin,llm
G04BE03,sildenafil,sildenafil sitrat,titck
G04BE04,yohimbine,yohimbin,llm
G04BE06,moxisylyte,moksisilit,llm
G04BE07,apomorphine,apomorfin,llm
G04BE08,tadalafil,tadalafil,titck
G04BE09,vardenafil,vardenafil hidroklorür trihidrat,titck
G04BE10,avanafil,avanafil,titck
G04BE11,udenafil,udenafil,titck
G04BE30,combinations,dapoksetin hci/tadalafil,titck
G04BE52,"papaverine, combinations","papaverin, kombinasyonlar",llm
G04BX01,magnesium hydroxide,magnezyum hidroksit,llm
G04BX03,acetohydroxamic acid,asetohidroksamik asit,llm
G04BX06,phenazopyridine,fenazopiridin,llm
G04BX10,succinimide,suksinimid,llm
G04BX11,collagen,kolajen,llm
G04BX12,phenyl salicylate,fenil salisilat,llm
G04BX13,dimethyl sulfoxide,dimetil sülfoksit,llm
G04BX14,dapoxetine,dapoksetin hidroklorür,titck
G04BX15,pentosan polysulfate sodium,pentosan polisülfat sodyum,titck
G04BX16,tiopronin,tiopronin,llm
G04BX17,sodium salicylate and methenamine,sodyum salisilat ve metenamin,llm
G04CA01,alfuzosin,alfuzosin hidroklorür,titck
G04CA02,tamsulosin,tamsulosin hidroklorür,titck
G04CA03,terazosin,terazosin,titck
G04CA04,silodosin,silodosin,titck
G04CA51,alfuzosin and finasteride,alfuzosin ve finasterid,llm
G04CA52,tamsulosin and dutasteride,"dutasterid, tamsulosin hidroklorür",titck
G04CA53,tamsulosin and solifenacin,tamsulosin ve solifenasin,llm
G04CA54,tamsulosin and tadalafil,tamsulosin ve tadalafil,llm
G04CA55,doxazosin and finasteride,doksazosin ve finasterid,llm
G04CB01,finasteride,finasterid,titck
G04CB02,dutasteride,dutasterid,titck
G04CB51,finasteride and tadalafil,finasterid ve tadalafil,llm
G04CX01,Prunus africanae cortex,Prunus africanae cortex,llm
G04CX02,Sabalis serrulatae fructus,sabal ve urtika ekstresi,titck
G04CX03,mepartricin,mepartrisin,llm
G04CX04,fexapotide,feksapotid,llm
H01AA01,corticotropin,kortikotropin,llm
H01AA02,tetracosactide,tetracosactide,titck
H01AB01,thyrotropin alfa,tirotropin alfa,llm
H01AC01,somatropin,somatropin,titck
H01AC02,somatrem,somatrem,llm
H01AC03,mecasermin,mekasermin,llm
H01AC04,sermorelin,sermorelin,llm
H01AC05,mecasermin rinfabate,mekasermin rinfabat,llm
H01AC06,tesamorelin,tesamorelin,llm
H01AC07,somapacitan,somapasitan,titck
H01AC08,somatrogon,somatrogon,titck
H01AC09,lonapegsomatropin,lonapegsomatropin,llm
H01AX01,pegvisomant,pegvisomant,titck
H01BA01,vasopressin (argipressin),vazopressin asetat,titck
H01BA02,desmopressin,desmopressin,titck
H01BA03,lypressin,lipressin,llm
H01BA04,terlipressin,terlipressin asetat,titck
H01BA05,ornipressin,ornipressin,llm
H01BB01,demoxytocin,demoksitosin,llm
H01BB02,oxytocin,oksitosin,titck
H01BB03,carbetocin,karbetosin,titck
H01CA01,gonadorelin,gonadorelin,llm
H01CA02,nafarelin,nafarelin asetat,titck
H01CB01,somatostatin,somatostatin,titck
H01CB02,octreotide,oktreotid asetat,titck
H01CB03,lanreotide,lanreotid asetat,titck
H01CB04,vapreotide,vapreotid,llm
H01CB05,pasireotide,pasireotid asetat,titck
H01CB06,paltusotine,paltusotin,llm
H01CC01,ganirelix,ganirelix,titck
H01CC02,cetrorelix,cetrorelix,titck
H01CC03,elagolix,elagoliks,llm
H01CC04,linzagolix,linzagoliks,llm
H01CC53,"elagolix, estradiol and norethisterone","elagoliks, estradiol ve noretisteron",llm
H01CC54,"relugolix, estradiol and norethisterone","relugoliks, estradiol ve noretisteron",llm
H02AA01,aldosterone,aldosteron,llm
H02AA02,fludrocortisone,fludrokortizon,titck
H02AA03,desoxycortone,desoksikorton,llm
H02AB01,betamethasone,betametazon,titck
H02AB02,dexamethasone,deksametazon,titck
H02AB03,fluocortolone,fluokortolon,llm
H02AB04,methylprednisolone,metilprednizolon,titck
H02AB05,paramethasone,parametazon,llm
H02AB06,prednisolone,prednisolon,titck
H02AB07,prednisone,prednizon,titck
H02AB08,triamcinolone,triamcinolone,titck
H02AB09,hydrocortisone,hidrokortizon sodyum süksinat,titck
H02AB10,cortisone,kortizon,llm
H02AB11,prednylidene,predniliden,llm
H02AB12,rimexolone,rimeksolon,llm
H02AB13,deflazacort,deflazakort,titck
H02AB14,cloprednol,kloprednol,llm
H02AB15,meprednisone,meprednizon,llm
H02AB17,cortivazol,kortivazol,llm
H02AB18,vamorolone,vamorolon,llm
H02BX01,"methylprednisolone, combinations","metilprednizolon, kombinasyonlar",llm
H02CA01,trilostane,trilostan,llm
H02CA02,osilodrostat,osilodrostat,llm
H02CA03,ketoconazole,ketokonazol,llm
H02CA04,levoketoconazole,levoketokonazol,llm
H03AA01,levothyroxine sodium,levotiroksin sodyum,titck
H03AA02,liothyronine sodium,liothyronine sodium,titck
H03AA03,combinations of levothyroxine and liothyronine,combinations of levothyroxine and liothyronine,titck
H03AA04,tiratricol,tiratrikol,llm
H03AA05,thyroid gland preparations,tiroid bezi preparatları,llm
H03AA51,levothyroxine sodium and iodine compounds,levotiroksin sodyum ve iyot bileşikleri,llm
H03BA01,methylthiouracil,metiltiyourasil,llm
H03BA02,propylthiouracil,propylthiouracil,titck
H03BA03,benzylthiouracil,benziltiyourasil,llm
H03BB01,carbimazole,karbimazol,llm
H03BB02,thiamazole,tiyamazol (metimazol),titck
H03BB52,"thiamazole, combinations","tiyamazol, kombinasyonlar",llm
H03BC01,potassium perchlorate,potasyum perklorat,llm
H03BX01,diiodotyrosine,diiyodotirozin,llm
H03BX02,dibromotyrosine,dibromotirozin,llm
H04AA01,glucagon,glucagon,titck
H04AA02,dasiglucagon,dasiglukagon,llm
H05AA01,parathyroid gland extract,paratiroid bezi ekstresi,llm
H05AA02,teriparatide,teriparatid,titck
H05AA03,parathyroid hormone,paratiroid hormonu,llm
H05AA04,abaloparatide,abaloparatid,llm
H05AA05,palopegteriparatide,palopegteriparatid,llm
H05BA01,calcitonin (salmon synthetic),calcitonin (salmon synthetic),titck
H05BA02,calcitonin (pork natural),kalsitonin (domuz doğal),llm
H05BA03,calcitonin (human synthetic),kalsitonin (insan sentetik),llm
H05BA04,elcatonin,elkatonin,llm
H05BX01,cinacalcet,sinakalset hcl,titck
H05BX02,paricalcitol,parikalsitol,titck
H05BX03,doxercalciferol,dokserkalsiferol,llm
H05BX04,etelcalcetide,etelkalsetid hidroklorür,titck
H05BX05,calcifediol,kalsifediol,llm
H05BX06,evocalcet,evokalset,llm
J01AA01,demeclocycline,demetilklortetrasiklin hcl,titck
J01AA02,doxycycline,doksisiklin,titck
J01AA03,chlortetracycline,klortetrasiklin,llm
J01AA04,lymecycline,limesiklin,llm
J01AA05,metacycline,metasiklin,llm
J01AA06,oxytetracycline,oksitetrasiklin,llm
J01AA07,tetracycline,tetracycline,titck
J01AA08,minocycline,minosiklin,llm
J01AA09,rolitetracycline,rolitetrasiklin,llm
J01AA10,penimepicycline,penimepisiklin,llm
J01AA11,clomocycline,klomosiklin,llm
J01AA12,tigecycline,tigesiklin,titck
J01AA13,eravacycline,eravasiklin,llm
J01AA14,sarecycline,saresiklin,llm
J01AA15,omadacycline,omadasiklin,llm
J01AA20,combinations of tetracyclines,tetrasiklin kombinasyonları,llm
J01AA56,"oxytetracycline, combinations","oksitetrasiklin, kombinasyonlar",llm
J01BA01,chloramphenicol,kloramfenikol,titck
J01BA02,thiamphenicol,tiamfenikol,titck
J01BA52,"thiamphenicol, combinations","tiamfenikol, kombinasyonlar",llm
J01CA01,ampicillin,ampisilin,titck
J01CA02,pivampicillin,pivampisilin,llm
J01CA03,carbenicillin,karbenisilin,llm
J01CA04,amoxicillin,amoksisilin,titck
J01CA05,carindacillin,karindasilin,llm
J01CA06,bacampicillin,bacampicillin,titck
J01CA07,epicillin,episilin,llm
J01CA08,pivmecillinam,pivmesilinam hidroklorür,titck
J01CA09,azlocillin,azlosilin,llm
J01CA10,mezlocillin,mezlosilin,llm
J01CA11,mecillinam,mesilinam,llm
J01CA12,piperacillin,piperasilin,llm
J01CA13,ticarcillin,tikarsilin,llm
J01CA14,metampicillin,metampisilin,llm
J01CA15,talampicillin,talampisilin,llm
J01CA16,sulbenicillin,sulbenisilin,llm
J01CA17,temocillin,temosilin,llm
J01CA18,hetacillin,hetasilin,llm
J01CA19,aspoxicillin,aspoksisilin,llm
J01CA20,combinations,kombinasyonlar,llm
J01CA51,"ampicillin, combinations","ampicillin trihidrat, piridyum",titck
J01CE01,benzylpenicillin,penisilin g potasyum kristalize,titck
J01CE02,phenoxymethylpenicillin,fenoksimetilpenisilin potasyum,titck
J01CE03,propicillin,propisilin,llm
J01CE04,azidocillin,azidosilin,llm
J01CE05,pheneticillin,fenetisilin,llm
J01CE06,penamecillin,penamesilin,llm
J01CE07,clometocillin,klometosilin,llm
J01CE08,benzathine benzylpenicillin,benzathine benzylpenicillin,titck
J01CE09,procaine benzylpenicillin,prokain benzilpenisilin,llm
J01CE10,benzathine phenoxymethylpenicillin,fenoksimetilpenisilin benzatin,titck
J01CE30,combinations,"prokain penisilin, potasyum penislin",titck
J01CF01,dicloxacillin,dikloksasilin,llm
J01CF02,cloxacillin,kloksasilin,llm
J01CF03,meticillin,metisilin,llm
J01CF04,oxacillin,oksasilin,llm
J01CF05,flucloxacillin,flukloksasilin,titck
J01CF06,nafcillin,nafsilin,llm
J01CG01,sulbactam,sulbaktam sodyum,titck
J01CG02,tazobactam,tazobaktam,llm
J01CG30,sulbactam and durlobactam,sulbaktam ve durlobaktam,llm
J01CR01,ampicillin and beta-lactamase inhibitor,ampicillin and enzyme inhibitor,titck
J01CR02,amoxicillin and beta-lactamase inhibitor,amoksisilin ve klavulanik asit,titck
J01CR03,ticarcillin and beta-lactamase inhibitor,tikarsilin ve beta-laktamaz inhibitörü,llm
J01CR04,sultamicillin,sultamicillin,titck
J01CR05,piperacillin and beta-lactamase inhibitor,"piperasilin sodyum, tazobaktam sodyum",titck
J01CR50,combinations of penicillins,penisilin kombinasyonları,llm
J01DB01,cefalexin,sefaleksin monohidrat,titck
J01DB02,cefaloridine,sefaloridin,llm
J01DB03,cefalotin,sefalotin,llm
J01DB04,cefazolin,cefazolin,titck
J01DB05,cefadroxil,sefadroksil monohidrat,titck
J01DB06,cefazedone,sefazedon,llm
J01DB07,cefatrizine,sefatrizin,llm
J01DB08,cefapirin,sefapirin,llm
J01DB09,cefradine,cephradine,titck
J01DB10,cefacetrile,sefasetril sodyum,titck
J01DB11,cefroxadine,sefroksadin,llm
J01DB12,ceftezole,seftezol,llm
J01DC01,cefoxitin,sefoksitin,llm
J01DC02,cefuroxime,sefuroksim aksetil,titck
J01DC03,cefamandole,sefamandol,llm
J01DC04,cefaclor,sefaklor monohidrat,titck
J01DC05,cefotetan,sefotetan,llm
J01DC06,cefonicid,sefonisid,llm
J01DC07,cefotiam,sefotiam,llm
J01DC08,loracarbef,lorakarbef,llm
J01DC09,cefmetazole,sefmetazol,llm
J01DC10,cefprozil,sefprozil monohidrat,titck
J01DC11,ceforanide,seforanid,llm
J01DC12,cefminox,sefminoks,llm
J01DC13,cefbuperazone,sefbuperazon,llm
J01DC14,flomoxef,flomoksef,llm
J01DC52,cefuroxime and beta-lactamase inhibitor,sefuroksim ve beta-laktamaz inhibitörü,llm
J01DD01,cefotaxime,cefotaxime,titck
J01DD02,ceftazidime,ceftazidime,titck
J01DD03,cefsulodin,sefsulodin,llm
J01DD04,ceftriaxone,seftriakson sodyum,titck
J01DD05,cefmenoxime,sefmenoksim,llm
J01DD06,latamoxef,latamoksef,llm
J01DD07,ceftizoxime,seftizoksim sodyum,titck
J01DD08,cefixime,sefiksim,titck
J01DD09,cefodizime,sefodizim,llm
J01DD10,cefetamet,sefetamet,llm
J01DD11,cefpiramide,sefpiramid,llm
J01DD12,cefoperazone,sefoperazon sodyum,titck
J01DD13,cefpodoxime,sefpodoksim proksetil,titck
J01DD14,ceftibuten,ceftibuten,titck
J01DD15,cefdinir,sefdinir,titck
J01DD16,cefditoren,sefditoren pivoksil,titck
J01DD17,cefcapene,sefkapen,llm
J01DD18,cefteram,sefteram,llm
J01DD51,cefotaxime and beta-lactamase inhibitor,sefotaksim ve beta-laktamaz inhibitörü,llm
J01DD52,ceftazidime and beta-lactamase inhibitor,"seftazidim pentahidrat, avibaktam sodyum",titck
J01DD54,"ceftriaxone, combinations","seftriakson, kombinasyonlar",llm
J01DD58,cefixime and beta-lactamase inhibitor,sefiksim ve beta-laktamaz inhibitörü,llm
J01DD62,cefoperazone and beta-lactamase inhibitor,sefoperazon sodyum+sulbaktam sodyum,titck
J01DD63,ceftriaxone and beta-lactamase inhibitor,seftriakson ve beta-laktamaz inhibitörü,llm
J01DD64,cefpodoxime and beta-lactamase inhibitor,sefpodoksim ve kalvulanik asit,titck
J01DE01,cefepime,sefepim hcl,titck
J01DE02,cefpirome,sefpirom,llm
J01DE03,cefozopran,sefozopran,llm
J01DE51,cefepime and beta-lactamase inhibitor,sefepim ve beta-laktamaz inhibitörü,llm
J01DF01,aztreonam,aztreonam,llm
J01DF02,carumonam,karumonam,llm
J01DF51,aztreonam and beta-lactamase inhibitor,aztreonam ve beta-laktamaz inhibitörü,llm
J01DH02,meropenem,meropenem trihidrat,titck
J01DH03,ertapenem,ertapenem,titck
J01DH04,doripenem,doripenem,llm
J01DH05,biapenem,biapenem,llm
J01DH06,tebipenem pivoxil,tebipenem pivoksil,llm
J01DH51,imipenem and cilastatin,imipenem and enzyme inhibitor,titck
J01DH52,meropenem and vaborbactam,meropenem ve vaborbaktam,llm
J01DH55,panipenem and betamipron,panipenem ve betamipron,llm
J01DH56,"imipenem, cilastatin and relebactam","imipenem, silastatin ve relebaktam",llm
J01DI01,ceftobiprole medocaril,seftobiprol medokaril,llm
J01DI02,ceftaroline fosamil,seftarolin fosamil,llm
J01DI03,faropenem,faropenem,llm
J01DI04,cefiderocol,sefiderokol,llm
J01DI54,ceftolozane and beta-lactamase inhibitor,"seftolozan sükfat, tazobaktam sodyum",titck
J01DI55,sulopenem and probenecid,sulopenem ve probenesid,llm
J01EA01,trimethoprim,trimetoprim,llm
J01EA02,brodimoprim,brodimoprim,llm
J01EA03,iclaprim,iklaprim,llm
J01EB01,sulfaisodimidine,sulfaizodimidin,llm
J01EB02,sulfamethizole,sulfametizol,llm
J01EB03,sulfadimidine,sulfadimidin,llm
J01EB04,sulfapyridine,sulfapiridin,llm
J01EB05,sulfafurazole,sulfafurazol,llm
J01EB06,sulfanilamide,sulfanilamid,llm
J01EB07,sulfathiazole,sulfatiazol,llm
J01EB08,sulfathiourea,sulfatioüre,llm
J01EB20,combinations,kombinasyonlar,llm
J01EC01,sulfamethoxazole,sulfametoksazol,llm
J01EC02,sulfadiazine,sulfadiazin,llm
J01EC03,sulfamoxole,sulfamoksol,llm
J01EC20,combinations,kombinasyonlar,llm
J01ED01,sulfadimethoxine,sulfadimetoksin,llm
J01ED02,sulfalene,sulfalen,llm
J01ED03,sulfametomidine,sulfametomidin,llm
J01ED04,sulfametoxydiazine,sulfametoksidiazin,llm
J01ED05,sulfamethoxypyridazine,sulfametoksipiridazin,llm
J01ED06,sulfaperin,sulfaperin,llm
J01ED07,sulfamerazine,sulfamerazin,llm
J01ED08,sulfaphenazole,sulfafenazol,llm
J01ED09,sulfamazone,sulfamazon,llm
J01ED20,combinations,kombinasyonlar,llm
J01EE01,sulfamethoxazole and trimethoprim,sulfamethoxazole and trimethoprim,titck
J01EE02,sulfadiazine and trimethoprim,sulfadiazin ve trimetoprim,llm
J01EE03,sulfametrole and trimethoprim,sulfametrol ve trimetoprim,llm
J01EE04,sulfamoxole and trimethoprim,sulfamoksol ve trimetoprim,llm
J01EE05,sulfadimidine and trimethoprim,sulfadimidin ve trimetoprim,llm
J01EE06,sulfadiazine and tetroxoprim,sulfadiazin ve tetroksoprim,llm
J01EE07,sulfamerazine and trimethoprim,sulfamerazin ve trimetoprim,llm
J01FA01,erythromycin,eritromisin estolat,titck
J01FA02,spiramycin,spiramisin,titck
J01FA03,midecamycin,midekamisin,llm
J01FA05,oleandomycin,oleandomisin,llm
J01FA06,roxithromycin,roksitromisin,titck
J01FA07,josamycin,josamisin,llm
J01FA08,troleandomycin,troleandomisin,llm
J01FA09,clarithromycin,klaritromisin,titck
J01FA10,azithromycin,azitromisin dihidrat,titck
J01FA11,miocamycin,miokamisin,llm
J01FA12,rokitamycin,rokitamisin,llm
J01FA13,dirithromycin,diritromisin,titck
J01FA14,flurithromycin,fluritromisin,llm
J01FA15,telithromycin,telitromisin,llm
J01FA16,solithromycin,solitromisin,llm
J01FA17,nafithromycin,nafitromisin,llm
J01FF01,clindamycin,clindamycin,titck
J01FF02,lincomycin,linkomisin hcl,titck
J01FG01,pristinamycin,pristinamisin,llm
J01FG02,quinupristin/dalfopristin,kinupristin/dalfopristin,llm
J01GA01,streptomycin,streptomisin sülfat,titck
J01GA02,streptoduocin,streptoduosin,llm
J01GB01,tobramycin,tobramisin,titck
J01GB03,gentamicin,gentamisin,titck
J01GB04,kanamycin,kanamisin,titck
J01GB05,neomycin,neomisin,llm
J01GB06,amikacin,amikasin sülfat,titck
J01GB07,netilmicin,netilmisin,llm
J01GB08,sisomicin,sisomisin,llm
J01GB09,dibekacin,dibekasin,llm
J01GB10,ribostamycin,ribostamisin,llm
J01GB11,isepamicin,isepamisin,llm
J01GB12,arbekacin,arbekasin,llm
J01GB13,bekanamycin,bekanamisin,llm
J01GB14,plazomicin,plazomisin,llm
J01MA01,ofloxacin,ofloksasin,titck
J01MA02,ciprofloxacin,siprofloksasin laktat,titck
J01MA03,pefloxacin,pefloksasin,llm
J01MA04,enoxacin,enoksasin,titck
J01MA05,temafloxacin,temafloksasin,llm
J01MA06,norfloxacin,norfloksasin,llm
J01MA07,lomefloxacin,lomefloksasin,llm
J01MA08,fleroxacin,fleroksasin,llm
J01MA09,sparfloxacin,sparfloksasin,llm
J01MA10,rufloxacin,rufloksasin,llm
J01MA11,grepafloxacin,grepafloksasin,llm
J01MA12,levofloxacin,levofloksasin hemihidrat,titck
J01MA13,trovafloxacin,trovafloksasin,llm
J01MA14,moxifloxacin,moksifloksasin hidroklorür,titck
J01MA15,gemifloxacin,gemifloksasin,llm
J01MA16,gatifloxacin,gatifloksasin,llm
J01MA17,prulifloxacin,prulifloksasin,llm
J01MA18,pazufloxacin,pazufloksasin,llm
J01MA19,garenoxacin,garenoksasin,llm
J01MA21,sitafloxacin,sitafloksasin,llm
J01MA22,tosufloxacin,tosufloksasin,llm
J01MA23,delafloxacin,delafloksasin meglumin,titck
J01MA24,levonadifloxacin,levonadifloksasin,llm
J01MA25,lascufloxacin,laskufloksasin,llm
J01MB01,rosoxacin,rosoksasin,llm
J01MB02,nalidixic acid,nalidiksik asit,titck
J01MB03,piromidic acid,piromidik asit,llm
J01MB04,pipemidic acid,pipemidik asit,llm
J01MB05,oxolinic acid,oksolinik asit,titck
J01MB06,cinoxacin,sinoksasin,llm
J01MB07,flumequine,flumekin,llm
J01MB08,nemonoxacin,nemonoksasin,llm
J01RA01,"penicillins, combinations with other antibacterials","penisilinler, diğer antibakteriyellerle kombinasyonlar",llm
J01RA02,"sulfonamides, combinations with other antibacterials (excl. trimethoprim)","sulfonamidler, diğer antibakteriyellerle kombinasyonlar (trimetoprim hariç)",llm
J01RA03,cefuroxime and metronidazole,sefuroksim ve metronidazol,llm
J01RA04,spiramycin and metronidazole,spiramicin ve metronidazol,titck
J01RA05,levofloxacin and ornidazole,levofloksasin ve ornidazol,llm
J01RA06,cefepime and amikacin,sefepim ve amikasin,llm
J01RA07,"azithromycin, fluconazole and secnidazole","azitromisin, flukonazol ve seknidazol",llm
J01RA08,tetracycline and oleandomycin,tetrasiklin ve oleandomisin,llm
J01RA09,ofloxacin and ornidazole,ofloksasin ve ornidazol,llm
J01RA10,ciprofloxacin and metronidazole,siprofloksasin ve metronidazol,llm
J01RA11,ciprofloxacin and tinidazole,siprofloksasin ve tinidazol,llm
J01RA12,ciprofloxacin and ornidazole,ornidazol/siprofloksasin hci,titck
J01RA13,norfloxacin and tinidazole,norfloksasin ve tinidazol,llm
J01RA14,norfloxacin and metronidazole,norfloksasin ve metronidazol,llm
J01RA15,cefixime and ornidazole,sefiksim ve ornidazol,llm
J01RA16,cefixime and azithromycin,sefiksim ve azitromisin,llm
J01RA17,ofloxacin and nitazoxanide,ofloksasin ve nitazoksanid,llm
J01RA18,ofloxacin and tinidazole,ofloksasin ve tinidazol,llm
J01RA19,tetracycline and nystatin,tetrasiklin ve nistatin,llm
J01XA01,vancomycin,vankomisin hidroklorür,titck
J01XA02,teicoplanin,teikoplanin,titck
J01XA03,telavancin,telavansin,llm
J01XA04,dalbavancin,dalbavansin,llm
J01XA05,oritavancin,oritavansin,llm
J01XB01,colistin,kolistimetat sodyum,titck
J01XB02,polymyxin B,polimiksin b sulfat,titck
J01XC01,fusidic acid,sodyum fusidat,titck
J01XD01,metronidazole,metronidazol,titck
J01XD02,tinidazole,tinidazol,llm
J01XD03,ornidazole,ornidazol,titck
J01XE01,nitrofurantoin,nitrofurantoin,titck
J01XE02,nifurtoinol,nifurtoinol,llm
J01XE03,furazidin,furazidin,llm
J01XE51,"nitrofurantoin, combinations","nitrofurantoin, kombinasyonlar",llm
J01XX01,fosfomycin,fosfomisin trometamol,titck
J01XX02,xibornol,ksibornol,llm
J01XX03,clofoctol,klofoktol,llm
J01XX04,spectinomycin,spektinomisin,llm
J01XX05,methenamine,metenamin anhidrometilen sitrat,titck
J01XX06,mandelic acid,mandelik asit,llm
J01XX07,nitroxoline,nitroksolin,llm
J01XX08,linezolid,linezolid,titck
J01XX09,daptomycin,daptomisin,titck
J01XX10,bacitracin,basitrasin,llm
J01XX11,tedizolid,tedizolid,llm
J01XX12,lefamulin,lefamulin,llm
J01XX13,gepotidacin,gepotidasin,llm
J02AA01,amphotericin B,lipozomal amfoterisin b,titck
J02AA02,hachimycin,hasimisin,llm
J02AB01,miconazole,mikonazol,llm
J02AB02,ketoconazole,ketoconazole,titck
J02AC01,fluconazole,flukonazol,titck
J02AC02,itraconazole,itrakonazol,titck
J02AC03,voriconazole,vorikonazol,titck
J02AC04,posaconazole,posakonazol,titck
J02AC05,isavuconazole,isavukonazol,llm
J02AC06,oteseconazole,otesekonazol,llm
J02AX01,flucytosine,flusitozin,llm
J02AX04,caspofungin,kaspofungin asetat,titck
J02AX05,micafungin,mikafungin sodyum,titck
J02AX06,anidulafungin,anidulafungin,titck
J02AX07,ibrexafungerp,ibreksafungerp,llm
J02AX08,rezafungin acetate,rezafungin asetat,llm
J04AA01,4-aminosalicylic acid,4-aminosalisilik asit,llm
J04AA02,sodium aminosalicylate,para-aminosalisilik asit sodyum tuzu,titck
J04AA03,calcium aminosalicylate,kalsiyum aminosalisilat,llm
J04AB01,cycloserine,sikloserin,titck
J04AB02,rifampicin,rifampisin,titck
J04AB03,rifamycin,rifamisin,titck
J04AB04,rifabutin,rifabutin,titck
J04AB05,rifapentine,rifapentin,llm
J04AB06,enviomycin,enviomisin,llm
J04AB30,capreomycin,kapreomisin,llm
J04AC01,isoniazid,izoniyazid,titck
J04AC02,ftivazide,ftivazid,llm
J04AC51,"isoniazid, combinations",izonikotinik asit hidrazid/piridoksin hcl,titck
J04AD01,protionamide,protionamide,titck
J04AD02,tiocarlide,tiokarlid,llm
J04AD03,ethionamide,ethionamide,titck
J04AK01,pyrazinamide,pirazinamid,titck
J04AK02,ethambutol,etambutol hidroklorür,titck
J04AK03,terizidone,terizidon,llm
J04AK04,morinamide,morfozinamid,titck
J04AK05,bedaquiline,bedakuilin,titck
J04AK06,delamanid,delamanid,titck
J04AK07,thioacetazone,thioacetazone,titck
J04AK08,pretomanid,pretomanid,llm
J04AM01,streptomycin and isoniazid,streptomisin ve izoniazid,llm
J04AM02,rifampicin and isoniazid,rifampisin ve izoniazid,llm
J04AM03,ethambutol and isoniazid,etambutol ve izoniazid,llm
J04AM04,thioacetazone and isoniazid,tioasetazon ve izoniazid,llm
J04AM05,"rifampicin, pyrazinamide and isoniazid","rifampisin, pirazinamid ve izoniazid",llm
J04AM06,"rifampicin, pyrazinamide, ethambutol and isoniazid","rifampisin, pirazinamid, etambutol ve izoniazid",llm
J04AM07,"rifampicin, ethambutol and isoniazid","rifampisin, etambutol ve izoniazid",llm
J04AM08,"isoniazid, sulfamethoxazole and trimethoprim","izoniazid, sulfametoksazol ve trimetoprim",llm
J04AM09,"pyrazinamide, ethambutol, isoniazid and lomefloxacin","pirazinamid, etambutol, izoniazid ve lomefloksasin",llm
J04AM10,"pyrazinamide, ethambutol, protionamide and lomefloxacin","pirazinamid, etambutol, protionamid ve lomefloksasin",llm
J04AM11,"rifabutin, pyrazinamide and protionamide","rifabutin, pirazinamid ve protionamid",llm
J04AM12,"rifampicin, pyrazinamide, isoniazid and levofloxacin","rifampisin, pirazinamid, izoniazid ve levofloksasin",llm
J04BA01,clofazimine,klofazimin,llm
J04BA02,dapsone,dapson,llm
J04BA03,aldesulfone sodium,aldesulfon sodyum,llm
J04BA50,dapsone and rifampicin,dapson ve rifampisin,llm
J04BA51,"dapsone, rifampicin and clofazimine","dapson, rifampisin ve klofazimin",llm
J05AA01,metisazone,metisazon,llm
J05AB01,aciclovir,asiklovir,titck
J05AB02,idoxuridine,idoksuridin,llm
J05AB03,vidarabine,vidarabin,llm
J05AB06,ganciclovir,gansiklovir sodyum,titck
J05AB09,famciclovir,famciclovir,titck
J05AB11,valaciclovir,valaciclovir,titck
J05AB12,cidofovir,sidofovir dihidrat,titck
J05AB13,penciclovir,pensiklovir,llm
J05AB14,valganciclovir,valgansiklovir hcl,titck
J05AB15,brivudine,brivudin,titck
J05AB16,remdesivir,remdesivir,titck
J05AB17,brincidofovir,brinsidofovir,llm
J05AB18,molnupiravir,molnupiravir,llm
J05AC02,rimantadine,rimantadin,llm
J05AC03,tromantadine,tromantadin,llm
J05AD01,foscarnet,foskarnet sodyum hekzahidrat,titck
J05AD02,fosfonet,fosfonet,llm
J05AE01,saquinavir,sakuinavir,llm
J05AE02,indinavir,indinavir,llm
J05AE03,ritonavir,ritonavir,titck
J05AE04,nelfinavir,nelfinavir,llm
J05AE05,amprenavir,amprenavir,llm
J05AE07,fosamprenavir,fosamprenavir,titck
J05AE08,atazanavir,atazanavir,llm
J05AE09,tipranavir,tipranavir,llm
J05AE10,darunavir,darunavir,titck
J05AE16,ensitrelvir,ensitrelvir,llm
J05AE30,nirmatrelvir and ritonavir,"nirmatrelvir,  ritonavir",titck
J05AF01,zidovudine,zidovudine,titck
J05AF02,didanosine,didanozin,llm
J05AF03,zalcitabine,zalsitabin,llm
J05AF04,stavudine,stavudin,llm
J05AF05,lamivudine,lamivudin,titck
J05AF06,abacavir,abakavir,titck
J05AF07,tenofovir disoproxil,tenofovir disoproksil fumarat,titck
J05AF08,adefovir dipivoxil,adefovir dipivoksil,titck
J05AF09,emtricitabine,emtrisitabin,llm
J05AF10,entecavir,entekavir monohidrat,titck
J05AF11,telbivudine,telbivudin,llm
J05AF12,clevudine,klevudin,llm
J05AF13,tenofovir alafenamide,tenofovir alafenamid fumarat,titck
J05AG01,nevirapine,nevirapine,titck
J05AG02,delavirdine,delavirdin,llm
J05AG03,efavirenz,efavirenz,titck
J05AG04,etravirine,etravirin,titck
J05AG05,rilpivirine,rilpivirin,titck
J05AG06,doravirine,doravirin,titck
J05AG07,elsulfavirine,elsulfavirin,llm
J05AH01,zanamivir,zanamivir,titck
J05AH02,oseltamivir,oseltamivir fosfat,titck
J05AH03,peramivir,peramivir trihidrat,titck
J05AH04,laninamivir,laninamivir,llm
J05AJ01,raltegravir,raltegravir,titck
J05AJ02,elvitegravir,elvitegravir,llm
J05AJ03,dolutegravir,dolutegravir sodyum,titck
J05AJ04,cabotegravir,kabotegravir,titck
J05AP01,ribavirin,ribavirin,titck
J05AP02,telaprevir,telaprevir,llm
J05AP03,boceprevir,boseprevir,llm
J05AP04,faldaprevir,faldaprevir,llm
J05AP05,simeprevir,simeprevir,llm
J05AP06,asunaprevir,asunaprevir,llm
J05AP07,daclatasvir,daklatasvir,llm
J05AP08,sofosbuvir,sofosbuvir,titck
J05AP09,dasabuvir,dasabuvir sodyum monohidrat,titck
J05AP10,elbasvir,elbasvir,llm
J05AP11,grazoprevir,grazoprevir,llm
J05AP12,coblopasvir,koblopasvir,llm
J05AP13,ravidasvir,ravidasvir,llm
J05AP14,narlaprevir,narlaprevir,llm
J05AP51,sofosbuvir and ledipasvir,ledipasvir/sofosbuvir,titck
J05AP52,"dasabuvir, ombitasvir, paritaprevir and ritonavir","dasabuvir, ombitasvir, paritaprevir ve ritonavir",llm
J05AP53,"ombitasvir, paritaprevir and ritonavir","ombitasvir, paritaprevir ve ritonavir",llm
J05AP54,elbasvir and grazoprevir,elbasvir ve grazoprevir,llm
J05AP55,sofosbuvir and velpatasvir,sofosbuvir ve velpatasvir,llm
J05AP56,"sofosbuvir, velpatasvir and voxilaprevir",sofosbuvir/velpatasvir/voksilaprevir,titck
J05AP57,glecaprevir and pibrentasvir,glekaprevir/pibrentasvir,titck
J05AP58,"daclatasvir, asunaprevir and beclabuvir","daklatasvir, asunaprevir ve beklabuvir",llm
J05AR01,zidovudine and lamivudine,"lamivudin, zidovudin",titck
J05AR02,lamivudine and abacavir,lamivudin ve abakavir,llm
J05AR03,tenofovir disoproxil and emtricitabine,"emtrisitabin, tenofovir disoproksil fumarat",titck
J05AR04,"zidovudine, lamivudine and abacavir","zidovudin, lamivudin ve abakavir",llm
J05AR05,"zidovudine, lamivudine and nevirapine","zidovudin, lamivudin ve nevirapin",llm
J05AR06,"emtricitabine, tenofovir disoproxil and efavirenz","emtrisitabin, tenofovir disoproksil ve efavirenz",llm
J05AR07,"stavudine, lamivudine and nevirapine","stavudin, lamivudin ve nevirapin",llm
J05AR08,"emtricitabine, tenofovir disoproxil and rilpivirine","emtrisitabin, tenofovir disoproksil ve rilpivirin",llm
J05AR09,"emtricitabine, tenofovir disoproxil, elvitegravir and cobicistat",elvitegravir/kobisistat/emtrisitabin/ tenofovir disoproksil fumarat,titck
J05AR10,lopinavir and ritonavir,lopinavir and ritonavir,titck
J05AR11,"lamivudine, tenofovir disoproxil and efavirenz","lamivudin, tenofovir disoproksil ve efavirenz",llm
J05AR12,lamivudine and tenofovir disoproxil,lamivudin ve tenofovir disoproksil,llm
J05AR13,"lamivudine, abacavir and dolutegravir",dolutegravir sodyum/abakavir sülfat/lamivudin,titck
J05AR14,darunavir and cobicistat,darunavir ve kobisistat,llm
J05AR15,atazanavir and cobicistat,atazanavir ve kobisistat,llm
J05AR16,lamivudine and raltegravir,lamivudin ve raltegravir,llm
J05AR17,emtricitabine and tenofovir alafenamide,"emtrisitabin,tenofovir alafenamid fumarat",titck
J05AR18,"emtricitabine, tenofovir alafenamide, elvitegravir and cobicistat","elvitegravir,kobisistat, emtrisitabin, tenofovir alafenamid",titck
J05AR19,"emtricitabine, tenofovir alafenamide and rilpivirine",emtrisitabin/rilpivirin hidroklorür/tenofovir alafenamid fumarat,titck
J05AR20,"emtricitabine, tenofovir alafenamide and bictegravir",biktegravir sodyum / emtrisitabin / tenofovir alefenamid fumarat,titck
J05AR21,dolutegravir and rilpivirine,dolutegravir sodyum / rilpivirin hidroklorür,titck
J05AR22,"emtricitabine, tenofovir alafenamide, darunavir and cobicistat","emtrisitabin, tenofovir alafenamid, darunavir ve kobisistat",llm
J05AR23,atazanavir and ritonavir,atazanavir ve ritonavir,llm
J05AR24,"lamivudine, tenofovir disoproxil and doravirine","lamivudin, tenofovir disoproksil ve doravirin",llm
J05AR25,lamivudine and dolutegravir,"dolutegravir sodyum, lamivudin",titck
J05AR26,darunavir and ritonavir,darunavir ve ritonavir,llm
J05AR27,"lamivudine, tenofovir disoproxil and dolutegravir","lamivudin, tenofovir disoproksil ve dolutegravir",llm
J05AR28,stavudine and lamivudine,stavudin ve lamivudin,llm
J05AR29,"emtricitabine, tenofovir alafenamide and dolutegravir","emtrisitabin, tenofovir alafenamid ve dolutegravir",llm
J05AX01,moroxydine,moroksidin,llm
J05AX02,lysozyme,lizozim,llm
J05AX05,inosine pranobex,inosin pranobeks,titck
J05AX06,pleconaril,plekonaril,llm
J05AX07,enfuvirtide,enfuvirtid,llm
J05AX09,maraviroc,maravirok,titck
J05AX10,maribavir,maribavir,titck
J05AX13,umifenovir,umifenovir,llm
J05AX17,enisamium iodide,enisamyum iyodür,llm
J05AX18,letermovir,letermovir,titck
J05AX19,tilorone,tiloron,llm
J05AX21,pentanedioic acid imidazolyl ethanamide,pentanedioik asit imidazolil etanamid,llm
J05AX23,ibalizumab,ibalizumab,llm
J05AX24,tecovirimat,tekovirimat,llm
J05AX25,baloxavir marboxil,baloksavir marboksil,titck
J05AX26,amenamevir,amenamevir,llm
J05AX27,favipiravir,favipiravir,titck
J05AX28,bulevirtide,bulevirtid,llm
J05AX29,fostemsavir,fostemsavir,llm
J05AX31,lenacapavir,lenakapavir sodyum,titck
J05AX32,riamilovir,riamilovir,llm
J05AX33,labuvirtide,labuvirtid,llm
J06AA01,diphtheria antitoxin,difteri antitoksini,llm
J06AA02,tetanus antitoxin,tetanoz antitoksini,llm
J06AA03,snake venom antiserum,"macrovipera lebetina yilan venomunakarşi i̇mmünoglobuli̇n f(ab')2 fragmanlari(at kökenli̇), montivipera xanthina yilanvenomuna karşi i̇mmünoglobuli̇n f(ab')2fragmanlari (at kökenli̇), vipera ammodytes yilan venomuna karşini̇mmünoglobuli̇n f(ab')2 fragmanlari (atkökenli̇)",titck
J06AA04,botulinum antitoxin,botulinum antitoksini,llm
J06AA05,gas-gangrene sera,gaz gangren serumları,llm
J06AA06,rabies serum,kuduz serumu,llm
J06BA01,"immunoglobulins, normal human, for extravascular adm.",insan normal immünoglobulini,titck
J06BA02,"immunoglobulins, normal human, for intravascular adm.","immunoglobulins, normal human, for intravascular adm.",titck
J06BB01,anti-D (rh) immunoglobulin,anti-d (rh) immunoglobulin,titck
J06BB02,tetanus immunoglobulin,insan tetanoz immunoglobulini,titck
J06BB03,varicella/zoster immunoglobulin,varisella/zoster immünoglobulini,llm
J06BB04,hepatitis B immunoglobulin,hepatitis b immunoglobulin,titck
J06BB05,rabies immunoglobulin,antikuduz immunoglobulin f(ab)2 fragmenti (at kökenli),titck
J06BB06,rubella immunoglobulin,rubella immünoglobulini,llm
J06BB07,vaccinia immunoglobulin,vaksinia immünoglobulini,llm
J06BB08,staphylococcus immunoglobulin,stafilokok immünoglobulini,llm
J06BB09,cytomegalovirus immunoglobulin,insan sitomegalovirüs immunoglobulini,titck
J06BB10,diphtheria immunoglobulin,difteri immünoglobulini,llm
J06BB11,hepatitis A immunoglobulin,hepatit A immünoglobulini,llm
J06BB12,"encephalitis, tick borne immunoglobulin","ensefalit, kene kaynaklı immünoglobulin",llm
J06BB13,pertussis immunoglobulin,boğmaca immünoglobulini,llm
J06BB14,measles immunoglobulin,kızamık immünoglobulini,llm
J06BB15,mumps immunoglobulin,kabakulak immünoglobulini,llm
J06BB19,anthrax immunoglobulin,antraks immünoglobulini,llm
J06BB30,combinations,kombinasyonlar,llm
J06BC01,nebacumab,nebakumab,llm
J06BC02,raxibacumab,raksibakumab,llm
J06BC03,bezlotoxumab,bezlotoksumab,llm
J06BC04,obiltoxaximab,obiltoksaksimab,llm
J06BD01,palivizumab,palivizumab,titck
J06BD02,motavizumab,motavizumab,llm
J06BD03,tixagevimab and cilgavimab,tiksagevimab ve silgavimab,llm
J06BD04,ansuvimab,ansuvimab,llm
J06BD05,sotrovimab,sotrovimab,llm
J06BD06,regdanvimab,regdanvimab,llm
J06BD07,casirivimab and imdevimab,kasirivimab ve imdevimab,llm
J06BD08,nirsevimab,nirsevimab,titck
J06BD09,sipavibart,sipavibart,llm
J06BD10,clesrovimab,klesrovimab,llm
J06BD11,libevitug,libevitug,llm
J07AC01,anthrax antigen,antraks antijeni,llm
J07AD01,brucella antigen,brusella antijeni,llm
J07AE01,"cholera, inactivated, whole cell","kolera, inaktif, tüm hücre",llm
J07AE02,"cholera, live attenuated","kolera, canlı atenüe",llm
J07AE51,"cholera, combinations with typhoid vaccine, inactivated, whole cell","kolera, tifo aşısı ile kombinasyonlar, inaktif, tüm hücre",llm
J07AF01,diphtheria toxoid,difteri toksoidi,llm
J07AG01,"haemophilus influenzae B, purified antigen conjugated",haemophilus influenza tip b polisakkarit (tetanoz proteini ile bir arada),titck
J07AG51,"haemophilus influenzae B, combinations with toxoids","haemophilus influenzae B, toksoidlerle kombinasyonlar",llm
J07AG52,"haemophilus influenzae B, combinations with pertussis and toxoids","haemophilus influenzae B, boğmaca ve toksoidlerle kombinasyonlar",llm
J07AG53,"haemophilus influenzae B, combinations with meningococcus C, conjugated","haemophilus influenzae B, meningokok C ile kombinasyonlar, konjuge",llm
J07AG54,"haemophilus influenza B, combinations with meningococcus C,Y, conjugated","haemophilus influenzae B, meningokok C,Y ile kombinasyonlar, konjuge",llm
J07AH01,"meningococcus A, purified polysaccharides antigen","meningokok A, saflaştırılmış polisakkarit antijeni",llm
J07AH02,other meningococcal monovalent purified polysaccharides antigen,diğer meningokokal monovalan saflaştırılmış polisakkarit antijeni,llm
J07AH03,"meningococcus A,C, bivalent purified polysaccharides antigen","meningokok A,C, bivalan saflaştırılmış polisakkarit antijeni",llm
J07AH04,"meningococcus A,C,Y,W-135, tetravalent purified polysaccharides antigen","meningokokal a,c,w135 ve y gruplarinin saflaştirilmiş polisakkaritleri",titck
J07AH05,other meningococcal polyvalent purified polysaccharides antigen,diğer meningokokal polivalan saflaştırılmış polisakkarit antijeni,llm
J07AH06,"meningococcus B, outer membrane vesicle vaccine","meningokok B, dış membran vezikül aşısı",llm
J07AH07,"meningococcus C, purified polysaccharides antigen conjugated","meningokok C, saflaştırılmış polisakkarit antijeni konjuge",llm
J07AH08,"meningococcus A,C,Y,W-135, tetravalent purified polysaccharides antigen conjugated","meningococcus a,c,y,w-135, tetravalent purified polysaccharides antigen conjugated",titck
J07AH09,"meningococcus B, multicomponent vaccine",neisseria meningitidis serogrup b rekombinant lp2086 (mnb rlp2086) alt familya a proteini + neisseria meningitidis serogrup b rekombinant lp2086 (mnb rlp2086) alt familya b proteini,titck
J07AH10,"meningococcus A, purified polysaccharides antigen conjugated","meningokok A, saflaştırılmış polisakkarit antijeni konjuge",llm
J07AH11,"meningococcus A,B,C,Y,W-135, pentavalent purified polysaccharides antigen conjugated and factor H binding protein","meningokok A,B,C,Y,W-135, pentavalan saflaştırılmış polisakkarit antijeni konjuge ve faktör H bağlayıcı protein",llm
J07AJ01,"pertussis, inactivated, whole cell","boğmaca, inaktif, tüm hücre",llm
J07AJ02,"pertussis, purified antigen","boğmaca, saflaştırılmış antijen",llm
J07AJ51,"pertussis, inactivated, whole cell, combinations with toxoids","boğmaca, inaktif, tüm hücre, toksoidlerle kombinasyonlar",llm
J07AJ52,"pertussis, purified antigen, combinations with toxoids","difteri toksoidi, tetanoz toksoidi, bordetella pertussis antijenleri: pertussis toksoidi, filamentöz hemaglutinin, pertaktin",titck
J07AK01,"plague, inactivated, whole cell","veba, inaktif, tüm hücre",llm
J07AL01,"pneumococcus, purified polysaccharides antigen","23 pnomokok serotipleri: 1, 2, 3, 4, 5, 6b, 7f, 8, 9n, 9v, 10a, lla, 12f, 14, 15b, 17f, 18c, 19f, 19a, 20, 22f, 23f ve 33f",titck
J07AL02,"pneumococcus, purified polysaccharides antigen conjugated","15 pnömokok polisakkarit serotipi: 1, 3, 4, 5, 6a, 6b,7f, 9v, 14, 18c, 19f, 19a, 22f, 23f, 33f",titck
J07AL52,"pneumococcus purified polysaccharides antigen and haemophilus influenzae, conjugated","pnömokok saflaştırılmış polisakkarit antijeni ve haemophilus influenzae, konjuge",llm
J07AM01,tetanus toxoid,aritilmiş tetanoz toksoidi (alüminyum hidroksite adsorbe),titck
J07AM51,"tetanus toxoid, combinations with diphtheria toxoid","pürifiye tetanoz toksoidi, pürifiye difteri toksoidi",titck
J07AM52,"tetanus toxoid, combinations with tetanus immunoglobulin","tetanoz toksoidi, tetanoz immünoglobulini ile kombinasyonlar",llm
J07AN01,"tuberculosis, live attenuated","tuberculosis, live attenuated",titck
J07AP01,"typhoid, oral, live attenuated","tifo, oral, canlı atenüe",llm
J07AP02,"typhoid, inactivated, whole cell","tifo, inaktif, tüm hücre",llm
J07AP03,"typhoid, purified polysaccharide antigen",salmonella typhi'nin polisakkaritleri,titck
J07AP10,"typhoid, combinations with paratyphi types","tifo, paratifo tipleriyle kombinasyonlar",llm
J07AR01,"typhus exanthematicus, inactivated, whole cell","tifüs eksantematikus, inaktif, tüm hücre",llm
J07AX01,leptospira vaccines,leptospira aşıları,llm
J07BA01,"encephalitis, tick borne, inactivated, whole virus","ensefalit, kene kaynaklı, inaktif, tüm virüs",llm
J07BA02,"encephalitis, Japanese, inactivated, whole virus","ensefalit, Japon, inaktif, tüm virüs",llm
J07BA03,"encephalitis, Japanese, live attenuated","ensefalit, Japon, canlı atenüe",llm
J07BB01,"influenza, inactivated, whole virus","influenza virüsü yüzey antijeni (inaktif, virozom)",titck
J07BB02,"influenza, inactivated, split virus or surface antigen","1)a/california/7/2009 (h1n1)pdm09 - (a/california7/2009, nymc x- 179a) benzeri suş 2)a/texas/50/2012 (h3n2) - (a/texas/50/2012, nymc x223a) benzeri suş 3)b/massachusetts/2/2012(yamagata soyu) 4) b/brisbane/60/2008 (victoria soyu)",titck
J07BB03,"influenza, live attenuated","influenza, canlı atenüe",llm
J07BB04,"influenza, virus like particles","influenza, virüs benzeri partiküller",llm
J07BB05,"influenza, RNA-based vaccine","influenza, RNA bazlı aşı",llm
J07BB55,"influenza and covid-19, RNA-based vaccine","influenza ve covid-19, RNA bazlı aşı",llm
J07BC01,"hepatitis B, purified antigen",saflaştirilmiş hepatit b yüzey antijeni,titck
J07BC02,"hepatitis A, inactivated, whole virus",i̇naktive hepatit a virüs antijeni,titck
J07BC20,combinations,inaktif hepatit a virüsü ve hepatit 8 yüzey antijeni (hbsag),titck
J07BD01,"measles, live attenuated",canli atenüe kizamik virüsü,titck
J07BD51,"measles, combinations with mumps, live attenuated","kızamık, kabakulak ile kombinasyonlar, canlı atenüe",llm
J07BD52,"measles, combinations with mumps and rubella, live attenuated","canli atenüe kizamik virüsü (schwarz suşu), canli atenüe kabakulak virüsü (rit 4385 suşu), canli atenüe kizamikçik virüsü (wistar ra 27/3 suşu)",titck
J07BD53,"measles, combinations with rubella, live attenuated","kızamık, kızamıkçık ile kombinasyonlar, canlı atenüe",llm
J07BD54,"measles, combinations with mumps, rubella and varicella, live attenuated","kizamik virüsü enders edmonston suşu (canli, atenüe) kabakulak virüsü jeryl lynn (b düzeyi) suşu (canli, atenüe) kizamikçik virüsü wistar ra 27/3 suşu (canli, atenüe) su çiçeği virüsü oka/merck suşu (canli, atenüe)",titck
J07BE01,"mumps, live attenuated","kabakulak, canlı atenüe",llm
J07BF01,"poliomyelitis oral, monovalent, live attenuated","poliomiyelit oral, monovalan, canlı atenüe",llm
J07BF02,"poliomyelitis oral, trivalent, live attenuated","poliomiyelit oral, trivalan, canlı atenüe",llm
J07BF03,"poliomyelitis, trivalent, inactivated, whole virus","poliomiyelit, trivalan, inaktif, tüm virüs",llm
J07BF04,"poliomyelitis oral, bivalent, live attenuated","poliomiyelit oral, bivalan, canlı atenüe",llm
J07BG01,"rabies, inactivated, whole virus","aritilmiş propiolakton ile inaktive edilmiş, vero hücresi, pitman moore suşu kuduz virüs antijeni",titck
J07BH01,"rota virus, live attenuated",insan rotavirüs r1x4414 canli atenüe suşu,titck
J07BH02,"rota virus, pentavalent, live, reassorted","pentavalan rotaviriis serotipleri[gl,g2,g3,g4,p1(8)]",titck
J07BJ01,"rubella, live attenuated","rubella, live attenuated",titck
J07BJ51,"rubella, combinations with mumps, live attenuated","kızamıkçık, kabakulak ile kombinasyonlar, canlı atenüe",llm
J07BK01,"varicella, live attenuated","canlı, atenüe varisella zoster (su çiçeği) virüsü (mav/06 suşu)",titck
J07BK02,"zoster, live attenuated","zoster, canlı atenüe",llm
J07BK03,"zoster, purified antigen",varisella zoster virüsü glikoprotein e antijeni,titck
J07BL01,"yellow fever, live attenuated","atenüe sarihumma virüsü, 17 d suşu",titck
J07BM01,"papillomavirus (human types 6, 11, 16, 18)","kuadrivalan human papillomavirüs (tip 6, 11, 16, 18)",titck
J07BM02,"papillomavirus (human types 16, 18)",human papillomavirus (tip 16 ve 18 l1 proteinleri),titck
J07BM03,"papillomavirus (human types 6, 11, 16, 18, 31, 33, 45, 52, 58)","9-valan insan papillomavirüs tipleri [tip 6, 11, 16, 18, 31, 33, 45, 52, 58] (rekombinant, adsorbe)",titck
J07BN01,"covid-19, RNA-based vaccine",andusomeran,titck
J07BN02,"covid-19, viral vector, non-replicating","covid-19, viral vektör, replike olmayan",llm
J07BN03,"covid-19, inactivated virus",i̇naktif sars-cov-2 virüs (hcov-19/turkey/eragem-001/2020 suşu) antijeni,titck
J07BN04,"covid-19, protein subunit","covid-19, protein alt birim",llm
J07BN05,"covid-19, virus-like particles","covid-19, virüs benzeri partiküller",llm
J07BP01,"chikungunya, live attenuated","chikungunya, canlı atenüe",llm
J07BP02,"chikungunya, virus-like particles","chikungunya, virüs benzeri partiküller",llm
J07BX01,smallpox and mpox vaccines,çiçek ve mpox aşıları,llm
J07BX02,ebola vaccines,ebola aşıları,llm
J07BX04,dengue virus vaccines,dengue virüsü aşıları,llm
J07BX05,respiratory syncytial virus vaccines,rekombinant rsv glikoprotein f antijeni (rsvpref3),titck
J07BX06,enterovirus 71 vaccines,enterovirüs 71 aşıları,llm
J07CA01,diphtheria-poliomyelitis-tetanus,difteri-poliomiyelit-tetanoz,llm
J07CA02,diphtheria-pertussis-poliomyelitis-tetanus,"difteri toksoidi, tetanoz toksoidi, bordetella pertussis antijenleri: pertussis toksoidi, filamentöz hemaglutinin,pertaktin inaktif poliovirüs",titck
J07CA03,diphtheria-rubella-tetanus,difteri-kızamıkçık-tetanoz,llm
J07CA04,haemophilus influenzae B and poliomyelitis,haemophilus influenzae B ve poliomiyelit,llm
J07CA05,diphtheria-hepatitis B-pertussis-tetanus,difteri-hepatit B-boğmaca-tetanoz,llm
J07CA06,diphtheria-haemophilus influenzae B-pertussis-poliomyelitis-tetanus,"difteri toksoidi (dt), tetanoz toksoidi (tt), bordetella pertussis antijenleri (pertussis toksoidi (pt), filamentöz hemaglutinin (fha), pertaktin (prn)), hepatit b virüs yüzey antijeni, i̇naktif polio virüs tip 1 (mahoney suşu), i̇naktif polio virüs tip 2 (mef-1 suşu), i̇naktif polio virüs tip 3 (saukett suşu), konjuge haemophilus influenza tip b polisakkarid (prp) (poliribosilribitol fosfat), taşıyıcı protein olarak tetanoz toksoidi",titck
J07CA07,diphtheria-hepatitis B-tetanus,difteri-hepatit B-tetanoz,llm
J07CA08,haemophilus influenzae B and hepatitis B,haemophilus influenzae B ve hepatit B,llm
J07CA09,diphtheria-haemophilus influenzae B-pertussis-poliomyelitis-tetanus-hepatitis B,"difteri toksoidi, tetanoz toksoidi, bordetella pertussis antijenleri: boğmaca toksoidi, filamentöz haemagglutinin, poliovirus (inaktif): tip 1 (mahoney), tip 2 (mef-1), tip 3 (saukett), hepatit b yüzey antijeni, haemophilus influenzae tip b polisakkarid (poliribosilribitol fosfat), tetanoz proteinine konjuge edilmiş olarak",titck
J07CA10,typhoid-hepatitis A,tifo-hepatit A,llm
J07CA11,diphtheria-haemophilus influenzae B-pertussis-tetanus-hepatitis B,difteri-haemophilus influenzae B-boğmaca-tetanoz-hepatit B,llm
J07CA12,diphtheria-pertussis-poliomyelitis-tetanus-hepatitis B,difteri-boğmaca-poliomiyelit-tetanoz-hepatit B,llm
J07CA13,diphtheria-haemophilus influenzae B-pertussis-tetanus-hepatitis B-meningococcus A + C,difteri-haemophilus influenzae B-boğmaca-tetanoz-hepatit B-meningokok A + C,llm
J07XA01,malaria vaccines,malarya aşıları,llm
L01AA01,cyclophosphamide,siklofosfamid,titck
L01AA02,chlorambucil,chlorambucil,titck
L01AA03,melphalan,melfalan,titck
L01AA05,chlormethine,klormetin,llm
L01AA06,ifosfamide,ifosfamid,titck
L01AA07,trofosfamide,trofosfamid,llm
L01AA08,prednimustine,prednimustin,llm
L01AA09,bendamustine,bendamustin hidroklorür,titck
L01AA10,melphalan flufenamide,melfalan flufenamid,llm
L01AB01,busulfan,busulfan,titck
L01AB02,treosulfan,treosulfan,titck
L01AB03,mannosulfan,mannosulfan,llm
L01AC01,thiotepa,tiyotepa,titck
L01AC02,triaziquone,triazikuon,llm
L01AC03,carboquone,karbokuon,llm
L01AD01,carmustine,karmustin,titck
L01AD02,lomustine,lomustin,llm
L01AD03,semustine,semustin,llm
L01AD04,streptozocin,streptozosin,llm
L01AD05,fotemustine,fotemustin,llm
L01AD06,nimustine,nimustin,llm
L01AD07,ranimustine,ranimustin,llm
L01AD08,uramustine,uramustin,llm
L01AG01,etoglucid,etoglusid,llm
L01AX01,mitobronitol,mitobronitol,llm
L01AX02,pipobroman,pipobroman,llm
L01AX03,temozolomide,temozolomid,titck
L01AX04,dacarbazine,dakarbazin,titck
L01BA01,methotrexate,metotreksat,titck
L01BA03,raltitrexed,raltitrexed,titck
L01BA04,pemetrexed,pemetrekset disodyum,titck
L01BA05,pralatrexate,pralatreksat,llm
L01BB02,mercaptopurine,mercaptopurine,titck
L01BB03,tioguanine,tioguanin,titck
L01BB04,cladribine,kladribin,titck
L01BB05,fludarabine,fludarabin fosfat,titck
L01BB06,clofarabine,klofarabin,titck
L01BB07,nelarabine,nelarabin,titck
L01BC01,cytarabine,sitarabin,titck
L01BC02,fluorouracil,5-fluorourasil,titck
L01BC03,tegafur,tegafur,llm
L01BC04,carmofur,karmofur,llm
L01BC05,gemcitabine,gemsitabin hidroklorür,titck
L01BC06,capecitabine,kapesitabin,titck
L01BC07,azacitidine,azasitidin,titck
L01BC08,decitabine,desitabin,titck
L01BC09,floxuridine,floksuridin,llm
L01BC52,"fluorouracil, combinations","fluorourasil, kombinasyonlar",llm
L01BC53,"tegafur, combinations","tegafur, kombinasyonlar",llm
L01BC58,"decitabine, combinations","desitabin, kombinasyonlar",llm
L01BC59,"trifluridine, combinations","trifluridin, kombinasyonlar",llm
L01CA01,vinblastine,vinblastin sülfat,titck
L01CA02,vincristine,vincristine,titck
L01CA03,vindesine,vindesin,llm
L01CA04,vinorelbine,vinorelbin tartarat,titck
L01CA05,vinflunine,vinflunin ditartarat,titck
L01CA06,vintafolide,vintafolid,llm
L01CB01,etoposide,etoposid,titck
L01CB02,teniposide,tenipozid,llm
L01CC01,demecolcine,demekolsin,llm
L01CD01,paclitaxel,paklitaksel,titck
L01CD02,docetaxel,dosetaksel,titck
L01CD03,paclitaxel poliglumex,paklitaksel poliglumeks,llm
L01CD04,cabazitaxel,kabazitaksel,titck
L01CD51,paclitaxel and encequidar,paklitaksel ve enkekuidar,llm
L01CE01,topotecan,topotekan,titck
L01CE02,irinotecan,irinotekan hidroklorür trihidrat,titck
L01CE03,etirinotecan pegol,etirinotekan pegol,llm
L01CE04,belotecan,belotekan,llm
L01CX01,trabectedin,trabectedin,titck
L01DA01,dactinomycin,daktinomisin,llm
L01DB01,doxorubicin,doksorubisin hidroklorür,titck
L01DB02,daunorubicin,daunorubisin hidroklorür,titck
L01DB03,epirubicin,epirubisin hidroklorür,titck
L01DB04,aclarubicin,aklarubisin,llm
L01DB05,zorubicin,zorubisin,llm
L01DB06,idarubicin,idarubisin hidroklorür,titck
L01DB07,mitoxantrone,mitoksantron,titck
L01DB08,pirarubicin,pirarubisin,llm
L01DB09,valrubicin,valrubisin,llm
L01DB10,amrubicin,amrubisin,llm
L01DB11,pixantrone,piksantron,llm
L01DC01,bleomycin,bleomisin sülfat,titck
L01DC02,plicamycin,plikamisin,llm
L01DC03,mitomycin,mitomycin,titck
L01DC04,ixabepilone,iksabepilon,llm
L01DC05,utidelone,utidelon,llm
L01EA01,imatinib,imatinib mesilat,titck
L01EA02,dasatinib,dasatinib monohidrat,titck
L01EA03,nilotinib,nilotinib hidroklorür,titck
L01EA04,bosutinib,bosutinib monohidrat,titck
L01EA05,ponatinib,ponatinib hidroklorür,titck
L01EA06,asciminib,asciminib hidroklorür,titck
L01EB01,gefitinib,gefitinib,titck
L01EB02,erlotinib,erlotinib hidroklorür,titck
L01EB03,afatinib,afatinib dimaleat,titck
L01EB04,osimertinib,osimertinib mesilat,titck
L01EB05,rociletinib,rosiletinib,llm
L01EB06,olmutinib,olmutinib,llm
L01EB07,dacomitinib,dakomitinib monohidrat,titck
L01EB08,icotinib,ikotinib,llm
L01EB09,lazertinib,lazertinib,llm
L01EB10,mobocertinib,mobosertinib,llm
L01EB11,aumolertinib,aumolertinib,llm
L01EB12,firmonertinib,firmonertinib,llm
L01EC01,vemurafenib,vemurafenib,titck
L01EC02,dabrafenib,dabrafenib mesilat,titck
L01EC03,encorafenib,enkorafenib,titck
L01EC04,tovorafenib,tovorafenib,llm
L01ED01,crizotinib,krizotinib,llm
L01ED02,ceritinib,seritinib,titck
L01ED03,alectinib,alectinib hidroklorür,titck
L01ED04,brigatinib,brigatinib,titck
L01ED05,lorlatinib,lorlatinib,titck
L01EE01,trametinib,trametinib,titck
L01EE02,cobimetinib,kobimetinib hemifumarat,titck
L01EE03,binimetinib,binimetinib,titck
L01EE04,selumetinib,selumetinib hidrojen sülfat,titck
L01EE05,mirdametinib,mirdametinib,llm
L01EE06,tunlametinib,tunlametinib,llm
L01EF01,palbociclib,palbosiklib,titck
L01EF02,ribociclib,ribosiklib süksinat,titck
L01EF03,abemaciclib,abemasiklib,titck
L01EG01,temsirolimus,temsirolimus,titck
L01EG02,everolimus,everolimus,titck
L01EG03,ridaforolimus,ridaforolimus,llm
L01EG04,sirolimus,sirolimus,llm
L01EH01,lapatinib,lapatinib ditosilat,titck
L01EH02,neratinib,neratinib maleat,titck
L01EH03,tucatinib,tukatinib,titck
L01EH04,zongertinib,zongertinib,llm
L01EH05,mifanertinib,mifanertinib,llm
L01EH06,sevabertinib,sevabertinib,llm
L01EJ01,ruxolitinib,ruksolitinib fosfat,titck
L01EJ02,fedratinib,fedratinib dihidroklorür monohidrat,titck
L01EJ03,pacritinib,pakritinib,llm
L01EJ04,momelotinib,momelotinib,llm
L01EK01,axitinib,aksitinib,titck
L01EK02,cediranib,sediranib,llm
L01EK03,tivozanib,tivozanib,llm
L01EK04,fruquintinib,frukuintinib,llm
L01EK05,rivoceranib,rivoseranib,llm
L01EL01,ibrutinib,i̇brutinib,titck
L01EL02,acalabrutinib,akalabrutinib,titck
L01EL03,zanubrutinib,zanubrutinib,llm
L01EL04,orelabrutinib,orelabrutinib,llm
L01EL05,pirtobrutinib,pirtobrutinib,llm
L01EL06,tirabrutinib,tirabrutinib,llm
L01EM01,idelalisib,idelalisib,llm
L01EM02,copanlisib,kopanlisib,llm
L01EM03,alpelisib,alpelisib,titck
L01EM04,duvelisib,duvelisib,llm
L01EM05,parsaclisib,parsaklisib,llm
L01EM06,inavolisib,inavolisib,llm
L01EN01,erdafitinib,erdafitinib,titck
L01EN02,pemigatinib,pemigatinib,llm
L01EN03,infigratinib,infigratinib,llm
L01EN04,futibatinib,futibatinib,llm
L01EP01,capmatinib,kapmatinib,llm
L01EP02,tepotinib,tepotinib,llm
L01EP03,savolitinib,savolitinib,llm
L01EX01,sunitinib,sunitinib malat,titck
L01EX02,sorafenib,sorafenib tosilat,titck
L01EX03,pazopanib,pazopanib hidroklorür,titck
L01EX04,vandetanib,sunitinib malat,titck
L01EX05,regorafenib,regorafenib,titck
L01EX06,masitinib,masitinib,llm
L01EX07,cabozantinib,kabozantinib(s)-malat,titck
L01EX08,lenvatinib,lenvatinib mesilat,titck
L01EX09,nintedanib,nintedanib esilat,titck
L01EX10,midostaurin,midostaurin,titck
L01EX11,quizartinib,kuizartinib,llm
L01EX12,larotrectinib,larotrektinib sülfat,titck
L01EX13,gilteritinib,gilteritinib,llm
L01EX14,entrectinib,entrektinib,titck
L01EX15,pexidartinib,peksidartinib,llm
L01EX18,avapritinib,avapritinib,llm
L01EX19,ripretinib,ripretinib,llm
L01EX22,selpercatinib,selperkatinib,llm
L01EX23,pralsetinib,pralsetinib,llm
L01EX24,surufatinib,surufatinib,llm
L01EX25,umbralisib,umbralisib,llm
L01EX26,sitravatinib,sitravatinib,llm
L01EX27,capivasertib,kapivasertib,llm
L01EX28,repotrectinib,repotrektinib,llm
L01EX29,vimseltinib,vimseltinib,llm
L01FA01,rituximab,rituximab,titck
L01FA02,ofatumumab,ofatumumab,llm
L01FA03,obinutuzumab,obinutuzumab,titck
L01FB01,inotuzumab ozogamicin,inotuzumab ozogamisin,titck
L01FB02,moxetumomab pasudotox,moksetumomab pasudotoks,llm
L01FC01,daratumumab,daratumumab,titck
L01FC02,isatuximab,isatuximab,titck
L01FD01,trastuzumab,trastuzumab,titck
L01FD02,pertuzumab,pertuzumab,titck
L01FD03,trastuzumab emtansine,trastuzumab emtansine,titck
L01FD04,trastuzumab deruxtecan,trastuzumab derukstekan,titck
L01FD05,trastuzumab duocarmazine,trastuzumab duokarmazin,llm
L01FD06,margetuximab,margetuksimab,llm
L01FD07,zanidatamab,zanidatamab,llm
L01FE01,cetuximab,cetuximab,titck
L01FE02,panitumumab,panitumumab,llm
L01FE03,necitumumab,nesitumumab,llm
L01FF01,nivolumab,nivolumab,titck
L01FF02,pembrolizumab,pembrolizumab,titck
L01FF03,durvalumab,durvalumab,titck
L01FF04,avelumab,avelumab,titck
L01FF05,atezolizumab,atezolizumab,titck
L01FF06,cemiplimab,semiplimab,llm
L01FF07,dostarlimab,dostarlimab,titck
L01FF08,prolgolimab,prolgolimab,llm
L01FF09,tislelizumab,tislelizumab,llm
L01FF10,retifanlimab,retifanlimab,llm
L01FF11,sugemalimab,sugemalimab,llm
L01FF12,serplulimab,serplulimab,llm
L01FF13,toripalimab,toripalimab,llm
L01FF14,camrelizumab,kamrelizumab,llm
L01FF15,envafolimab,envafolimab,llm
L01FF16,sasanlimab,sasanlimab,llm
L01FG01,bevacizumab,bevacizumab,titck
L01FG02,ramucirumab,ramusirumab,titck
L01FX01,edrecolomab,edrekolomab,llm
L01FX02,gemtuzumab ozogamicin,gemtuzumab ozogamisin,titck
L01FX03,catumaxomab,katumaksomab,llm
L01FX04,ipilimumab,ipilimumab,llm
L01FX05,brentuximab vedotin,brentuksimab vedotin,titck
L01FX06,dinutuximab beta,dinutuksimab beta,llm
L01FX07,blinatumomab,blinatumomab,titck
L01FX08,elotuzumab,elotuzumab,llm
L01FX09,mogamulizumab,mogamulizumab,llm
L01FX10,olaratumab,olaratumab,llm
L01FX11,bermekimab,bermekimab,llm
L01FX12,tafasitamab,tafasitamab,llm
L01FX13,enfortumab vedotin,enfortumab vedotin,titck
L01FX14,polatuzumab vedotin,polatuzumab vedotin,llm
L01FX15,belantamab mafodotin,belantamab mafodotin,llm
L01FX16,oportuzumab monatox,oportuzumab monatoks,llm
L01FX17,sacituzumab govitecan,sacituzumab govitekan,titck
L01FX18,amivantamab,amivantamab,llm
L01FX19,sabatolimab,sabatolimab,llm
L01FX20,tremelimumab,tremelimumab,titck
L01FX21,naxitamab,naksitamab,llm
L01FX22,loncastuximab tesirine,lonkastuksimab tesirin,llm
L01FX23,tisotumab vedotin,tisotumab vedotin,llm
L01FX24,teclistamab,teklistamab,llm
L01FX25,mosunetuzumab,mosunetuzumab,llm
L01FX26,mirvetuximab soravtansine,mirvetuksimab soravtansin,llm
L01FX27,epcoritamab,epcoritamab,titck
L01FX28,glofitamab,glofitamab,llm
L01FX29,talquetamab,talkuetamab,llm
L01FX31,zolbetuximab,zolbetuksimab,llm
L01FX32,elranatamab,elranatamab,llm
L01FX33,tarlatamab,tarlatamab,llm
L01FX34,odronextamab,odronekstamab,llm
L01FX35,datopotamab deruxtecan,datopotamab derukstekan,llm
L01FX36,patritumab deruxtecan,patritumab derukstekan,llm
L01FX37,linvoseltamab,linvoseltamab,llm
L01FX38,ifinatamab deruxtecan,ifinatamab derukstekan,llm
L01FX39,bemarituzumab,bemarituzumab,llm
L01FY01,pertuzumab and trastuzumab,"pertuzumab, trastuzuma",titck
L01FY02,nivolumab and relatlimab,nivolumab ve relatlimab,llm
L01FY03,prolgolimab and nurulimab,prolgolimab ve nurulimab,llm
L01XA01,cisplatin,sisplatin,titck
L01XA02,carboplatin,karboplatin,titck
L01XA03,oxaliplatin,okzaliplatin,titck
L01XA04,satraplatin,satraplatin,llm
L01XA05,polyplatillen,poliplatillen,llm
L01XB01,procarbazine,prokarbazin,llm
L01XD01,porfimer sodium,porfimer sodyum,llm
L01XD03,methyl aminolevulinate,metil aminolevulinat,llm
L01XD04,aminolevulinic acid,5-aminolevulinik asit hidroklorür,titck
L01XD05,temoporfin,temoporfin,llm
L01XD06,efaproxiral,efaproksiral,llm
L01XD07,padeliporfin,padeliporfin,llm
L01XF01,tretinoin,tretinoin,llm
L01XF02,alitretinoin,alitretinoin,llm
L01XF03,bexarotene,beksaroten,titck
L01XG01,bortezomib,bortezomib,titck
L01XG02,carfilzomib,karfilzomib,titck
L01XG03,ixazomib,iksazomib sitrat,titck
L01XH01,vorinostat,vorinostat,llm
L01XH02,romidepsin,romidepsin,llm
L01XH03,panobinostat,panobinostat,llm
L01XH04,belinostat,belinostat,llm
L01XH05,entinostat,entinostat,llm
L01XH06,tucidinostat,tusidinostat,llm
L01XH07,resminostat,resminostat,llm
L01XJ01,vismodegib,vismodegib,titck
L01XJ02,sonidegib,sonidegib,llm
L01XJ03,glasdegib,glasdegib,llm
L01XK01,olaparib,olaparib,titck
L01XK02,niraparib,niraparib tosilat monohidrat,titck
L01XK03,rucaparib,rukaparib,llm
L01XK04,talazoparib,talazoparib tosilat,titck
L01XK05,veliparib,veliparib,llm
L01XK06,pamiparib,pamiparib,llm
L01XK07,senaparib,senaparib,llm
L01XK52,niraparib and abiraterone,"niraparib tosilat monohidrat, abirateron asetat",titck
L01XL01,sitimagene ceradenovec,sitimagen seradenovek,llm
L01XL02,talimogene laherparepvec,talimogen laherparepvek,llm
L01XL03,axicabtagene ciloleucel,aksikabtagen siloleusel,llm
L01XL04,tisagenlecleucel,tisagenleklusel,llm
L01XL05,ciltacabtagene autoleucel,siltakabtagen otoleusel,llm
L01XL06,brexucabtagene autoleucel,breksukabtagen otoleusel,llm
L01XL07,idecabtagene vicleucel,idekabtagen vikleusel,llm
L01XL08,lisocabtagene maraleucel,lisokabtagen maraleusel,llm
L01XL09,tabelecleucel,tabelekleusel,llm
L01XL10,nadofaragene firadenovec,nadofarajen firadenovek,llm
L01XL11,lifileucel,lifileusel,llm
L01XL12,obecabtagene autoleucel,obekabtagen otoleusel,llm
L01XM01,enasidenib,enasidenib,llm
L01XM02,ivosidenib,ivosidenib,llm
L01XM03,olutasidenib,olutasidenib,llm
L01XM04,vorasidenib,vorasidenib,llm
L01XX01,amsacrine,amsakrin,llm
L01XX02,asparaginase,asparaginase,titck
L01XX03,altretamine,altretamin,llm
L01XX05,hydroxycarbamide,hidroksikarbamid,titck
L01XX07,lonidamine,lonidamin,llm
L01XX08,pentostatin,pentostatin,llm
L01XX10,masoprocol,masoprokol,llm
L01XX11,estramustine,estramustin sodyum fosfatmonohidrat,titck
L01XX16,mitoguazone,mitoguazon,llm
L01XX18,tiazofurine,tiazofurin,llm
L01XX23,mitotane,mitotan,llm
L01XX24,pegaspargase,pegaspargaz,llm
L01XX27,arsenic trioxide,arsenik trioksit,titck
L01XX29,denileukin diftitox,denilökin diftitoks,llm
L01XX33,celecoxib,selekoksib,llm
L01XX35,anagrelide,anagrelid hidroklorür,titck
L01XX36,oblimersen,oblimersen,llm
L01XX40,omacetaxine mepesuccinate,omasetaksin mepesuksinat,llm
L01XX41,eribulin,eribulin mesilat,titck
L01XX44,aflibercept,aflibersept,titck
L01XX52,venetoclax,venetoklaks,titck
L01XX53,vosaroxin,vosaroksin,llm
L01XX57,plitidepsin,plitidepsin,llm
L01XX58,epacadostat,epakadostat,llm
L01XX66,selinexor,selineksor,titck
L01XX67,tagraxofusp,tagraksofusp,llm
L01XX69,lurbinectedin,lurbinektedin,llm
L01XX72,tazemetostat,tazemetostat,llm
L01XX73,sotorasib,sotorasib,titck
L01XX74,belzutifan,belzutifan,llm
L01XX75,tebentafusp,tebentafusp,llm
L01XX77,adagrasib,adagrasib,llm
L01XX78,navitoclax,navitoklaks,llm
L01XX79,eflornithine,eflornitin,llm
L01XX80,imetelstat,imetelstat,llm
L01XX81,nirogacestat,nirogasestat,llm
L01XX82,darinaparsin,darinaparsin,llm
L01XX83,para-toluenesulfonamide,para-toluensulfonamid,llm
L01XX84,pelabresib,pelabresib,llm
L01XX85,idroxioleic acid,idroksioleik asit,llm
L01XX86,calaspargase pegol,kalaspargaz pegol,llm
L01XX87,revumenib,revumenib,llm
L01XY01,cytarabine and daunorubicin,sitarabin ve daunorubisin,llm
L01XY04,bifikafusp alfa and onfekafusp alfa,bifikafusp alfa ve onfekafusp alfa,llm
L02AA01,diethylstilbestrol,dietilstilbestrol,llm
L02AA02,polyestradiol phosphate,poliestradiol fosfat,llm
L02AA03,ethinylestradiol,etinilestradiol,llm
L02AA04,fosfestrol,fosfestrol,llm
L02AB01,megestrol,megestrol,titck
L02AB02,medroxyprogesterone,medroksiprogesteron,llm
L02AB03,gestonorone,gestoneron,llm
L02AE01,buserelin,buserelin,llm
L02AE02,leuprorelin,leuprorelin,titck
L02AE03,goserelin,goserelin,titck
L02AE04,triptorelin,triptorelin,titck
L02AE05,histrelin,histrelin,llm
L02AE51,leuprorelin and bicalutamide,leuprorelin ve bikalutamid,llm
L02BA01,tamoxifen,tamoksifen sitrat,titck
L02BA02,toremifene,toremifen,llm
L02BA03,fulvestrant,fulvestrant,titck
L02BA04,elacestrant,elacestrant dihidroklorür,titck
L02BA05,camizestrant,kamizestrant,llm
L02BB01,flutamide,flutamid,titck
L02BB02,nilutamide,nilutamid,llm
L02BB03,bicalutamide,bikalutamid,titck
L02BB04,enzalutamide,enzalutamid,titck
L02BB05,apalutamide,apalutamit,titck
L02BB06,darolutamide,darolutamit,titck
L02BG01,aminoglutethimide,aminoglutetimid,llm
L02BG02,formestane,formestan,llm
L02BG03,anastrozole,anastrozol,titck
L02BG04,letrozole,letrozol,titck
L02BG05,vorozole,vorozol,llm
L02BG06,exemestane,eksemestan,titck
L02BX01,abarelix,abareliks,llm
L02BX02,degarelix,degareliks,llm
L02BX03,abiraterone,abirateron asetat,titck
L02BX04,relugolix,relugoliks,llm
L02BX53,abiraterone and corticosteroids,abirateron ve kortikosteroidler,llm
L03AA02,filgrastim,filgrastim,titck
L03AA03,molgramostim,molgramostim,llm
L03AA09,sargramostim,sargramostim,llm
L03AA10,lenograstim,lenograstim,llm
L03AA12,ancestim,ansestim,llm
L03AA13,pegfilgrastim,pegfilgrastim,titck
L03AA14,lipegfilgrastim,lipegfilgrastim,titck
L03AA15,balugrastim,balugrastim,llm
L03AA16,empegfilgrastim,empegfilgrastim,llm
L03AA17,pegteograstim,pegteograstim,llm
L03AA18,efbemalenograstim alfa,efbemalenograstim alfa,llm
L03AA19,eflapegrastim,eflapegrastim,llm
L03AB01,interferon alfa natural,natürel interferon alfa,llm
L03AB02,interferon beta natural,natürel interferon beta,llm
L03AB03,interferon gamma,interferon gama,llm
L03AB04,interferon alfa-2a,interferon alfa-2a,llm
L03AB05,interferon alfa-2b,interferon alfa-2b,llm
L03AB06,interferon alfa-n1,interferon alfa-n1,llm
L03AB07,interferon beta-1a,interferon beta-1a,titck
L03AB08,interferon beta-1b,interferon beta-1b,llm
L03AB09,interferon alfacon-1,interferon alfakon-1,llm
L03AB10,peginterferon alfa-2b,peginterferon alfa-2b,llm
L03AB11,peginterferon alfa-2a,peginterferon alfa-2a,titck
L03AB12,albinterferon alfa-2b,albinterferon alfa-2b,llm
L03AB13,peginterferon beta-1a,peginterferon beta-1a,titck
L03AB14,cepeginterferon alfa-2b,sepeginterferon alfa-2b,llm
L03AB15,ropeginterferon alfa-2b,ropeginterferon alfa-2b,llm
L03AB16,peginterferon alfacon-2,peginterferon alfakon-2,llm
L03AB17,sampeginterferon beta-1a,sampeginterferon beta-1a,llm
L03AB60,"peginterferon alfa-2b, combinations","peginterferon alfa-2b, kombinasyonlar",llm
L03AB61,"peginterferon alfa-2a, combinations","peginterferon alfa-2a, kombinasyonlar",llm
L03AC01,aldesleukin,aldeslökin,llm
L03AC02,oprelvekin,oprelvekin,llm
L03AC03,nogapendekin alfa and inbakicept,nogapendekin alfa ve inbakisept,llm
L03AX01,lentinan,lentinan,llm
L03AX02,roquinimex,rokuinimeks,llm
L03AX03,BCG vaccine,bcg vaccine,titck
L03AX04,pegademase,pegademaz,llm
L03AX05,pidotimod,pidotimod,llm
L03AX07,poly I:C,poli i:c,llm
L03AX08,poly ICLC,poli iklk,llm
L03AX09,thymopentin,timopentin,llm
L03AX10,immunocyanin,immunosiyanin,llm
L03AX11,tasonermin,tasonermin,llm
L03AX12,melanoma vaccine,melanoma aşısı,llm
L03AX13,glatiramer acetate,glatiramer asetat,titck
L03AX14,histamine dihydrochloride,histamin dihidroklorür,llm
L03AX15,mifamurtide,mifamurtid,titck
L03AX16,plerixafor,pleriksafor,titck
L03AX17,sipuleucel-T,sipuleusel-t,llm
L03AX18,cridanimod,kridanimod,llm
L03AX19,dasiprotimut-T,dasiprotimut-t,llm
L03AX21,elapegademase,elapegademaz,llm
L03AX22,leniolisib,leniolisib,llm
L03AX23,motixafortide,motiksafortid,llm
L03AX24,mavorixafor,mavoriksafor,llm
L03AX25,thymalfasin,timalfasin,llm
L04AA03,antilymphocyte immunoglobulin (horse),at kaynaklı anti t-lenfosit immünoglobülin,titck
L04AA04,antithymocyte immunoglobulin (rabbit),tavşanlardan elde edilen anti insan t-lenfosit immunoglobulini,titck
L04AA06,mycophenolic acid,mikofenolat mofetil,titck
L04AA15,alefacept,alefasept,llm
L04AA19,gusperimus,gusperimus,llm
L04AA22,abetimus,abetimus,llm
L04AA24,abatacept,abatacept,titck
L04AA28,belatacept,belatasept,llm
L04AA32,apremilast,apremilast,titck
L04AA40,cladribine,kladribin,titck
L04AA41,imlifidase,imlifidaz,llm
L04AA48,belumosudil,belumosudil mesilat,titck
L04AA60,remibrutinib,remibrutinib,llm
L04AA61,nerandomilast,nerandomilast,llm
L04AA62,tolebrutinib,tolebrutinib,llm
L04AB01,etanercept,etanersept,titck
L04AB02,infliximab,infliksimab,titck
L04AB03,afelimomab,afelimomab,llm
L04AB04,adalimumab,adalimumab,titck
L04AB05,certolizumab pegol,certolizumab pegol,titck
L04AB06,golimumab,golimumab,titck
L04AB07,opinercept,opinersept,llm
L04AC01,daclizumab,daklizumab,llm
L04AC02,basiliximab,basiliksimab,titck
L04AC03,anakinra,anakinra,titck
L04AC04,rilonacept,rilonasept,llm
L04AC05,ustekinumab,ustekinumab,titck
L04AC07,tocilizumab,tocilizumab,titck
L04AC08,canakinumab,canakinumab,titck
L04AC09,briakinumab,briakinumab,llm
L04AC10,secukinumab,secukinumab,titck
L04AC11,siltuximab,siltuksimab,titck
L04AC12,brodalumab,brodalumab,llm
L04AC13,ixekizumab,iksekizumab,titck
L04AC14,sarilumab,sarilumab,llm
L04AC15,sirukumab,sirukumab,llm
L04AC16,guselkumab,guselkumab,titck
L04AC17,tildrakizumab,tildrakizumab,titck
L04AC18,risankizumab,risankizumab,titck
L04AC19,satralizumab,satralizumab,titck
L04AC20,netakimab,netakimab,llm
L04AC21,bimekizumab,bimekizumab,titck
L04AC22,spesolimab,spesolimab,titck
L04AC23,olokizumab,olokizumab,llm
L04AC24,mirikizumab,mirikizumab,titck
L04AC25,levilimab,levilimab,llm
L04AC26,goflikicept,goflikisept,llm
L04AC27,cendakimab,sendakimab,llm
L04AD01,ciclosporin,siklosporin,titck
L04AD02,tacrolimus,takrolimus monohidrat,titck
L04AD03,voclosporin,voklosporin,llm
L04AE01,fingolimod,fingolimod,llm
L04AE02,ozanimod,ozanimod,llm
L04AE03,siponimod,siponimod fumarik asit,titck
L04AE04,ponesimod,ponesimod,llm
L04AE05,etrasimod,etrasimod l-arjinin,titck
L04AF01,tofacitinib,tofasitinib sitrat,titck
L04AF02,baricitinib,barisitinib,llm
L04AF03,upadacitinib,upadasitinib,titck
L04AF04,filgotinib,filgotinib,llm
L04AF05,itacitinib,itasitinib,llm
L04AF06,peficitinib,pefisitinib,llm
L04AF07,deucravacitinib,deukravasitinib,llm
L04AF08,ritlecitinib,ritlesitinib tosilat,titck
L04AF09,deuruxolitinib,deuruksolitinib,llm
L04AG01,muromonab-CD3,muromonab-cd3,llm
L04AG02,efalizumab,efalizumab,llm
L04AG03,natalizumab,natalizumab,titck
L04AG04,belimumab,belimumab,llm
L04AG05,vedolizumab,vedolizumab,llm
L04AG06,alemtuzumab,alemtuzumab,llm
L04AG07,begelomab,begelomab,llm
L04AG08,ocrelizumab,okrelizumab,llm
L04AG09,emapalumab,emapalumab,llm
L04AG10,inebilizumab,inebilizumab,llm
L04AG11,anifrolumab,anifrolumab,llm
L04AG12,ofatumumab,ofatumumab,llm
L04AG13,teprotumumab,teprotumumab,llm
L04AG14,ublituximab,ublituksimab,llm
L04AG15,divozilimab,divozilimab,llm
L04AG17,seniprutug,seniprutug,llm
L04AG18,sibeprenlimab,sibeprenlimab,llm
L04AG19,axatilimab,aksatilimab,llm
L04AH01,sirolimus,sirolimus,llm
L04AH02,everolimus,everolimus,llm
L04AJ01,eculizumab,eculizumab,titck
L04AJ02,ravulizumab,ravulizumab,titck
L04AJ03,pegcetacoplan,pegsetakoplan,llm
L04AJ04,sutimlimab,sutimlimab,llm
L04AJ05,avacopan,avakopan,llm
L04AJ06,zilucoplan,zilukoplan sodyum,titck
L04AJ07,crovalimab,crovalimab,titck
L04AJ08,iptacopan,iptakopan,llm
L04AJ09,danicopan,danikopan,llm
L04AJ10,vilobelimab,vilobelimab,llm
L04AJ11,pozelimab,pozelimab,llm
L04AK01,leflunomide,leflunomid,llm
L04AK02,teriflunomide,teriflunomid,titck
L04AL01,efgartigimod alfa,efgartigimod alfa,llm
L04AL02,rozanolixizumab,rozanoliksizumab,llm
L04AL03,nipocalimab,nipokalimab,llm
L04AX01,azathioprine,azathioprine,titck
L04AX02,thalidomide,thalidomid,titck
L04AX03,methotrexate,metotreksat disodyum,titck
L04AX04,lenalidomide,lenalidomid,titck
L04AX05,pirfenidone,pirfenidon,titck
L04AX06,pomalidomide,pomalidomid,titck
L04AX07,dimethyl fumarate,dimetil fumarat,titck
L04AX08,darvadstrocel,darvadstrosel,llm
L04AX09,diroximel fumarate,diroksimel fumarat,llm
L04AX10,tegomil fumarate,tegomil fumarat,llm
L04AX11,monomethyl fumarate,monometil fumarat,llm
M01AA01,phenylbutazone,fenilbutazon,llm
M01AA02,mofebutazone,mofebutazon,llm
M01AA03,oxyphenbutazone,oksifenbutazon,llm
M01AA05,clofezone,klofezon,llm
M01AA06,kebuzone,kebuzon,llm
M01AB01,indometacin,indometazin,titck
M01AB02,sulindac,sulindak,llm
M01AB03,tolmetin,tolmetin,llm
M01AB04,zomepirac,zomepirak,llm
M01AB05,diclofenac,diklofenak sodyum,titck
M01AB06,alclofenac,alklofenak,llm
M01AB07,bumadizone,bumadizon,llm
M01AB08,etodolac,etodolak,titck
M01AB09,lonazolac,lonazolak,llm
M01AB10,fentiazac,fentiazak,llm
M01AB11,acemetacin,acemetacin,titck
M01AB12,difenpiramide,difenpiramid,llm
M01AB13,oxametacin,oksametasin,llm
M01AB14,proglumetacin,proglumetasin,llm
M01AB15,ketorolac,ketorolak trometamin,titck
M01AB16,aceclofenac,aceclofenac,titck
M01AB17,bufexamac,bufeksamak,llm
M01AB51,"indometacin, combinations","indometazin, kombinasyonlar",llm
M01AB55,"diclofenac, combinations","diklofenak, kombinasyonlar",llm
M01AC01,piroxicam,piroksikom siklodekstrin,titck
M01AC02,tenoxicam,tenoksikam,titck
M01AC04,droxicam,droksikam,llm
M01AC05,lornoxicam,lornoksikam,titck
M01AC06,meloxicam,meloksikam,titck
M01AC56,"meloxicam, combinations","meloksikam, kombinasyonlar",llm
M01AE01,ibuprofen,ibuprofen,titck
M01AE02,naproxen,naproksen,titck
M01AE03,ketoprofen,ketoprofen,titck
M01AE04,fenoprofen,fenoprofen,llm
M01AE05,fenbufen,fenbufen,llm
M01AE06,benoxaprofen,benoksaprofen,llm
M01AE07,suprofen,suprofen,llm
M01AE08,pirprofen,pirprofen,llm
M01AE09,flurbiprofen,flurbiprofen,titck
M01AE10,indoprofen,indoprofen,llm
M01AE11,tiaprofenic acid,tiaprofenik asit,titck
M01AE12,oxaprozin,oksaprozin,llm
M01AE13,ibuproxam,ibuproksam,llm
M01AE14,dexibuprofen,deksibuprofen,titck
M01AE15,flunoxaprofen,flunoksaprofen,llm
M01AE16,alminoprofen,alminoprofen,llm
M01AE17,dexketoprofen,deksketoprofen trometamol,titck
M01AE18,naproxcinod,naprokssinod,llm
M01AE19,loxoprofen,loksoprofen,llm
M01AE20,pelubiprofen,pelubiprofen,llm
M01AE51,"ibuprofen, combinations",ibuprofen ve psödoefedrin hcl,titck
M01AE52,naproxen and esomeprazole,"naproksen, esomeprazol magnezyum dihidrat",titck
M01AE53,"ketoprofen, combinations","ketoprofen, kombinasyonlar",llm
M01AE56,naproxen and misoprostol,naproksen ve misoprostol,llm
M01AE57,naproxen and diphenhydramine,naproksen ve difenhidramin,llm
M01AG01,mefenamic acid,mefenamik asit,titck
M01AG02,tolfenamic acid,tolfenamik asit,llm
M01AG03,flufenamic acid,flufenamik asit,titck
M01AG04,meclofenamic acid,meklofenamik asit,llm
M01AH01,celecoxib,selekoksib,titck
M01AH02,rofecoxib,rofekoksib,titck
M01AH03,valdecoxib,valdekoksib,llm
M01AH04,parecoxib,parekoksib,llm
M01AH05,etoricoxib,etorikoksib,llm
M01AH06,lumiracoxib,lumirakoksib,llm
M01AH07,polmacoxib,polmakoksib,llm
M01AX01,nabumetone,nabumeton,titck
M01AX02,niflumic acid,niflumik asit,llm
M01AX04,azapropazone,azapropazon,llm
M01AX05,glucosamine,glukozamin sulfat kristalize,titck
M01AX07,benzydamine,benzydamine,titck
M01AX12,glucosaminoglycan polysulfate,glukozaminoglikan polisülfat,llm
M01AX13,proquazone,prokuazon,llm
M01AX14,orgotein,orgotein,llm
M01AX17,nimesulide,nimesulid,titck
M01AX18,feprazone,feprazon,llm
M01AX21,diacerein,diaserein,titck
M01AX22,morniflumate,morniflumat,llm
M01AX23,tenidap,tenidap,llm
M01AX24,oxaceprol,oksaseprol,llm
M01AX25,chondroitin sulfate,kondroitin sülfat,llm
M01AX26,"avocado and soyabean oil, unsaponifiables","avokado ve soya yağı, sabunlaşmayanlar",llm
M01AX68,"feprazone, combinations","feprazon, kombinasyonlar",llm
M01BA01,phenylbutazone and corticosteroids,fenilbutazon ve kortikosteroidler,llm
M01BA02,dipyrocetyl and corticosteroids,dipirosetil ve kortikosteroidler,llm
M01BA03,acetylsalicylic acid and corticosteroids,asetilsalisilik asit ve kortikosteroidler,llm
M01CA03,oxycinchophen,oksisinkofen,llm
M01CB01,sodium aurothiomalate,sodyum aurotiomalat,llm
M01CB02,sodium aurotiosulfate,sodyum aurotiyosülfat,llm
M01CB03,auranofin,auranofin,llm
M01CB04,aurothioglucose,aurotiyoglukoz,llm
M01CB05,aurotioprol,aurotioprol,llm
M01CC01,penicillamine,penisilamin,llm
M01CC02,bucillamine,busilamin,llm
M02AA01,phenylbutazone,fenilbutazon,llm
M02AA02,mofebutazone,mofebutazon,llm
M02AA03,clofezone,klofezon,llm
M02AA04,oxyphenbutazone,oksifenbutazon,llm
M02AA05,benzydamine,benzydamine,titck
M02AA06,etofenamate,etofenamat,titck
M02AA07,piroxicam,piroksikam,titck
M02AA08,felbinac,felbinak,llm
M02AA09,bufexamac,bufeksamak,llm
M02AA10,ketoprofen,ketoprofen,titck
M02AA11,bendazac,bendazak,llm
M02AA12,naproxen,naproksen,titck
M02AA13,ibuprofen,ibuprofen,titck
M02AA14,fentiazac,fentiazak,llm
M02AA15,diclofenac,diklofenak sodyum,titck
M02AA16,feprazone,feprazon,llm
M02AA17,niflumic acid,niflumik asit,llm
M02AA18,meclofenamic acid,meklofenamik asit,llm
M02AA19,flurbiprofen,flurbiprofen,titck
M02AA21,tolmetin,tolmetin,llm
M02AA22,suxibuzone,suksibuzon,llm
M02AA23,indometacin,indometazin,llm
M02AA24,nifenazone,nifenazon,llm
M02AA25,aceclofenac,aseklofenak,llm
M02AA26,nimesulide,nimesulid,titck
M02AA27,dexketoprofen,deksketoprofen trometamol,titck
M02AA28,piketoprofen,piketoprofen,llm
M02AA29,esflurbiprofen,esflurbiprofen,llm
M02AA31,loxoprofen,loxoprofen sodium,titck
M02AB01,capsaicin,kapsaisin,titck
M02AB02,zucapsaicin,zukapsaisin,llm
M02AX02,tolazoline,tolazolin,llm
M02AX03,dimethyl sulfoxide,dimetil sülfoksit,llm
M02AX05,idrocilamide,idrosilamid,llm
M02AX06,tolperisone,tolperizon,llm
M02AX10,various,various,titck
M03AA01,alcuronium,alkuronyum,llm
M03AA02,tubocurarine,tubokurarin,llm
M03AA04,dimethyltubocurarine,dimetiltubokurarin,llm
M03AB01,suxamethonium,suksametonyum klorür,titck
M03AC01,pancuronium,pankuronyum,llm
M03AC02,gallamine,gallamin,llm
M03AC03,vecuronium,veküronyum bromür,titck
M03AC04,atracurium,atracurium,titck
M03AC05,hexafluronium,heksafluronyum,llm
M03AC06,pipecuronium bromide,pipekuronyum bromür,llm
M03AC07,doxacurium chloride,doksakuryum klorür,llm
M03AC08,fazadinium bromide,fazadinyum bromür,llm
M03AC09,rocuronium bromide,roküronyum bromür,titck
M03AC10,mivacurium chloride,mivakuryum klorür,llm
M03AC11,cisatracurium,cisatrakuryum,titck
M03AX01,botulinum toxin,onabotulinumtoksin a,titck
M03BA01,phenprobamate,fenprobamat,titck
M03BA02,carisoprodol,karisoprodol,llm
M03BA03,methocarbamol,metokarbamol,llm
M03BA04,styramate,stiramat,llm
M03BA05,febarbamate,febarbamat,llm
M03BA51,"phenprobamate, combinations excl. psycholeptics",fenprobamat/parasetamol,titck
M03BA52,"carisoprodol, combinations excl. psycholeptics",karisoprodol ve parasetamol,titck
M03BA53,"methocarbamol, combinations excl. psycholeptics",metokarbamol ve parasetamol,titck
M03BA71,"phenprobamate, combinations with psycholeptics","fenprobamat, psikoleptiklerle kombinasyonlar",llm
M03BA72,"carisoprodol, combinations with psycholeptics","karisoprodol, psikoleptiklerle kombinasyonlar",llm
M03BA73,"methocarbamol, combinations with psycholeptics","metokarbamol, psikoleptiklerle kombinasyonlar",llm
M03BB02,chlormezanone,klormezanon,llm
M03BB03,chlorzoxazone,klorzoksazon,titck
M03BB52,"chlormezanone, combinations excl. psycholeptics","klormezanon, psikoleptikler hariç kombinasyonlar",llm
M03BB53,"chlorzoxazone, combinations excl. psycholeptics","chlorzoxazone, combinations excl. psycholeptics",titck
M03BB72,"chlormezanone, combinations with psycholeptics","klormezanon, psikoleptiklerle kombinasyonlar",llm
M03BB73,"chlorzoxazone, combinations with psycholeptics","klorzoksazon, psikoleptiklerle kombinasyonlar",llm
M03BC01,orphenadrine (citrate),orfenadrin (sitrat),llm
M03BC51,"orphenadrine, combinations","orfenadrin, kombinasyonlar",llm
M03BX01,baclofen,baklofen,titck
M03BX02,tizanidine,tizanidin,titck
M03BX03,pridinol,pridinol,llm
M03BX04,tolperisone,tolperison hidroklorür,titck
M03BX05,thiocolchicoside,tiyokolşikosid,titck
M03BX06,mephenesin,krezoksidiol,titck
M03BX07,tetrazepam,tetrazepam,llm
M03BX08,cyclobenzaprine,siklobenzaprin hidroklorür,titck
M03BX09,eperisone,eperizon,llm
M03BX30,fenyramidol,feniramidol hidroklorür,titck
M03BX53,"pridinol, combinations","pridinol, kombinasyonlar",llm
M03BX55,"thiocolchicoside, combinations",deksketoprofen trometamol/tiyokolşikosid,titck
M03CA01,dantrolene,dantrolen sodyum hemiheptahidrat,titck
M04AA01,allopurinol,allopurinol,titck
M04AA02,tisopurine,tisopurin,llm
M04AA03,febuxostat,febuksostat,titck
M04AA51,"allopurinol, combinations","allopurinol, kombinasyonlar",llm
M04AB01,probenecid,probenesid,llm
M04AB02,sulfinpyrazone,sulfinpirazon,llm
M04AB03,benzbromarone,benzbromaron,llm
M04AB04,isobromindione,izobromindion,llm
M04AB05,lesinurad,lesinurad,llm
M04AB06,dotinurad,dotinurad,llm
M04AC01,colchicine,colchicine,titck
M04AC02,cinchophen,sinkofen,llm
M04AC51,colchicine and probenecid,kolşisin ve probenesid,llm
M04AX01,urate oxidase,urat oksidaz,llm
M04AX02,pegloticase,peglotikaz,llm
M05BA01,etidronic acid,etidronat di sodyum,titck
M05BA02,clodronic acid,disodyum klodranat,titck
M05BA03,pamidronic acid,pamidronat disodyum,titck
M05BA04,alendronic acid,alendronat sodyum trihidrat,titck
M05BA05,tiludronic acid,tiludronik asit,llm
M05BA06,ibandronic acid,i̇bandronik asit monosodyum tuzu monohidrat,titck
M05BA07,risedronic acid,risedronat sodyum,titck
M05BA08,zoledronic acid,zoledronik asit monohidrat,titck
M05BB01,"etidronic acid and calcium, sequential","etidronik asit ve kalsiyum, sıralı",llm
M05BB02,"risedronic acid and calcium, sequential","risedronik asit ve kalsiyum, sıralı",llm
M05BB03,alendronic acid and colecalciferol,"alendronat sodyum , vit d3",titck
M05BB04,"risedronic acid, calcium and colecalciferol, sequential","risedronat sodyum, vitamin d3 ve kalsiyuim karbonat",titck
M05BB05,"alendronic acid, calcium and colecalciferol, sequential","alendronat sodyum trihidrat, kalsiyum karbonat ve vitamin d3",titck
M05BB06,"alendronic acid and alfacalcidol, sequential","alendronik asit ve alfakalsidol, sıralı",llm
M05BB07,risedronic acid and colecalciferol,risedronat sodyum ve vitamin d3,titck
M05BB08,"zoledronic acid, calcium and colecalciferol, sequential","zoledronik asit, kalsiyum ve kolekalsiferol, sıralı",llm
M05BB09,ibandronic acid and colecalciferol,ibandronat sodyum monohidrat/vitamin d3 (kolekalsiferol),titck
M05BC01,dibotermin alfa,dibotermin alfa,llm
M05BC02,eptotermin alfa,eptotermin alfa,llm
M05BX01,ipriflavone,ipriflavon,llm
M05BX02,aluminium chlorohydrate,alüminyum klorohidrat,llm
M05BX03,strontium ranelate,stronsiyum ranelat,titck
M05BX04,denosumab,denosumab,titck
M05BX05,burosumab,burosumab,llm
M05BX06,romosozumab,romosozumab,titck
M05BX07,vosoritide,vosoritid,titck
M05BX08,menatetrenone,menatetrenon,llm
M05BX53,strontium ranelate and colecalciferol,stronsiyum ranelat ve kolekalsiferol,llm
M09AA01,hydroquinine,hidrokinin,llm
M09AA72,"quinine, combinations with psycholeptics","kinin, psikoleptiklerle kombinasyonlar",llm
M09AB01,chymopapain,kimopapain,llm
M09AB02,collagenase clostridium histolyticum,kollajenaz klostridium histolitikum,llm
M09AB03,bromelains,bromelainler,llm
M09AB52,"trypsin, combinations","tripsin, kombinasyonlar",llm
M09AX01,hyaluronic acid,hiyalüronik asit,llm
M09AX02,"chondrocytes, autologous","kondrositler, otolog",llm
M09AX03,ataluren,ataluren,llm
M09AX04,drisapersen,drisapersen,llm
M09AX05,aceneuramic acid,asenöramik asit,llm
M09AX06,eteplirsen,eteplirsen,llm
M09AX07,nusinersen,nusinersen,titck
M09AX08,golodirsen,golodirsen,llm
M09AX09,onasemnogene abeparvovec,onasemnogen abeparvovek,llm
M09AX10,risdiplam,risdiplam,titck
M09AX11,palovarotene,palovaroten,llm
M09AX12,viltolarsen,viltolarsen,llm
M09AX13,casimersen,kasimersen,llm
M09AX14,givinostat,givinostat,llm
M09AX15,delandistrogene moxeparvovec,delandistrogen moksaparvovek,llm
M09AX16,apitegromab,apitegromab,llm
N01AA01,diethyl ether,dietil eter,llm
N01AA02,vinyl ether,vinil eter,llm
N01AB01,halothane,halotan,llm
N01AB02,chloroform,kloroform,llm
N01AB04,enflurane,enflurane,titck
N01AB05,trichloroethylene,trikloroetilen,llm
N01AB06,isoflurane,isoflurane,titck
N01AB07,desflurane,desfluran,titck
N01AB08,sevoflurane,sevofluran,titck
N01AF01,methohexital,metoheksital,llm
N01AF02,hexobarbital,heksobarbital,llm
N01AF03,thiopental,thiopental,titck
N01AG01,narcobarbital,narkobarbital,llm
N01AH01,fentanyl,fentanil sitrat,titck
N01AH02,alfentanil,alfentanil,llm
N01AH03,sufentanil,sufentanil,llm
N01AH04,phenoperidine,fenoperidin,llm
N01AH05,anileridine,anileridin,llm
N01AH06,remifentanil,remifentanil hidroklorür,titck
N01AH51,"fentanyl, combinations","fentanil, kombinasyonlar",llm
N01AX03,ketamine,ketamin hidroklorür,titck
N01AX04,propanidid,propanidid,llm
N01AX05,alfaxalone,alfaksalon,llm
N01AX07,etomidate,etomidat,llm
N01AX10,propofol,propofol,titck
N01AX11,sodium oxybate,sodyum oksibat,llm
N01AX13,nitrous oxide,azot protoksit,llm
N01AX14,esketamine,esketamin,llm
N01AX15,xenon,ksenon,llm
N01AX63,"nitrous oxide, combinations","azot protoksit, kombinasyonlar",llm
N01BA01,metabutethamine,metabutetamin,llm
N01BA02,procaine,prokain hidroklorür,titck
N01BA03,tetracaine,tetrakain,llm
N01BA04,chloroprocaine,kloroprokain,llm
N01BA05,benzocaine,benzokain,llm
N01BA52,"procaine, combinations","prokain, kombinasyonlar",llm
N01BA53,"tetracaine, combinations","tetrakain, kombinasyonlar",llm
N01BB01,bupivacaine,bupivakain hcl,titck
N01BB02,lidocaine,lidokain,titck
N01BB03,mepivacaine,mepivakain hidroklorür,titck
N01BB04,prilocaine,prilokain hidroklorür,titck
N01BB05,butanilicaine,butanilikain,llm
N01BB06,cinchocaine,sinkokain,llm
N01BB07,etidocaine,etidokain,llm
N01BB08,articaine,artikain,llm
N01BB09,ropivacaine,ropivakain,llm
N01BB10,levobupivacaine,levobupivacaine,titck
N01BB20,combinations,"lidokain, prilokain",titck
N01BB51,"bupivacaine, combinations","bupivakain, kombinasyonlar",llm
N01BB52,"lidocaine, combinations","lidocaine, combinations",titck
N01BB53,"mepivacaine, combinations","mepivakain, kombinasyonlar",llm
N01BB54,"prilocaine, combinations","prilokain, kombinasyonlar",llm
N01BB57,"etidocaine, combinations","etidokain, kombinasyonlar",llm
N01BB58,"articaine, combinations",artikain hidroklorür ve epinefrin hcl,titck
N01BB59,bupivacaine and meloxicam,bupivakain ve meloksikam,llm
N01BC01,cocaine,kokain,llm
N01BX01,ethyl chloride,etil klorür,llm
N01BX02,dyclonine,diklonin,llm
N01BX03,phenol,fenol,llm
N01BX04,capsaicin,kapsaisin,titck
N02AA01,morphine,morfin sülfat,titck
N02AA02,opium,opium,llm
N02AA03,hydromorphone,hidromorfon,llm
N02AA04,nicomorphine,nikomorfin,llm
N02AA05,oxycodone,oksikodon hci,titck
N02AA08,dihydrocodeine,dihidrokodein,llm
N02AA10,papaveretum,papaveretum,llm
N02AA11,oxymorphone,oksimorfon,llm
N02AA51,"morphine, combinations","morfin, kombinasyonlar",llm
N02AA53,hydromorphone and naloxone,hidromorfon ve nalokson,llm
N02AA55,oxycodone and naloxone,oksikodon ve nalokson,llm
N02AA56,oxycodone and naltrexone,oksikodon ve naltrekson,llm
N02AA58,"dihydrocodeine, combinations","dihidrokodein, kombinasyonlar",llm
N02AA59,"codeine, combinations excl. psycholeptics","kodein, psikoleptikler hariç kombinasyonlar",llm
N02AA79,"codeine, combinations with psycholeptics","kodein, psikoleptiklerle kombinasyonlar",llm
N02AB01,ketobemidone,ketobemidon,llm
N02AB02,pethidine,petidin hidroklorür,titck
N02AB03,fentanyl,fentanil sitrat,titck
N02AB52,"pethidine, combinations excl. psycholeptics","petidin, psikoleptikler hariç kombinasyonlar",llm
N02AB72,"pethidine, combinations with psycholeptics","petidin, psikoleptiklerle kombinasyonlar",llm
N02AC01,dextromoramide,dekstromoramid,llm
N02AC03,piritramide,piritramid,llm
N02AC04,dextropropoxyphene,dekstropropoksifen,llm
N02AC05,bezitramide,bezitramid,llm
N02AC52,"methadone, combinations excl. psycholeptics","metadon, psikoleptikler hariç kombinasyonlar",llm
N02AC54,"dextropropoxyphene, combinations excl. psycholeptics","dekstropropoksifen, psikoleptikler hariç kombinasyonlar",llm
N02AC74,"dextropropoxyphene, combinations with psycholeptics","dekstropropoksifen, psikoleptiklerle kombinasyonlar",llm
N02AD01,pentazocine,pentazosin,llm
N02AD02,phenazocine,fenazosin,llm
N02AD51,pentazocine and naloxone,pentazosin ve nalokson,llm
N02AE01,buprenorphine,buprenorfin,llm
N02AF01,butorphanol,butorfanol,llm
N02AF02,nalbuphine,nalbufin,llm
N02AG01,morphine and antispasmodics,morfin ve antispazmodikler,llm
N02AG02,ketobemidone and antispasmodics,ketobemidon ve antispazmodikler,llm
N02AG03,pethidine and antispasmodics,petidin ve antispazmodikler,llm
N02AG04,hydromorphone and antispasmodics,hidromorfon ve antispazmodikler,llm
N02AJ01,dihydrocodeine and paracetamol,dihidrokodein ve parasetamol,llm
N02AJ02,dihydrocodeine and acetylsalicylic acid,dihidrokodein ve asetilsalisilik asit,llm
N02AJ03,dihydrocodeine and other non-opioid analgesics,dihidrokodein ve diğer non-opioid analjezikler,llm
N02AJ06,codeine and paracetamol,other cold preparations,titck
N02AJ07,codeine and acetylsalicylic acid,kodein ve asetilsalisilik asit,llm
N02AJ08,codeine and ibuprofen,"ibuprofen, kodein fosfat",titck
N02AJ09,codeine and other non-opioid analgesics,naproksen sodyum ve kodein fosfat,titck
N02AJ13,tramadol and paracetamol,parasetamol ve tramadol hcl,titck
N02AJ14,tramadol and dexketoprofen,tramadol ve deksketoprofen,llm
N02AJ15,tramadol and other non-opioid analgesics,tramadol ve diğer non-opioid analjezikler,llm
N02AJ16,tramadol and celecoxib,tramadol ve selekoksib,llm
N02AJ17,oxycodone and paracetamol,oksikodon ve parasetamol,llm
N02AJ18,oxycodone and acetylsalicylic acid,oksikodon ve asetilsalisilik asit,llm
N02AJ19,oxycodone and ibuprofen,oksikodon ve ibuprofen,llm
N02AJ22,hydrocodone and paracetamol,hidrokodon ve parasetamol,llm
N02AJ23,hydrocodone and ibuprofen,hidrokodon ve ibuprofen,llm
N02AX01,tilidine,tilidin,llm
N02AX02,tramadol,tramadol,titck
N02AX03,dezocine,dezosin,llm
N02AX05,meptazinol,meptazinol,llm
N02AX06,tapentadol,tapentadol,llm
N02AX07,oliceridine,oliseridin,llm
N02AX51,tilidine and naloxone,tilidin ve nalokson,llm
N02BA01,acetylsalicylic acid,asetilsalisilik asit,titck
N02BA02,aloxiprin,aloksiprin,llm
N02BA03,choline salicylate,kolin salisilat,llm
N02BA04,sodium salicylate,sodyum salisilat,llm
N02BA05,salicylamide,salisilamid,llm
N02BA06,salsalate,salsalat,llm
N02BA07,ethenzamide,etenzamid,llm
N02BA08,morpholine salicylate,morfolin salisilat,llm
N02BA09,dipyrocetyl,dipirosetil,llm
N02BA10,benorilate,benorilat,llm
N02BA11,diflunisal,diflunisal,titck
N02BA12,potassium salicylate,potasyum salisilat,llm
N02BA14,guacetisal,guasetisal,llm
N02BA15,carbasalate calcium,karbasalat kalsiyum,llm
N02BA16,imidazole salicylate,imidazol salisilat,llm
N02BA51,"acetylsalicylic acid, combinations excl. psycholeptics",asetilsalisalik asit ve askorbik asit,titck
N02BA55,"salicylamide, combinations excl. psycholeptics","salisilamid, psikoleptikler hariç kombinasyonlar",llm
N02BA57,"ethenzamide, combinations excl. psycholeptics","etenzamid, psikoleptikler hariç kombinasyonlar",llm
N02BA59,"dipyrocetyl, combinations excl. psycholeptics","dipirosetil, psikoleptikler hariç kombinasyonlar",llm
N02BA65,carbasalate calcium combinations excl. psycholeptics,karbasalat kalsiyum psikoleptikler hariç kombinasyonlar,llm
N02BA67,"magnesium salicylate, combinations excl. psycholeptics","magnezyum salisilat, psikoleptikler hariç kombinasyonlar",llm
N02BA71,"acetylsalicylic acid, combinations with psycholeptics","asetilsalisilik asit, psikoleptiklerle kombinasyonlar",llm
N02BA75,"salicylamide, combinations with psycholeptics","salisilamid, psikoleptiklerle kombinasyonlar",llm
N02BA77,"ethenzamide, combinations with psycholeptics","etenzamid, psikoleptiklerle kombinasyonlar",llm
N02BA79,"dipyrocetyl, combinations with psycholeptics","dipirosetil, psikoleptiklerle kombinasyonlar",llm
N02BB01,phenazone,fenazon,llm
N02BB02,metamizole sodium,metamizol sodyum,titck
N02BB03,aminophenazone,aminofenazon,llm
N02BB04,propyphenazone,propifenazon,llm
N02BB05,nifenazone,nicopyron,titck
N02BB51,"phenazone, combinations excl. psycholeptics","fenazon, psikoleptikler hariç kombinasyonlar",llm
N02BB52,"metamizole sodium, combinations excl. psycholeptics","vitamin b1, b6, b12, metamizol",titck
N02BB53,"aminophenazone, combinations excl. psycholeptics","aminofenazon, psikoleptikler hariç kombinasyonlar",llm
N02BB54,"propyphenazone, combinations excl. psycholeptics","propifenazon, kafein",titck
N02BB71,"phenazone, combinations with psycholeptics","fenazon, psikoleptiklerle kombinasyonlar",llm
N02BB72,"metamizole sodium, combinations with psycholeptics","metamizol sodyum, psikoleptiklerle kombinasyonlar",llm
N02BB73,"aminophenazone, combinations with psycholeptics","aminofenazon, psikoleptiklerle kombinasyonlar",llm
N02BB74,"propyphenazone, combinations with psycholeptics","propifenazon, psikoleptiklerle kombinasyonlar",llm
N02BE01,paracetamol,parasetamol,titck
N02BE03,phenacetin,fenasetin,llm
N02BE04,bucetin,busetin,llm
N02BE05,propacetamol,propasetamol,llm
N02BE51,"paracetamol, combinations excl. psycholeptics","parasetamol, combinations excl. psycholeptics",titck
N02BE53,"phenacetin, combinations excl. psycholeptics","fenasetin, psikoleptikler hariç kombinasyonlar",llm
N02BE54,"bucetin, combinations excl. psycholeptics","busetin, psikoleptikler hariç kombinasyonlar",llm
N02BE71,"paracetamol, combinations with psycholeptics",mefenoksalon ve parasetamol,titck
N02BE73,"phenacetin, combinations with psycholeptics","fenasetin, psikoleptiklerle kombinasyonlar",llm
N02BE74,"bucetin, combinations with psycholeptics","busetin, psikoleptiklerle kombinasyonlar",llm
N02BF01,gabapentin,gabapentin,titck
N02BF02,pregabalin,pregabalin,titck
N02BF03,mirogabalin,mirogabalin,llm
N02BG02,rimazolium,rimazolium,llm
N02BG03,glafenine,glafenin,llm
N02BG04,floctafenine,floktafenin,llm
N02BG05,viminol,viminol,llm
N02BG06,nefopam,nefopam,llm
N02BG07,flupirtine,flupirtin,llm
N02BG08,ziconotide,zikonotid,llm
N02BG09,methoxyflurane,metoksifluran,llm
N02BG10,cannabinoids,kannabinoidler,llm
N02BG12,tanezumab,tanezumab,llm
N02CA01,dihydroergotamine,dihidroergotamin,llm
N02CA02,ergotamine,ergotamin,llm
N02CA04,methysergide,metisergid,llm
N02CA07,lisuride,lisurid,llm
N02CA51,"dihydroergotamine, combinations","dihidroergotamin, kombinasyonlar",llm
N02CA52,"ergotamine, combinations excl. psycholeptics","ergotamin tartarat, kafein, parasetamol",titck
N02CA72,"ergotamine, combinations with psycholeptics","ergotamin, psikoleptiklerle kombinasyonlar",llm
N02CB01,flumedroxone,flumedrokson,llm
N02CC01,sumatriptan,sumatriptan,titck
N02CC02,naratriptan,naratriptan,llm
N02CC03,zolmitriptan,zolmitriptan,titck
N02CC04,rizatriptan,rizatriptan benzoat,titck
N02CC05,almotriptan,almotriptan,llm
N02CC06,eletriptan,eletriptan,titck
N02CC07,frovatriptan,frovatriptan,titck
N02CC08,lasmiditan,lasmiditan hemisüksinat,titck
N02CC51,sumatriptan and naproxen,sumatriptan ve naproksen,llm
N02CD01,erenumab,erenumab,titck
N02CD02,galcanezumab,galcanezumab,titck
N02CD03,fremanezumab,fremanezumab,titck
N02CD04,ubrogepant,ubrogepant,llm
N02CD05,eptinezumab,eptinezumab,llm
N02CD06,rimegepant,rimegepant sülfat,titck
N02CD07,atogepant,atogepant monohidrat,titck
N02CD08,zavegepant,zavegepant,llm
N02CX01,pizotifen,pizotifen,titck
N02CX02,clonidine,klonidin,llm
N02CX03,iprazochrome,iprazokrom,llm
N02CX05,dimetotiazine,dimetotiazin,llm
N02CX06,oxetorone,oksetoron,llm
N03AA01,methylphenobarbital,metilfenobarbital,llm
N03AA02,phenobarbital,fenobarbital,titck
N03AA03,primidone,pirimidon,titck
N03AA04,barbexaclone,barbeksaklon,llm
N03AA30,metharbital,metarbital,llm
N03AB01,ethotoin,etotoin,llm
N03AB02,phenytoin,fenitoin sodyum,titck
N03AB03,amino(diphenylhydantoin) valeric acid,amino(difenilhidantoin) valerik asit,llm
N03AB04,mephenytoin,mefenitoin,llm
N03AB05,fosphenytoin,fosfenitoin,llm
N03AB52,"phenytoin, combinations","fenitoin, kombinasyonlar",llm
N03AB54,"mephenytoin, combinations","mefenitoin, kombinasyonlar",llm
N03AC01,paramethadione,parametadion,llm
N03AC02,trimethadione,trimetadion,llm
N03AC03,ethadione,etadion,llm
N03AD01,ethosuximide,etosüksimid,titck
N03AD02,phensuximide,fensuksimid,llm
N03AD03,mesuximide,mesuksimid,llm
N03AD51,"ethosuximide, combinations","etosuksimid, kombinasyonlar",llm
N03AE01,clonazepam,klonazepam,titck
N03AF01,carbamazepine,karbamazepin,titck
N03AF02,oxcarbazepine,okskarbazepin,titck
N03AF03,rufinamide,rufinamid,llm
N03AF04,eslicarbazepine,eslikarbazepin,llm
N03AG01,valproic acid,sodyum valproat,titck
N03AG02,valpromide,valpromid,llm
N03AG03,aminobutyric acid,aminobutirik asit,llm
N03AG04,vigabatrin,vigabatrin,titck
N03AG05,progabide,progabid,llm
N03AG06,tiagabine,tiagabin,llm
N03AX03,sultiame,sultiam,llm
N03AX07,phenacemide,fenasemid,llm
N03AX09,lamotrigine,lamotrijin,titck
N03AX10,felbamate,felbamat,llm
N03AX11,topiramate,topiramat,titck
N03AX13,pheneturide,feneturid,llm
N03AX14,levetiracetam,levetirasetam,titck
N03AX15,zonisamide,zonisamid,titck
N03AX17,stiripentol,stiripentol,llm
N03AX18,lacosamide,lakozamid,titck
N03AX19,carisbamate,karisbamat,llm
N03AX21,retigabine,retigabin,llm
N03AX22,perampanel,perampanel,llm
N03AX23,brivaracetam,brivarasetam,titck
N03AX24,cannabidiol,kannabidiol,llm
N03AX25,cenobamate,senobamat,llm
N03AX26,fenfluramine,fenfluramin hidroklorür,titck
N03AX27,ganaxolone,ganaksolon,llm
N03AX30,beclamide,beklamid,llm
N04AA01,trihexyphenidyl,triheksifenidil,llm
N04AA02,biperiden,biperiden hcl,titck
N04AA03,metixene,metiksen,llm
N04AA04,procyclidine,prosiklidin,llm
N04AA05,profenamine,profenamin,llm
N04AA08,dexetimide,deksetimid,llm
N04AA09,phenglutarimide,fenglutarimid,llm
N04AA10,mazaticol,mazatikol,llm
N04AA11,bornaprine,bornaprine,titck
N04AA12,tropatepine,tropatepin,llm
N04AB01,etanautine,etanautin,llm
N04AB02,orphenadrine (chloride),orfenadrin (klorür),llm
N04AC01,benzatropine,benztropin mesilat,titck
N04AC30,etybenzatropine,etibenzatropin,llm
N04BA01,levodopa,levodopa,llm
N04BA02,levodopa and decarboxylase inhibitor,levodopa ve benserazid hcl,titck
N04BA03,"levodopa, decarboxylase inhibitor and COMT inhibitor","levodopa, karbidopa monohidrat, entakapon",titck
N04BA04,melevodopa,melevodopa,llm
N04BA05,melevodopa and decarboxylase inhibitor,melevodopa ve dekarboksilaz inhibitörü,llm
N04BA06,etilevodopa and decarboxylase inhibitor,etilevodopa ve dekarboksilaz inhibitörü,llm
N04BA07,foslevodopa and decarboxylase inhibitor,"foslevodopa, foskarbidopa",titck
N04BB01,amantadine,amantadin sülfat,titck
N04BC01,bromocriptine,bromokriptin,llm
N04BC02,pergolide,pergolid,llm
N04BC03,dihydroergocryptine mesylate,dihidroergokriptin mesilat,llm
N04BC04,ropinirole,ropinirol,titck
N04BC05,pramipexole,pramipeksol dihidroklorür monohidrat,titck
N04BC06,cabergoline,kabergolin,titck
N04BC07,apomorphine,apomorfin hidroklorür hemihidrat,titck
N04BC08,piribedil,piribedil,titck
N04BC09,rotigotine,rotigotin,llm
N04BD01,selegiline,selegilin hidroklorür,titck
N04BD02,rasagiline,rasajilin mesilat,titck
N04BD03,safinamide,safinamid metansülfonat,titck
N04BX01,tolcapone,tolcapone,titck
N04BX02,entacapone,entakapon,llm
N04BX03,budipine,budipin,llm
N04BX04,opicapone,opikapon,llm
N04CX01,istradefylline,istradefilin,llm
N05AA01,chlorpromazine,klorpromazin,titck
N05AA02,levomepromazine,levomepromazin,llm
N05AA03,promazine,promazin,llm
N05AA04,acepromazine,asepromazin,llm
N05AA05,triflupromazine,triflupromazin,llm
N05AA06,cyamemazine,siamemazin,llm
N05AA07,chlorproethazine,klorproetazin,llm
N05AB01,dixyrazine,diksirazin,llm
N05AB02,fluphenazine,flufenazin dekanoat,titck
N05AB03,perphenazine,perfenazin,llm
N05AB04,prochlorperazine,proklorperazin,llm
N05AB05,thiopropazate,tiopropazat,llm
N05AB06,trifluoperazine,trifluoperazin hidroklorid,titck
N05AB07,acetophenazine,asetofenazin,llm
N05AB08,thioproperazine,tioproperazin,llm
N05AB09,butaperazine,butaperazin,llm
N05AB10,perazine,perazin,llm
N05AC01,periciazine,perisiazin,llm
N05AC02,thioridazine,tioridazin,llm
N05AC03,mesoridazine,mesoridazin,llm
N05AC04,pipotiazine,pipotiazin,llm
N05AD01,haloperidol,haloperidol,titck
N05AD02,trifluperidol,trifluperidol,llm
N05AD03,melperone,melperon,llm
N05AD04,moperone,moperon,llm
N05AD05,pipamperone,pipamperon,llm
N05AD06,bromperidol,bromperidol,llm
N05AD07,benperidol,benperidol,llm
N05AD08,droperidol,droperidol,llm
N05AD09,fluanisone,fluanison,llm
N05AD10,lumateperone,lumateperon,llm
N05AE01,oxypertine,oksipertin,llm
N05AE02,molindone,molindon,llm
N05AE03,sertindole,sertindole,titck
N05AE04,ziprasidone,ziprasidon,titck
N05AE05,lurasidone,lurasidon hidroklorür,titck
N05AF01,flupentixol,flupentixol,titck
N05AF02,clopenthixol,klopentiksol,llm
N05AF03,chlorprothixene,klorprotiksen,llm
N05AF04,tiotixene,tiotiksen,llm
N05AF05,zuclopenthixol,zuclopenthixol,titck
N05AG01,fluspirilene,fluspirilen,llm
N05AG02,pimozide,pimozid,titck
N05AG03,penfluridol,penfluridol,llm
N05AH01,loxapine,loksapin baz,titck
N05AH02,clozapine,clozapine,titck
N05AH03,olanzapine,olanzapin,titck
N05AH04,quetiapine,ketiapin fumarat,titck
N05AH05,asenapine,asenapin,llm
N05AH06,clotiapine,klotiapin,llm
N05AH53,olanzapine and samidorphan,olanzapin ve samidorfan,llm
N05AL01,sulpiride,sulpiride,titck
N05AL02,sultopride,sultoprid,llm
N05AL03,tiapride,tiaprid,llm
N05AL04,remoxipride,remoksiprid,llm
N05AL05,amisulpride,amisulprid,titck
N05AL06,veralipride,veraliprid,llm
N05AL07,levosulpiride,levosulpirid,llm
N05AN01,lithium,lityum karbonat,titck
N05AX07,prothipendyl,protipendil,llm
N05AX08,risperidone,risperidon,titck
N05AX10,mosapramine,mosapramin,llm
N05AX11,zotepine,zotepin,llm
N05AX12,aripiprazole,aripiprazol,titck
N05AX13,paliperidone,paliperidon palmitat,titck
N05AX14,iloperidone,iloperidon,llm
N05AX15,cariprazine,kariprazin,titck
N05AX16,brexpiprazole,brekspiprazol,titck
N05AX17,pimavanserin,pimavanserin tartarat,titck
N05AX50,xanomeline and trospium,ksanomelin ve trospium,llm
N05BA01,diazepam,diazepam,titck
N05BA02,chlordiazepoxide,klordiazepoksit,llm
N05BA03,medazepam,medazepam,titck
N05BA04,oxazepam,oksazepam,llm
N05BA05,potassium clorazepate,klorazepat dipotasyum,titck
N05BA06,lorazepam,lorazepam,titck
N05BA07,adinazolam,adinazolam,llm
N05BA08,bromazepam,bromazepam,llm
N05BA09,clobazam,klobazam,titck
N05BA10,ketazolam,ketazolam,llm
N05BA11,prazepam,prazepam,llm
N05BA12,alprazolam,alprazolam,titck
N05BA13,halazepam,halazepam,llm
N05BA14,pinazepam,pinazepam,llm
N05BA15,camazepam,kamazepam,llm
N05BA16,nordazepam,nordazepam,llm
N05BA17,fludiazepam,fludiazepam,llm
N05BA18,ethyl loflazepate,etil loflazepat,llm
N05BA19,etizolam,etizolam,llm
N05BA21,clotiazepam,klotiazepam,llm
N05BA22,cloxazolam,kloksazolam,llm
N05BA23,tofisopam,tofisopam,llm
N05BA24,bentazepam,bentazepam,llm
N05BA25,mexazolam,meksazolam,llm
N05BA56,"lorazepam, combinations","lorazepam, kombinasyonlar",llm
N05BB01,hydroxyzine,hydroxyzine,titck
N05BB02,captodiame,kaptodiam,llm
N05BB51,"hydroxyzine, combinations","hidroksizin, kombinasyonlar",llm
N05BC01,meprobamate,meprobamat,llm
N05BC03,emylcamate,emilkamat,llm
N05BC04,mebutamate,mebutamat,llm
N05BC51,"meprobamate, combinations","meprobamat, kombinasyonlar",llm
N05BD01,benzoctamine,benzoktamin,llm
N05BE01,buspirone,buspiron,titck
N05BX01,mephenoxalone,mefenoksalon,llm
N05BX02,gedocarnil,gedokarnil,llm
N05BX03,etifoxine,etifoksin,llm
N05BX04,fabomotizole,fabomotizol,llm
N05BX05,Lavandulae aetheroleum,Lavandulae aetheroleum,llm
N05CA01,pentobarbital,pentobarbital,llm
N05CA02,amobarbital,amobarbital,llm
N05CA03,butobarbital,butobarbital,llm
N05CA04,barbital,barbital,llm
N05CA05,aprobarbital,aprobarbital,llm
N05CA06,secobarbital,sekobarbital,llm
N05CA07,talbutal,talbutal,llm
N05CA08,vinylbital,vinilbital,llm
N05CA09,vinbarbital,vinbarbital,llm
N05CA10,cyclobarbital,siklobarbital,llm
N05CA11,heptabarbital,heptabarbital,llm
N05CA12,reposal,reposal,llm
N05CA15,methohexital,metoheksital,llm
N05CA16,hexobarbital,heksobarbital,llm
N05CA19,thiopental,tiopental,llm
N05CA20,etallobarbital,etalobarbital,llm
N05CA21,allobarbital,allobarbital,llm
N05CA22,proxibarbal,proksibarbal,llm
N05CB01,combinations of barbiturates,barbitürat kombinasyonları,llm
N05CB02,barbiturates in combination with other drugs,diğer ilaçlarla kombinasyon halinde barbitüratlar,llm
N05CC01,chloral hydrate,kloral hidrat,llm
N05CC02,chloralodol,kloralodol,llm
N05CC03,acetylglycinamide chloral hydrate,asetilglisinamid kloral hidrat,llm
N05CC04,dichloralphenazone,dikloralfenazon,llm
N05CC05,paraldehyde,paraldehit,llm
N05CD01,flurazepam,flurazepam,llm
N05CD02,nitrazepam,nitrazepam,titck
N05CD03,flunitrazepam,flunitrazepam,llm
N05CD04,estazolam,estazolam,llm
N05CD05,triazolam,triazolam,llm
N05CD06,lormetazepam,lormetazepam,llm
N05CD07,temazepam,temazepam,llm
N05CD08,midazolam,midazolam,titck
N05CD09,brotizolam,brotizolam,llm
N05CD10,quazepam,kuazepam,llm
N05CD11,loprazolam,loprazolam,llm
N05CD12,doxefazepam,doksefazepam,llm
N05CD13,cinolazepam,sinolazepam,llm
N05CD14,remimazolam,remimazolam,llm
N05CD15,nimetazepam,nimetazepam,llm
N05CD16,dimdazenil,dimdazenil,llm
N05CE01,glutethimide,glutetimid,llm
N05CE02,methyprylon,metiprilon,llm
N05CE03,pyrithyldione,piritildion,llm
N05CF01,zopiclone,zopiklon,titck
N05CF02,zolpidem,zolpidem,titck
N05CF03,zaleplon,zaleplon,llm
N05CF04,eszopiclone,eszopiklon,llm
N05CH01,melatonin,melatonin,titck
N05CH02,ramelteon,ramelteon,titck
N05CH03,tasimelteon,tasimelteon,llm
N05CJ01,suvorexant,suvoreksant,llm
N05CJ02,lemborexant,lemboreksant,llm
N05CJ03,daridorexant,daridoreksant,llm
N05CM01,methaqualone,metakualon,llm
N05CM02,clomethiazole,klometiazol,llm
N05CM03,bromisoval,bromisoval,llm
N05CM04,carbromal,karbromal,llm
N05CM05,scopolamine,skopolamin,llm
N05CM06,propiomazine,propiomazin,llm
N05CM07,triclofos,triklofos,llm
N05CM08,ethchlorvynol,etklorvinol,llm
N05CM09,Valerianae radix,Valerianae radix,llm
N05CM10,hexapropymate,heksapropimat,llm
N05CM11,bromides,bromürler,llm
N05CM12,apronal,apronal,llm
N05CM13,valnoctamide,valnoktamid,llm
N05CM15,methylpentynol,metilpentinol,llm
N05CM16,niaprazine,niaprazin,llm
N05CM18,dexmedetomidine,deksmedetomidin hidroklorür,titck
N05CX01,"meprobamate, combinations","meprobamat, kombinasyonlar",llm
N05CX02,"methaqualone, combinations","metakualon, kombinasyonlar",llm
N05CX03,"methylpentynol, combinations","metilpentinol, kombinasyonlar",llm
N05CX04,"clomethiazole, combinations","klometiazol, kombinasyonlar",llm
N05CX05,"emepronium, combinations","emepronium, kombinasyonlar",llm
N05CX06,"dipiperonylaminoethanol, combinations","dipiperonilaminoetanol, kombinasyonlar",llm
N06AA01,desipramine,desipramine,titck
N06AA02,imipramine,imipramin hcl,titck
N06AA03,imipramine oxide,imipramin oksit,llm
N06AA04,clomipramine,klomipramin hcl,titck
N06AA05,opipramol,opipramol dihidroklorür,titck
N06AA06,trimipramine,trimipramin,llm
N06AA07,lofepramine,lofepramin,llm
N06AA08,dibenzepin,dibenzepin,llm
N06AA09,amitriptyline,amitriptilin,titck
N06AA10,nortriptyline,nortriptilin,llm
N06AA11,protriptyline,protriptilin,llm
N06AA12,doxepin,doksepin,llm
N06AA13,iprindole,iprindol,llm
N06AA14,melitracen,melitrasen,llm
N06AA15,butriptyline,butriptilin,llm
N06AA16,dosulepin,dosulepin,llm
N06AA17,amoxapine,amoksapin,llm
N06AA18,dimetacrine,dimetakrin,llm
N06AA19,amineptine,amineptin,llm
N06AA21,maprotiline,maprotilin hcl,titck
N06AA23,quinupramine,kinupramin,llm
N06AB02,zimeldine,zimeldin,llm
N06AB03,fluoxetine,fluoxetine,titck
N06AB04,citalopram,citalopram,titck
N06AB05,paroxetine,paroksetin hidroklorür,titck
N06AB06,sertraline,sertralin hcl,titck
N06AB07,alaproclate,alaproklat,llm
N06AB08,fluvoxamine,fluvoksamin maleat,titck
N06AB09,etoperidone,etoperidon,llm
N06AB10,escitalopram,essitalopram oksalat,titck
N06AF01,isocarboxazid,izokarboksazid,llm
N06AF02,nialamide,nialamid,llm
N06AF03,phenelzine,fenelzin,llm
N06AF04,tranylcypromine,tranilsipromin,llm
N06AF05,iproniazide,iproniazid,llm
N06AF06,iproclozide,iproklozid,llm
N06AG02,moclobemide,moclobemid,titck
N06AG03,toloxatone,toloksaton,llm
N06AX01,oxitriptan,oksitriptan,llm
N06AX02,tryptophan,triptofan,llm
N06AX03,mianserin,mianserin hidroklorür,titck
N06AX04,nomifensine,nomifensin,llm
N06AX05,trazodone,trazodon hidroklorür,titck
N06AX06,nefazodone,nefazodon,llm
N06AX07,minaprine,minaprin,llm
N06AX08,bifemelane,bifemelan,llm
N06AX09,viloxazine,viloksazin,llm
N06AX10,oxaflozane,oksaflozan,llm
N06AX11,mirtazapine,mirtazapin,titck
N06AX12,bupropion,bupropion hidroklorür,titck
N06AX13,medifoxamine,medifoksamin,llm
N06AX14,tianeptine,tianeptine,titck
N06AX15,pivagabine,pivagabin,llm
N06AX16,venlafaxine,venlafaksin hcl,titck
N06AX17,milnacipran,milnasipran,llm
N06AX18,reboxetine,reboksetinmetan sülfonat,titck
N06AX19,gepirone,gepiron,llm
N06AX21,duloxetine,duloksetin hcl,titck
N06AX22,agomelatine,agomelatine,titck
N06AX23,desvenlafaxine,desvenlafaksin,llm
N06AX24,vilazodone,vilazodon hidroklorür,titck
N06AX25,Hyperici herba,Hyperici herba,llm
N06AX26,vortioxetine,vortioksetin hidrobromür 2-butanol solvat,titck
N06AX27,esketamine,esketamin hidroklorür,titck
N06AX28,levomilnacipran,levomilnasipran,llm
N06AX29,brexanolone,breksanolon,llm
N06AX31,zuranolone,zuranolon,llm
N06AX62,bupropion and dextromethorphan,bupropion ve dekstrometorfan,llm
N06BA01,amfetamine,amfetamin,llm
N06BA02,dexamfetamine,deksamfetamin,llm
N06BA03,metamfetamine,metamfetamin,llm
N06BA04,methylphenidate,metilfenidat hcl,titck
N06BA05,pemoline,pemolin,llm
N06BA06,fencamfamin,fenkamfamin,llm
N06BA07,modafinil,modafinil,titck
N06BA08,fenozolone,fenozolon,llm
N06BA09,atomoxetine,atomoksetin hidroklorür,titck
N06BA10,fenetylline,fenetilin,llm
N06BA11,dexmethylphenidate,deksmetilfenidat,llm
N06BA12,lisdexamfetamine,lisdeksamfetamin,llm
N06BA13,armodafinil,armodafinil,titck
N06BA14,solriamfetol,solriamfetol,llm
N06BA15,dexmethylphenidate and serdexmethylphenidate,deksmetilfenidat ve serdeksmetilfenidat,llm
N06BC01,caffeine,kafein sitrat,titck
N06BC02,propentofylline,propentofilin,llm
N06BX01,meclofenoxate,meklofenoksat,llm
N06BX02,pyritinol,piritinol,llm
N06BX03,piracetam,pirasetam,titck
N06BX04,deanol,deanol,llm
N06BX05,fipexide,fipeksid,llm
N06BX06,citicoline,sitikolin sodyum,titck
N06BX07,oxiracetam,oksirasetam,llm
N06BX08,pirisudanol,pirisudanol,llm
N06BX09,linopirdine,linopirdin,llm
N06BX10,nizofenone,nizofenon,llm
N06BX11,aniracetam,anirasetam,llm
N06BX12,acetylcarnitine,asetilkarnitin,llm
N06BX13,idebenone,idebenon,titck
N06BX14,prolintane,prolintan,llm
N06BX15,pipradrol,pipradrol,llm
N06BX16,pramiracetam,pramirasetam,llm
N06BX17,adrafinil,adrafinil,llm
N06BX18,vinpocetine,vinposetin,llm
N06BX21,temgicoluril,temgikoluril,llm
N06BX22,phenibut,fenibut,llm
N06BX53,piracetam and cinnarizine,pirasetam ve sinnarizin,llm
N06CA01,amitriptyline and psycholeptics,amitriptilin ve psikoleptikler,llm
N06CA02,melitracen and psycholeptics,melitrasen ve psikoleptikler,llm
N06CA03,fluoxetine and psycholeptics,olanzapin ve fluoksetin,titck
N06DA01,tacrine,takrin,llm
N06DA02,donepezil,donepezil hidroklorür,titck
N06DA03,rivastigmine,rivastigmin hidrojen tartarat,titck
N06DA04,galantamine,galantamin,titck
N06DA05,ipidacrine,ipidakrin,llm
N06DA06,benzgalantamine,benzgalantamin,llm
N06DA52,donepezil and memantine,"donepezil hidroklorür, memantin hidroklorür",titck
N06DA53,"donepezil, memantine and Ginkgo folium","donepezil hcl, memantin hcl ve ginkgo biloba kuru ekstresi",titck
N06DX01,memantine,memantin hcl,titck
N06DX02,Ginkgo folium,ginkgo biloba yapraklari kuru ekstresi,titck
N06DX03,aducanumab,adukanumab,llm
N06DX04,lecanemab,lekanemab,llm
N06DX05,donanemab,donanemab,llm
N06DX06,blarcamesine,blarkamesin,llm
N06DX07,hydromethylthionine,hidrometiltiyonin,llm
N06DX30,combinations,memantin hcl ve ginko biloba kuru ekstresi,titck
N07AA01,neostigmine,neostigmin metilsülfat,titck
N07AA02,pyridostigmine,piridostigmin bromür,titck
N07AA03,distigmine,distigmin,llm
N07AA30,ambenonium,ambenonium,llm
N07AA51,"neostigmine, combinations","neostigmin, kombinasyonlar",llm
N07AB01,carbachol,karbakol,llm
N07AB02,bethanechol,betanekol,llm
N07AX01,pilocarpine,pilocarpine,titck
N07AX02,choline alfoscerate,kolin alfaskerat hidrat,titck
N07AX03,cevimeline,sevimelin,llm
N07BA01,nicotine,nicotine,titck
N07BA03,varenicline,varenicline,titck
N07BA04,cytisinicline,sitizin,titck
N07BB01,disulfiram,disulfiram,titck
N07BB02,calcium carbimide,kalsiyum karbimid,llm
N07BB03,acamprosate,akamprosat,titck
N07BB04,naltrexone,naltrekson hidroklorür,titck
N07BB05,nalmefene,nalmefen hidroklorür dihidrat,titck
N07BB06,ondelopran,ondelopran,llm
N07BC01,buprenorphine,buprenorfin,titck
N07BC02,methadone,metadon,llm
N07BC03,levacetylmethadol,levasetilmetadol,llm
N07BC04,lofexidine,lofeksidin,llm
N07BC05,levomethadone,levometadon,llm
N07BC06,diamorphine,diamorfin,llm
N07BC51,"buprenorphine, combinations","buprenorphine, nalokson",titck
N07CA01,betahistine,betahistin dihidroklorür,titck
N07CA02,cinnarizine,cinnarizine,titck
N07CA03,flunarizine,flunarizin hidroklorür,titck
N07CA04,acetylleucine,asetillösin,llm
N07CA52,"cinnarizine, combinations","sinnarizin, kombinasyonlar",llm
N07XX01,tirilazad,tirilazad,llm
N07XX02,riluzole,riluzol,titck
N07XX03,xaliproden,ksaliproden,llm
N07XX04,sodium oxybate,sodyum oksibat,titck
N07XX05,amifampridine,amifampridin,llm
N07XX06,tetrabenazine,tetrabenazin,llm
N07XX07,fampridine,fampiridin,titck
N07XX08,tafamidis,tafamidis,titck
N07XX10,laquinimod,lakinimod,llm
N07XX11,pitolisant,pitolisant,llm
N07XX12,patisiran,patisiran,llm
N07XX13,valbenazine,valbenazin,llm
N07XX14,edaravone,edaravon,llm
N07XX15,inotersen,inotersen,llm
N07XX16,deutetrabenazine,deutetrabenazin,llm
N07XX17,arimoclomol,arimoklomol,llm
N07XX18,vutrisiran,vutrisiran,llm
N07XX19,sodium phenylbutyrate and ursodoxicoltaurine,sodyum fenilbutirat ve ursodoksikoltaurin,llm
N07XX21,eplontersen,eplontersen,llm
N07XX22,tofersen,tofersen,llm
N07XX23,troriluzole,troriluzol,llm
N07XX24,trofinetide,trofinetid,llm
N07XX25,omaveloxolone,omaveloksolon,llm
N07XX26,pridopidine,pridopidin,llm
N07XX27,levacetylleucine,levasetillösin,llm
N07XX59,"dextromethorphan, combinations","dekstrometorfan, kombinasyonlar",llm
P01AA01,broxyquinoline,broksikinolin,llm
P01AA02,clioquinol,kliokinol,llm
P01AA04,chlorquinaldol,klorkinaldol,llm
P01AA05,tilbroquinol,tilbrokinol,llm
P01AA30,tilbroquinol and tiliquinol,tilbrokinol ve tilikinol,llm
P01AA52,"clioquinol, combinations","kliokinol, kombinasyonlar",llm
P01AB01,metronidazole,metronidazole,titck
P01AB02,tinidazole,tinidazol,titck
P01AB03,ornidazole,ornidazol,titck
P01AB04,azanidazole,azanidazol,llm
P01AB05,propenidazole,propenidazol,llm
P01AB06,nimorazole,nimorazol,llm
P01AB07,secnidazole,seknidazol,titck
P01AB08,satranidazole,satranidazol,llm
P01AB51,metronidazole and furazolidone,metronidazol ve furazolidon,llm
P01AB52,metronidazole and diloxanide,metronidazol ve diloksanid,llm
P01AB53,tinidazole and diloxanide,tinidazol ve diloksanid,llm
P01AC01,diloxanide,diloksanid,llm
P01AC02,clefamide,klefamid,llm
P01AC03,etofamide,etofamid,llm
P01AC04,teclozan,teklozan,llm
P01AR01,arsthinol,arstinol,llm
P01AR02,difetarsone,difetarson,llm
P01AR03,glycobiarsol,glikobiarsol,llm
P01AR53,"glycobiarsol, combinations","glikobiarsol, kombinasyonlar",llm
P01AX01,chiniofon,kiniofon,llm
P01AX02,emetine,emetin,llm
P01AX04,phanquinone,fankinon,llm
P01AX05,mepacrine,mepakrin,llm
P01AX06,atovaquone,atovakon,llm
P01AX07,trimetrexate,trimetreksat,llm
P01AX08,tenonitrozole,tenonitrozol,llm
P01AX09,dehydroemetine,dehidroemetin,llm
P01AX10,fumagillin,fumagilin,llm
P01AX11,nitazoxanide,nitazoksanid,llm
P01AX52,"emetine, combinations","emetin, kombinasyonlar",llm
P01BA01,chloroquine,klorokin fosfat,titck
P01BA02,hydroxychloroquine,hidroksiklorokin sülfat,titck
P01BA03,primaquine,primakin,llm
P01BA06,amodiaquine,amodiakin,llm
P01BA07,tafenoquine,tafenokin,llm
P01BB01,proguanil,proguanil,llm
P01BB02,cycloguanil embonate,sikloguanil embonat,llm
P01BB51,proguanil and atovaquone,proguanil ve atovakon,llm
P01BB52,chloroquine and proguanil,klorokin ve proguanil,llm
P01BC01,quinine,kinin,llm
P01BC02,mefloquine,meflokin,llm
P01BD01,pyrimethamine,pirimetamin,llm
P01BD51,"pyrimethamine, combinations","pirimetamin, kombinasyonlar",llm
P01BE01,artemisinin,artemisinin,llm
P01BE02,artemether,artemeter,llm
P01BE03,artesunate,artesunat,llm
P01BE04,artemotil,artemotil,llm
P01BE05,artenimol,artenimol,llm
P01BF01,artemether and lumefantrine,artemeter ve lumefantrin,llm
P01BF02,artesunate and mefloquine,artesunat ve meflokin,llm
P01BF03,artesunate and amodiaquine,artesunat ve amodiakin,llm
P01BF04,"artesunate, sulfalene and pyrimethamine","artesunat, sulfalen ve pirimetamin",llm
P01BF05,artenimol and piperaquine,artenimol ve piperakin,llm
P01BF06,artesunate and pyronaridine,artesunat ve pironaridin,llm
P01BF07,artemisinin and piperaquine,artemisinin ve piperakin,llm
P01BF08,artemisinin and naphthoquine,artemisinin ve naftokin,llm
P01BF09,"artesunate, sulfadoxine and pyrimethamine","artesunat, sulfadoksin ve pirimetamin",llm
P01BX01,halofantrine,halofantrin,llm
P01BX02,arterolane and piperaquine,arterolan ve piperakin,llm
P01CA02,benznidazole,benznidazol,llm
P01CA03,fexinidazole,feksinidazol,llm
P01CB01,meglumine antimonate,meglumin antimonat,llm
P01CB02,sodium stibogluconate,sodyum stiboglukonat,llm
P01CC01,nifurtimox,nifurtimoks,llm
P01CC02,nitrofural,nitrofural,llm
P01CD01,melarsoprol,melarsoprol,llm
P01CD02,acetarsol,asetarsol,llm
P01CX01,pentamidine isethionate,pentamidin izetionat,llm
P01CX02,suramin sodium,suramin sodyum,llm
P01CX03,eflornithine,eflornitin,llm
P01CX04,miltefosine,miltefosin,llm
P02BA01,praziquantel,prazikuantel,llm
P02BA02,oxamniquine,oksamnikin,llm
P02BA03,arpraziquantel,arprazikuantel,llm
P02BB01,metrifonate,metrifonat,llm
P02BX01,bithionol,bitionol,llm
P02BX02,niridazole,niridazol,llm
P02BX03,stibophen,stibofen,llm
P02BX04,triclabendazole,triklabendazol,llm
P02CA01,mebendazole,mebendazole,titck
P02CA02,tiabendazole,tiabendazol,llm
P02CA03,albendazole,albendazole,titck
P02CA04,ciclobendazole,siklobendazol,llm
P02CA05,flubendazole,flubendazol,llm
P02CA06,fenbendazole,fenbendazol,llm
P02CA51,"mebendazole, combinations","mebendazol, kombinasyonlar",llm
P02CA53,albendazole and ivermectin,albendazol ve ivermektin,llm
P02CB01,piperazine,piperazine,titck
P02CB02,diethylcarbamazine,dietilkarbamazin,llm
P02CC01,pyrantel,pirantel pamoat,titck
P02CC02,oxantel,oksantel,llm
P02CE01,levamisole,levamisole,titck
P02CF01,ivermectin,i̇vermektin,titck
P02CX01,pyrvinium,pirvinyum,titck
P02CX02,bephenium,befenyum,llm
P02CX03,moxidectin,moksidektin,llm
P02DA01,niclosamide,niklozamid,titck
P02DX01,desaspidin,desaspidin,llm
P02DX02,dichlorophen,diklorofen,titck
P03AA01,dixanthogen,diksantogen,llm
P03AA02,potassium polysulfide,potasyum polisülfür,llm
P03AA03,mesulfen,mesulfen,llm
P03AA04,disulfiram,disülfiram,llm
P03AA05,thiram,tiram,llm
P03AA54,"disulfiram, combinations","disülfiram, kombinasyonlar",llm
P03AB01,clofenotane,klofenotan,llm
P03AB02,lindane,lindan,llm
P03AB51,"clofenotane, combinations","klofenotan, kombinasyonlar",llm
P03AC01,pyrethrum,piretrum,llm
P03AC02,bioallethrin,bioalletrin,llm
P03AC03,phenothrin,sumitrin,titck
P03AC04,permethrin,permetrin,titck
P03AC51,"pyrethrum, combinations",piretrin / piperonil bütoksid,titck
P03AC52,"bioallethrin, combinations","bioalletrin, kombinasyonlar",llm
P03AC53,"phenothrin, combinations","fenotrin, kombinasyonlar",llm
P03AC54,"permethrin, combinations","permetrin, kombinasyonlar",llm
P03AX01,benzyl benzoate,benzyl benzoate,titck
P03AX02,copper oleinate,bakır oleinat,llm
P03AX03,malathion,malation,llm
P03AX04,quassia,kuasya,llm
P03AX05,dimeticone,dimetikon,llm
P03AX06,benzyl alcohol,benzil alkol,llm
P03AX07,abametapir,abametapir,llm
P03BA01,cyfluthrin,siflutrin,llm
P03BA02,cypermethrin,sipermetrin,llm
P03BA03,decamethrin,dekametrin,llm
P03BA04,tetramethrin,tetrametrin,llm
P03BX01,diethyltoluamide,dietiltoluamid,llm
P03BX02,dimethylphthalate,dimetilftalat,llm
P03BX03,dibutylphthalate,dibutilftalat,llm
P03BX04,dibutylsuccinate,dibutilsüksinat,llm
P03BX05,dimethylcarbate,dimetilkarbat,llm
P03BX06,etohexadiol,etoheksadiol,llm
R01AA02,cyclopentamine,siklopentamin,llm
R01AA03,ephedrine,efedrin,llm
R01AA04,phenylephrine,fenilefrin,llm
R01AA05,oxymetazoline,oksimetazolin hidroklorür,titck
R01AA06,tetryzoline,tetryzoline,titck
R01AA07,xylometazoline,ksilometazolin hcl,titck
R01AA08,naphazoline,naphazoline,titck
R01AA09,tramazoline,tramazolin,llm
R01AA10,metizoline,metizolin,llm
R01AA11,tuaminoheptane,tuaminoheptan,llm
R01AA12,fenoxazoline,fenoksazolin,llm
R01AA13,tymazoline,timazolin,llm
R01AA14,epinephrine,epinefrin,llm
R01AA15,indanazoline,indanazolin,llm
R01AB01,phenylephrine,fenilefrin,llm
R01AB02,naphazoline,nafazolin,llm
R01AB03,tetryzoline,tetrizolin,llm
R01AB05,ephedrine,efedrin,titck
R01AB06,xylometazoline,"ksilometazolin hidroklorür, ipratropium bromür",titck
R01AB07,oxymetazoline,"oksimetazolin hidroklorür, i̇pratropium bromür",titck
R01AB08,tuaminoheptane,tuaminoheptan,llm
R01AC01,cromoglicic acid,kromoglisik asit,llm
R01AC02,levocabastine,levokabastin,llm
R01AC03,azelastine,azelastin hidroklorür,titck
R01AC04,antazoline,antazolin,llm
R01AC05,spaglumic acid,spaglumik asit,llm
R01AC06,thonzylamine,tonzilamin,llm
R01AC07,nedocromil,nedokromil,llm
R01AC08,olopatadine,olapatadin hidroklorür,titck
R01AC51,"cromoglicic acid, combinations","kromoglisik asit, kombinasyonlar",llm
R01AD01,beclometasone,beklometazon dipropiyonat,titck
R01AD02,prednisolone,prednizolon,llm
R01AD03,dexamethasone,deksametazon,llm
R01AD04,flunisolide,flunisolid,llm
R01AD05,budesonide,budesonid,titck
R01AD06,betamethasone,betametazon,llm
R01AD07,tixocortol,tiksokortol,llm
R01AD08,fluticasone,flutikazon propiyonat,titck
R01AD09,mometasone,mometazon furoat monohidrat,titck
R01AD11,triamcinolone,triamsinolon asetonid,titck
R01AD12,fluticasone furoate,flutikazon furoat,titck
R01AD13,ciclesonide,siklesonid,titck
R01AD52,"prednisolone, combinations","prednizolon, kombinasyonlar",llm
R01AD53,"dexamethasone, combinations","deksametazon, kombinasyonlar",llm
R01AD57,"tixocortol, combinations","tiksokortol, kombinasyonlar",llm
R01AD58,"fluticasone, combinations","azelastin hidroklorür, flutikazon propiyonat",titck
R01AD59,"mometasone, combinations","azelastin hidroklorür, flutikazon propiyonat",titck
R01AD60,"hydrocortisone, combinations","hidrokortizon, kombinasyonlar",llm
R01AX01,calcium hexamine thiocyanate,kalsiyum heksamin tiyosiyanat,llm
R01AX02,retinol,retinol,llm
R01AX03,ipratropium bromide,ipratropyum bromür,llm
R01AX05,ritiometan,ritiometan,llm
R01AX06,mupirocin,mupirosin,llm
R01AX07,hexamidine,heksamidin,llm
R01AX08,framycetin,framisetin,llm
R01AX09,hyaluronic acid,hiyaluronik asit,llm
R01AX10,various,sodyum klorür,titck
R01AX30,combinations,kombinasyonlar,llm
R01BA01,phenylpropanolamine,fenilpropanolamin,llm
R01BA02,pseudoephedrine,psödoefedrin hcl,titck
R01BA03,phenylephrine,fenilefrin,llm
R01BA51,"phenylpropanolamine, combinations","fenilpropanolamin, gliseril gayakolat",titck
R01BA52,"pseudoephedrine, combinations",levosetirizin dihidroklorür/psödoefedrin hci,titck
R01BA53,"phenylephrine, combinations","phenylephrine, combinations",titck
R02AA01,ambazone,ambazon,llm
R02AA02,dequalinium,dekualinyum,llm
R02AA03,dichlorobenzyl alcohol,diklorobenzil alkol,llm
R02AA05,chlorhexidine,lıdokain hidroklorür,titck
R02AA06,cetylpyridinium,cetylpyridinium,titck
R02AA09,benzethonium,benzetonyum,llm
R02AA10,myristyl-benzalkonium,miristil-benzalkonyum,llm
R02AA11,chlorquinaldol,klorkinaldol,llm
R02AA12,hexylresorcinol,heksilresorsinol,llm
R02AA13,acriflavinium chloride,akriflavinyum klorür,llm
R02AA14,oxyquinoline,oksikinolin,llm
R02AA15,povidone-iodine,various,titck
R02AA16,benzalkonium,benzalkonyum klorür,titck
R02AA17,cetrimonium,setrimonyum,llm
R02AA18,hexamidine,heksamidin,llm
R02AA19,phenol,fenol,llm
R02AA20,various,çeşitli,llm
R02AA21,octenidine,oktenidin,llm
R02AB01,neomycin,neomisin,llm
R02AB02,tyrothricin,tirotrisin,llm
R02AB03,fusafungine,fusafungin,llm
R02AB04,bacitracin,basitrasin,llm
R02AB30,gramicidin,gramisidin,llm
R02AD01,benzocaine,benzokain,titck
R02AD02,lidocaine,lidokain,llm
R02AD03,cocaine,kokain,llm
R02AD04,dyclonine,diklonin,llm
R02AD05,ambroxol,ambroksol,llm
R02AX01,flurbiprofen,flurbiprofen,titck
R02AX02,ibuprofen,ibuprofen,llm
R02AX03,benzydamine,benzidamin,llm
R03AA01,epinephrine,adrenalin,titck
R03AB02,isoprenaline,izoprenalin,llm
R03AB03,orciprenaline,orsiprenalin,llm
R03AC02,salbutamol,salbutamol sülfat,titck
R03AC03,terbutaline,terbutalin,llm
R03AC04,fenoterol,fenoterol hidrobromür,titck
R03AC05,rimiterol,rimiterol,llm
R03AC06,hexoprenaline,heksoprenalin,llm
R03AC07,isoetarine,izoetarin,llm
R03AC08,pirbuterol,pirbuterol,llm
R03AC09,tretoquinol,tretokinol,llm
R03AC10,carbuterol,karbuterol,llm
R03AC11,tulobuterol,tulobuterol,llm
R03AC12,salmeterol,salmeterol ksinafoat,titck
R03AC13,formoterol,formoterol fumarat dihidrat,titck
R03AC14,clenbuterol,klenbuterol,llm
R03AC15,reproterol,reproterol,llm
R03AC16,procaterol,prokaterol,llm
R03AC17,bitolterol,bitolterol,llm
R03AC18,indacaterol,indakaterol maleat,titck
R03AC19,olodaterol,olodaterol,llm
R03AK01,epinephrine and other drugs for obstructive airway diseases,epinefrin ve diğer obstrüktif hava yolu hastalıkları için ilaçlar,llm
R03AK02,isoprenaline and other drugs for obstructive airway diseases,izoprenalin ve diğer obstrüktif hava yolu hastalıkları için ilaçlar,llm
R03AK04,salbutamol and sodium cromoglicate,salbutamol ve sodyum kromoglikat,llm
R03AK05,reproterol and sodium cromoglicate,reproterol ve sodyum kromoglikat,llm
R03AK06,salmeterol and fluticasone,salmeterol ksinafoat/flutikazon propiyonat,titck
R03AK07,formoterol and budesonide,formoterol fumarat dihidrat ve budesonid,titck
R03AK08,formoterol and beclometasone,beklometazon dipropiyonat anhidr – formoterol fumarat dihidrat,titck
R03AK09,formoterol and mometasone,"mometazon furoat, formoterol fumarat dihidrat",titck
R03AK10,vilanterol and fluticasone furoate,flutikazon furoat/vilanterol trifenatat,titck
R03AK11,formoterol and fluticasone,"flutikazon propiyonat, formoterol fumarat dihidrat",titck
R03AK12,salmeterol and budesonide,salmeterol ve budesonid,llm
R03AK13,salbutamol and beclometasone,salbutamol ve beklometazon,llm
R03AK14,indacaterol and mometasone,indakaterol ve mometazon,llm
R03AK15,salbutamol and budesonide,salbutamol ve budesonid,llm
R03AL01,fenoterol and ipratropium bromide,"ipratropium bromür, fenoterol hidrobromür",titck
R03AL02,salbutamol and ipratropium bromide,ipratropium bromür+salbutamol sülfat,titck
R03AL03,vilanterol and umeclidinium bromide,umeklidinyum bromür/vilanterol trifenatat,titck
R03AL04,indacaterol and glycopyrronium bromide,"i̇ndakaterol maleat, glikopironyum bromür",titck
R03AL05,formoterol and aclidinium bromide,"aklidinyum bromür, formoterol fumarat dihidrat",titck
R03AL06,olodaterol and tiotropium bromide,olodaterol ve tiotropyum bromür,llm
R03AL07,formoterol and glycopyrronium bromide,glikopironyum bromür+formoterol fumarat dihidrat (mikronize),titck
R03AL08,"vilanterol, umeclidinium bromide and fluticasone furoate","flutikazon furoat, umeklidinyum bromür, vilanterol trifenatat",titck
R03AL09,"formoterol, glycopyrronium bromide and beclometasone","beklometazon dipropiyonat, formoterol fumarat dihidrat, glikopironyum bromür",titck
R03AL10,formoterol and tiotropium bromide,"tiotropium bromür anhidrus, formeterol fumarat dihidrat",titck
R03AL11,"formoterol, glycopyrronium bromide and budesonide","formoterol, glikopironyum bromür ve budesonid",llm
R03AL12,"indacaterol, glycopyrronium bromide and mometasone","indakaterol, glikopironyum bromür ve mometazon",llm
R03BA01,beclometasone,beklometazon dipropiyonat,titck
R03BA02,budesonide,budesonid,titck
R03BA03,flunisolide,flunisolid,llm
R03BA04,betamethasone,betametazon,llm
R03BA05,fluticasone,flutikazon propiyonat,titck
R03BA06,triamcinolone,triamsinolon,llm
R03BA07,mometasone,mometazon furoat,titck
R03BA08,ciclesonide,siklesonid,titck
R03BA09,fluticasone furoate,flutikazon furoat,llm
R03BB01,ipratropium bromide,ipratropium bromür,titck
R03BB02,oxitropium bromide,oksitropyum bromür,llm
R03BB03,stramoni preparations,stramonyum preparatları,llm
R03BB04,tiotropium bromide,tiotropium bromür,titck
R03BB05,aclidinium bromide,aklidinyum bromür,titck
R03BB06,glycopyrronium bromide,glikopironyum bromür,titck
R03BB07,umeclidinium bromide,umeklidinyum bromür,llm
R03BB08,revefenacin,revefenasin,llm
R03BB54,"tiotropium bromide, combinations",tiotropium bromür anhidrus ve budesonid,titck
R03BC01,cromoglicic acid,cromoglicic acid,titck
R03BC03,nedocromil,nedokromil,llm
R03BX01,fenspiride,fenspirid,llm
R03BX02,ensifentrine,ensifentrin,llm
R03CA02,ephedrine,efedrin hcl,titck
R03CB01,isoprenaline,izoprenalin,llm
R03CB02,methoxyphenamine,metoksifenamin,llm
R03CB03,orciprenaline,orsiprenalin,llm
R03CB51,"isoprenaline, combinations","izoprenalin, kombinasyonlar",llm
R03CB53,"orciprenaline, combinations","orsiprenalin, kombinasyonlar",llm
R03CC02,salbutamol,salbutamol,titck
R03CC03,terbutaline,terbutalin sülfat,titck
R03CC04,fenoterol,fenoterol,llm
R03CC05,hexoprenaline,heksoprenalin,llm
R03CC06,isoetarine,izoetarin,llm
R03CC07,pirbuterol,pirbuterol,llm
R03CC08,procaterol,prokaterol,llm
R03CC09,tretoquinol,tretokinol,llm
R03CC10,carbuterol,karbuterol,llm
R03CC11,tulobuterol,tulobuterol hcl,titck
R03CC12,bambuterol,bambuterol,llm
R03CC13,clenbuterol,klenbuterol,llm
R03CC14,reproterol,reproterol,llm
R03CC15,formoterol,formoterol,llm
R03CC53,"terbutaline, combinations",gayafenezin + terbütalin sülfat,titck
R03CC63,clenbuterol and ambroxol,klenbuterol ve ambroksol,llm
R03DA01,diprophylline,dihidroksipropil teofilin,titck
R03DA02,choline theophyllinate,kolin teofilinat,llm
R03DA03,proxyphylline,proksifilin,llm
R03DA04,theophylline,theophylline,titck
R03DA05,aminophylline,aminophylline,titck
R03DA06,etamiphylline,etamifilin,llm
R03DA07,theobromine,teobromin,llm
R03DA08,bamifylline,benzetamofillin,titck
R03DA09,acefylline piperazine,asefilin piperazin,llm
R03DA10,bufylline,bufilin,llm
R03DA11,doxofylline,doksofilin,titck
R03DA12,mepyramine theophyllinacetate,mepiramin teofilinasetat,llm
R03DA20,combinations of xanthines,ksantin kombinasyonları,llm
R03DA51,"diprophylline, combinations","diprofilin, kombinasyonlar",llm
R03DA54,"theophylline, combinations excl. psycholeptics",asetilsistein ve teofilin,titck
R03DA55,"aminophylline, combinations","aminofilin, kombinasyonlar",llm
R03DA57,"theobromine, combinations","teobromin, kombinasyonlar",llm
R03DA74,"theophylline, combinations with psycholeptics","teofilin, psikoleptiklerle kombinasyonlar",llm
R03DB01,diprophylline and adrenergics,diprofilin ve adrenerjikler,llm
R03DB02,choline theophyllinate and adrenergics,kolin teofilinat ve adrenerjikler,llm
R03DB03,proxyphylline and adrenergics,proksifilin ve adrenerjikler,llm
R03DB04,theophylline and adrenergics,teofilin ve adrenerjikler,llm
R03DB05,aminophylline and adrenergics,aminofilin ve adrenerjikler,llm
R03DB06,etamiphylline and adrenergics,etamifilin ve adrenerjikler,llm
R03DC01,zafirlukast,zafirlukast,titck
R03DC02,pranlukast,pranlukast hemihidrat,titck
R03DC03,montelukast,montelukast sodyum,titck
R03DC04,ibudilast,ibudilast,llm
R03DC53,"montelukast, combinations","desloratadin, montelukast sodyum",titck
R03DX01,amlexanox,amleksanoks,llm
R03DX02,eprozinol,eprozinol,llm
R03DX03,fenspiride,fenspirid,llm
R03DX05,omalizumab,omalizumab,titck
R03DX06,seratrodast,seratrodast,llm
R03DX07,roflumilast,roflumilast,titck
R03DX08,reslizumab,reslizumab,llm
R03DX09,mepolizumab,mepolizumab,titck
R03DX10,benralizumab,benralizumab,titck
R03DX11,tezepelumab,tezepelumab,titck
R03DX12,depemokimab,depemokimab,llm
R05CA01,tyloxapol,tiloksapol,llm
R05CA02,potassium iodide,potasyum iyodür,llm
R05CA03,guaifenesin,guaifenesin,titck
R05CA04,ipecacuanha,ipekakuanha,llm
R05CA05,altheae radix,altea kökü,llm
R05CA06,senega,senega,llm
R05CA07,antimony pentasulfide,antimon pentasülfür,llm
R05CA08,creosote,kreozot,llm
R05CA09,guaiacolsulfonate,gayakolsülfonat,llm
R05CA10,combinations,"amonyum klorür, gliseril gayakolat",titck
R05CA11,levoverbenone,levoverbenon,llm
R05CA12,Hederae helicis folium,Hederae helicis folium,llm
R05CA13,cineole,sineol,llm
R05CB01,acetylcysteine,asetilsistein,titck
R05CB02,bromhexine,bromheksin hidroklorür,titck
R05CB03,carbocisteine,karbosistein,titck
R05CB04,eprazinone,eprazinon,llm
R05CB05,mesna,mesna,llm
R05CB06,ambroxol,ambroksol hidroklorür,titck
R05CB07,sobrerol,sobrerol,titck
R05CB08,domiodol,domiodol,llm
R05CB09,letosteine,letostein,llm
R05CB10,combinations,asetilsistein / askorbik asit,titck
R05CB11,stepronin,stepronin,llm
R05CB13,dornase alfa (desoxyribonuclease),dornase alfa,titck
R05CB14,neltenexine,neltenexin,llm
R05CB15,erdosteine,erdostein,titck
R05CB16,mannitol,mannitol,llm
R05DA01,ethylmorphine,etilmorfin,llm
R05DA03,hydrocodone,hidrokodon,llm
R05DA04,codeine,kodein,llm
R05DA05,opium alkaloids with morphine,morfinli opium alkaloidleri,llm
R05DA06,normethadone,normetadon,llm
R05DA07,noscapine,noskapin,titck
R05DA08,pholcodine,folkodin,llm
R05DA09,dextromethorphan,dekstrometorfan hidrobromür,titck
R05DA10,thebacon,tebakon,llm
R05DA11,dimemorfan,dimemorfan,llm
R05DA12,acetyldihydrocodeine,asetildihidrokodein,llm
R05DA20,combinations,combinations,titck
R05DB01,benzonatate,benzonatat,llm
R05DB02,benproperine,benproperin,llm
R05DB03,clobutinol,klobutinol,llm
R05DB04,isoaminile,izoaminil,llm
R05DB05,pentoxyverine,pentoksiverin,llm
R05DB07,oxolamine,oxolamine,titck
R05DB09,oxeladin,okseladin,llm
R05DB10,clofedanol,klofedanol,llm
R05DB11,pipazetate,pipazetat,llm
R05DB12,bibenzonium bromide,bibenzonyum bromür,llm
R05DB13,butamirate,butamirat sitrat,titck
R05DB14,fedrilate,fedrilat,llm
R05DB15,zipeprol,zipeprol,llm
R05DB16,dibunate,dibunat,llm
R05DB17,droxypropine,droksipropin,llm
R05DB18,prenoxdiazine,prenoksdiazin,llm
R05DB19,dropropizine,dropropizin,llm
R05DB20,combinations,klorfeniramin maleat/levodropropizin,titck
R05DB21,cloperastine,levokloperastin fendizoat,titck
R05DB22,meprotixol,meprotiksol,llm
R05DB23,piperidione,piperidion,llm
R05DB24,tipepidine,tipepidin,llm
R05DB25,morclofone,morklofon,llm
R05DB26,nepinalone,nepinalon,llm
R05DB27,levodropropizine,levodropropizin,titck
R05DB28,dimethoxanate,dimetoksanat,llm
R05DB29,gefapixant,gefapiksant,llm
R05FA01,opium derivatives and mucolytics,opium türevleri ve mukolitikler,llm
R05FA02,opium derivatives and expectorants,"codeine phosphate, glyceryl guaiacolate, chlorpheniramine",titck
R05FB01,cough suppressants and mucolytics,öksürük baskılayıcılar ve mukolitikler,llm
R05FB02,cough suppressants and expectorants,"difenhidramin hcl, guaifenesin, karbetapentan, potasyum sulfogayakolat",titck
R06AA01,bromazine,bromazin,llm
R06AA02,diphenhydramine,difenhidramin hcl,titck
R06AA04,clemastine,clemastine,titck
R06AA06,chlorphenoxamine,klorfenoksamin hidroklorür,titck
R06AA07,diphenylpyraline,difenilpiralin,llm
R06AA08,carbinoxamine,karbinoksamin,llm
R06AA09,doxylamine,doksilamin süksinat,titck
R06AA10,trimethobenzamide,other antiemetics,titck
R06AA11,dimenhydrinate,other antiemetics,titck
R06AA52,"diphenhydramine, combinations","difenhidramin hidroklorür, amonyum klorür",titck
R06AA54,"clemastine, combinations","klemastin, kombinasyonlar",llm
R06AA56,"chlorphenoxamine, combinations","klorfenoksamin, kombinasyonlar",llm
R06AA57,"diphenylpyraline, combinations","difenilpiralin, kombinasyonlar",llm
R06AA59,"doxylamine, combinations","doksilamin süksinat, piridoksin hidroklorür",titck
R06AA61,"dimenhydrinate, combinations","dimenhidrinat, kombinasyonlar",llm
R06AB01,brompheniramine,bromfeniramin,llm
R06AB02,dexchlorpheniramine,deksklorfeniramin,llm
R06AB03,dimetindene,dimetinden,llm
R06AB04,chlorphenamine,klorfeniramin maleat,titck
R06AB05,pheniramine,feniramin hidrojen maleat,titck
R06AB06,dexbrompheniramine,deksbromfeniramin,llm
R06AB07,talastine,talastin,llm
R06AB51,"brompheniramine, combinations","bromfeniramin, kombinasyonlar",llm
R06AB52,"dexchlorpheniramine, combinations","deksklorfeniramin, kombinasyonlar",llm
R06AB54,"chlorphenamine, combinations","klorfenamin, kombinasyonlar",llm
R06AB56,"dexbrompheniramine, combinations","deksbromfeniramin, kombinasyonlar",llm
R06AC01,mepyramine,mepiramin,llm
R06AC02,histapyrrodine,histapirrodin,llm
R06AC03,chloropyramine,kloropiramin,llm
R06AC04,tripelennamine,tripelenamin,llm
R06AC05,methapyrilene,metapirilen,llm
R06AC06,thonzylamine,tonzilamin,llm
R06AC52,"histapyrrodine, combinations","histapirrodin, kombinasyonlar",llm
R06AC53,"chloropyramine, combinations","kloropiramin, kombinasyonlar",llm
R06AD01,alimemazine,alimemazin,llm
R06AD02,promethazine,prometazin,llm
R06AD03,thiethylperazine,tietilperazin,llm
R06AD04,methdilazine,metdilazin,llm
R06AD05,hydroxyethylpromethazine,hidroksietilprometazin,llm
R06AD06,thiazinam,tiazinam,llm
R06AD07,mequitazine,mekitazin,llm
R06AD08,oxomemazine,oksomemazin,llm
R06AD09,isothipendyl,izotipendil,llm
R06AD52,"promethazine, combinations","prometazin, kombinasyonlar",llm
R06AD55,"hydroxyethylpromethazine, combinations","hidroksietilprometazin, kombinasyonlar",llm
R06AE01,buclizine,buklizin,llm
R06AE03,cyclizine,siklizin,llm
R06AE04,chlorcyclizine,klorsiklizin,llm
R06AE05,meclozine,meklozin,llm
R06AE06,oxatomide,oksatomid,llm
R06AE07,cetirizine,setirizin dihidroklorür,titck
R06AE09,levocetirizine,levosetirizin dihidroklorür,titck
R06AE51,"buclizine, combinations","buklizin, kombinasyonlar",llm
R06AE53,"cyclizine, combinations","siklizin, kombinasyonlar",llm
R06AE55,"meclozine, combinations","meklizin dihidroklorür, piridoksin hidroklorür",titck
R06AX01,bamipine,bamipin,llm
R06AX02,cyproheptadine,cyproheptadine,titck
R06AX03,thenalidine,tenalidin,llm
R06AX04,phenindamine,fenindamin,llm
R06AX05,antazoline,antazolin,llm
R06AX07,triprolidine,triprolidin,llm
R06AX08,pyrrobutamine,pirrobutamin,llm
R06AX09,azatadine,azatadin,llm
R06AX11,astemizole,astemizol,titck
R06AX12,terfenadine,terfenadin,llm
R06AX13,loratadine,loratadin,titck
R06AX15,mebhydrolin,mebhidrolin,llm
R06AX16,deptropine,deptropin,llm
R06AX17,ketotifen,ketotifen,titck
R06AX18,acrivastine,akrivastin,llm
R06AX19,azelastine,azelastin,llm
R06AX21,tritoqualine,tritokalin,llm
R06AX22,ebastine,ebastin,titck
R06AX23,pimethixene,pimetiksen,llm
R06AX24,epinastine,epinastin,llm
R06AX25,mizolastine,mizolastin,titck
R06AX26,fexofenadine,feksofenadin hcl,titck
R06AX27,desloratadine,desloratadin,titck
R06AX28,rupatadine,rupatadin fumarat,titck
R06AX29,bilastine,bilastin,titck
R06AX31,quifenadine,kifenadin,llm
R06AX32,sequifenadine,sekifenadin,llm
R06AX53,"thenalidine, combinations","tenalidin, kombinasyonlar",llm
R06AX58,"pyrrobutamine, combinations","pirrobutamin, kombinasyonlar",llm
R07AA01,colfosceril palmitate,kolfoseril palmitat,llm
R07AA02,natural phospholipids,doğal akciğer surfektani,titck
R07AA30,combinations,kombinasyonlar,llm
R07AB01,doxapram,doksapram hidroklorür,titck
R07AB02,nikethamide,niketamid,llm
R07AB03,pentetrazol,pentetrazol,llm
R07AB04,etamivan,etamivan,llm
R07AB05,bemegride,bemegrid,llm
R07AB06,prethcamide,pretkamid,llm
R07AB07,almitrine,almitrin,llm
R07AB08,dimefline,dimeflin,llm
R07AB09,mepixanox,mepiksanoks,llm
R07AB52,"nikethamide, combinations","niketamid, kombinasyonlar",llm
R07AB53,"pentetrazol, combinations","pentetrazol, kombinasyonlar",llm
R07AX01,nitric oxide,nitrik oksit,llm
R07AX02,ivacaftor,ivakaftor,llm
R07AX30,ivacaftor and lumacaftor,ivakaftor ve lumakaftor,llm
R07AX31,ivacaftor and tezacaftor,ivakaftor ve tezakaftor,llm
R07AX32,"ivacaftor, tezacaftor and elexacaftor","ivakaftor, tezakaftor ve eleksakaftor",llm
R07AX33,"deutivacaftor, tezacaftor and vanzacaftor","döytivakaftor, tezakaftor ve vanzakaftor",llm
S01AA01,chloramphenicol,chloramphenicol,titck
S01AA02,chlortetracycline,klortetrasiklin,llm
S01AA03,neomycin,neomisin,llm
S01AA04,oxytetracycline,oksitetrasiklin,llm
S01AA05,tyrothricin,tirotrisin,llm
S01AA07,framycetin,framisetin,llm
S01AA09,tetracycline,tetrasiklin,llm
S01AA10,natamycin,natamisin,llm
S01AA11,gentamicin,gentamisin,titck
S01AA12,tobramycin,tobramisin,titck
S01AA13,fusidic acid,fusidik asit,titck
S01AA14,benzylpenicillin,benzilpenisilin,llm
S01AA15,dihydrostreptomycin,dihidrostreptomisin,llm
S01AA16,rifamycin,rifamisin,llm
S01AA17,erythromycin,eritromisin,llm
S01AA18,polymyxin B,polimiksin b,llm
S01AA19,ampicillin,ampisilin,llm
S01AA20,antibiotics in combination with other drugs,diğer ilaçlarla kombinasyon halinde antibiyotikler,llm
S01AA21,amikacin,amikasin,llm
S01AA22,micronomicin,mikronomisin,llm
S01AA23,netilmicin,netilmisin sülfat,titck
S01AA24,kanamycin,kanamisin,llm
S01AA25,azidamfenicol,azidamfenikol,llm
S01AA26,azithromycin,azitromisin,titck
S01AA27,cefuroxime,sefuroksim sodyum,titck
S01AA28,vancomycin,vankomisin,llm
S01AA29,dibekacin,dibekasin,llm
S01AA30,combinations of different antibiotics,basitrasin+neomisin sülfat,titck
S01AA31,cefmenoxime,sefmenoksim,llm
S01AA32,bacitracin,basitrasin,llm
S01AB01,sulfamethizole,sulfametizol,llm
S01AB02,sulfafurazole,sulfafurazol,llm
S01AB03,sulfadicramide,sulfadikramid,llm
S01AB04,sulfacetamide,sulfasetamid,llm
S01AB05,sulfafenazol,sulfafenazol,llm
S01AD01,idoxuridine,idoksuridin,llm
S01AD02,trifluridine,trifluridin,llm
S01AD03,aciclovir,asiklovir,llm
S01AD05,interferon,interferon,llm
S01AD06,vidarabine,vidarabin,llm
S01AD07,famciclovir,famsiklovir,llm
S01AD08,fomivirsen,fomivirsen,llm
S01AD09,ganciclovir,gansiklovir,titck
S01AE01,ofloxacin,ofloksasin,titck
S01AE02,norfloxacin,norfloksasin,llm
S01AE03,ciprofloxacin,siprofloksasin,titck
S01AE04,lomefloxacin,lomefloksasin,llm
S01AE05,levofloxacin,levofloksasin hemihidrat,titck
S01AE06,gatifloxacin,gatifloksasin,llm
S01AE07,moxifloxacin,moksifloksasin hidroklorür,titck
S01AE08,besifloxacin,besifloksasin hci,titck
S01AE09,tosufloxacin,tosufloksasin,llm
S01AX01,mercury compounds,cıva bileşikleri,llm
S01AX02,silver compounds,gümüş bileşikleri,llm
S01AX03,zinc compounds,çinko bileşikleri,llm
S01AX04,nitrofural,nitrofurazon,titck
S01AX05,bibrocathol,bibrokatol,llm
S01AX06,resorcinol,resorsinol,llm
S01AX07,sodium borate,sodyum borat,llm
S01AX08,hexamidine,heksamidin,llm
S01AX09,chlorhexidine,klorheksidin,llm
S01AX10,sodium propionate,sodyum propiyonat,llm
S01AX14,dibrompropamidine,dibrompropamidin,llm
S01AX15,propamidine,propamidin,llm
S01AX16,picloxydine,pikloksidin,llm
S01AX18,povidone-iodine,povidon-iyot,llm
S01AX24,polihexanide,polihekzanid,llm
S01AX25,lotilaner,lotilaner,llm
S01AX26,cethexonium,setheksonyum,llm
S01BA01,dexamethasone,deksametazon,titck
S01BA02,hydrocortisone,hydrocortisone,titck
S01BA03,cortisone,kortizon,llm
S01BA04,prednisolone,prednisolon asetat,titck
S01BA05,triamcinolone,triamsinolon,llm
S01BA06,betamethasone,betametazon,titck
S01BA07,fluorometholone,florometalon asetat,titck
S01BA08,medrysone,medrizon,llm
S01BA09,clobetasone,klobetazon,llm
S01BA10,alclometasone,alklometazon,llm
S01BA11,desonide,desonide,titck
S01BA12,formocortal,formokortal,llm
S01BA13,rimexolone,rimexolone,titck
S01BA14,loteprednol,loteprednol etabonat,titck
S01BA15,fluocinolone acetonide,flusinolon asetonid,llm
S01BA16,difluprednate,difluprednat,llm
S01BA17,clobetasol,klobetazol,llm
S01BB01,hydrocortisone and mydriatics,hidrokortizon ve midriyatikler,llm
S01BB02,prednisolone and mydriatics,prednizolon ve midriyatikler,llm
S01BB03,fluorometholone and mydriatics,"florometolon, tetrizolin hidroklorür",titck
S01BB04,betamethasone and mydriatics,betametazon ve midriyatikler,llm
S01BC01,indometacin,indometazin,llm
S01BC02,oxyphenbutazone,oksifenbutazon,llm
S01BC03,diclofenac,diklofenak sodyum,titck
S01BC04,flurbiprofen,sodyum flurbiprofen dihidrat,titck
S01BC05,ketorolac,ketorolak trometamol,titck
S01BC06,piroxicam,piroksikam,llm
S01BC07,bendazac,bendazak,llm
S01BC08,salicylic acid,salisilik asit,llm
S01BC09,pranoprofen,pranoprofen,llm
S01BC10,nepafenac,nepafenak,titck
S01BC11,bromfenac,bromfenak sodyum seskihidrat,titck
S01CA01,dexamethasone and antiinfectives,"tobramisin, deksametazon",titck
S01CA02,prednisolone and antiinfectives,prednizolon ve antienfektifler,llm
S01CA03,hydrocortisone and antiinfectives,hidrokortizon ve antienfektifler,llm
S01CA04,fluocortolone and antiinfectives,flukortolon ve antienfektifler,llm
S01CA05,betamethasone and antiinfectives,betamethasone and antiinfectives,titck
S01CA06,fludrocortisone and antiinfectives,fludrokortizon ve antienfektifler,llm
S01CA07,fluorometholone and antiinfectives,florometolon ve antienfektifler,llm
S01CA08,methylprednisolone and antiinfectives,metilprednizolon ve antienfektifler,llm
S01CA09,chloroprednisone and antiinfectives,kloroprednizon ve antienfektifler,llm
S01CA10,fluocinolone acetonide and antiinfectives,flusinolon asetonid ve antienfektifler,llm
S01CA11,clobetasone and antiinfectives,klobetazon ve antienfektifler,llm
S01CA12,loteprednol and antiinfectives,loteprednol ve antienfektifler,llm
S01CB01,dexamethasone,deksametazon,llm
S01CB02,prednisolone,prednizolon,llm
S01CB03,hydrocortisone,hidrokortizon,llm
S01CB04,betamethasone,betametazon,llm
S01CB05,fluorometholone,florometolon,llm
S01CC01,diclofenac and antiinfectives,diklofenak ve antienfektifler,llm
S01CC02,indometacin and antiinfectives,indometazin ve antienfektifler,llm
S01EA01,epinephrine,epinefrin,llm
S01EA02,dipivefrine,dipivefrin,llm
S01EA03,apraclonidine,apraklonidin,llm
S01EA04,clonidine,klonidin,llm
S01EA05,brimonidine,brimonidin tartarat,titck
S01EA51,"epinephrine, combinations","epinefrin, kombinasyonlar",llm
S01EA55,brimonidine and ripasudil,brimonidin ve ripasudil,llm
S01EB01,pilocarpine,pilokarpin hcl,titck
S01EB02,carbachol,karbakol,titck
S01EB03,ecothiopate,ekotiyopat,llm
S01EB04,demecarium,demekaryum,llm
S01EB05,physostigmine,fizostigmin,llm
S01EB06,neostigmine,neostigmin,llm
S01EB07,fluostigmine,flostigmin,llm
S01EB08,aceclidine,aseklidin,llm
S01EB09,acetylcholine,asetilkolin,llm
S01EB10,paraoxon,paraokson,llm
S01EB51,"pilocarpine, combinations","pilokarpin, kombinasyonlar",llm
S01EB58,"aceclidine, combinations","aseklidin, kombinasyonlar",llm
S01EC01,acetazolamide,asetazolamid,titck
S01EC02,diclofenamide,diklofenamid,llm
S01EC03,dorzolamide,dorzolamid hidroklorür,titck
S01EC04,brinzolamide,brinzolamid,titck
S01EC05,methazolamide,metazolamid,llm
S01EC54,"brinzolamide, combinations",brinzolamid + brimonidin tartarat,titck
S01ED01,timolol,timolol,titck
S01ED02,betaxolol,betaksolol hidroklorür,titck
S01ED03,levobunolol,levobunolol,llm
S01ED04,metipranolol,metipranolol,llm
S01ED05,carteolol,karteolol hcl,titck
S01ED06,befunolol,befunolol,llm
S01ED51,"timolol, combinations",dorzolamid hidroklorür+timolol maleat,titck
S01ED52,"betaxolol, combinations","betaksolol, kombinasyonlar",llm
S01ED54,"metipranolol, combinations","metipranolol, kombinasyonlar",llm
S01ED55,"carteolol, combinations","karteolol, kombinasyonlar",llm
S01EE01,latanoprost,latanoprost,titck
S01EE02,unoprostone,unoproston,llm
S01EE03,bimatoprost,bimatoprost,titck
S01EE04,travoprost,travoprost,titck
S01EE05,tafluprost,tafluprost,llm
S01EE06,latanoprostene bunod,latanoprosten bunod,titck
S01EE51,latanoprost and netarsudil,latanoprost ve netarsudil,llm
S01EE52,latanoprost and dorzolamide,latanoprost ve dorzolamid,llm
S01EX01,guanethidine,guanetidin,llm
S01EX02,dapiprazole,dapiprazol,llm
S01EX05,netarsudil,netarsudil,llm
S01EX06,omidenepag,omidenepag,llm
S01EX07,ripasudil,ripasudil,llm
S01FA01,atropine,atropin sülfat,titck
S01FA02,scopolamine,skopolamin,llm
S01FA03,methylscopolamine,metilskopolamin,llm
S01FA04,cyclopentolate,siklopentolat hcl,titck
S01FA05,homatropine,homatropin,llm
S01FA06,tropicamide,tropikamid,titck
S01FA54,"cyclopentolate, combinations","siklopentolat, kombinasyonlar",llm
S01FA56,"tropicamide, combinations","tropikamid, kombinasyonlar",llm
S01FB01,phenylephrine,fenilefrin hidroklorür,titck
S01FB02,ephedrine,efedrin,llm
S01FB03,ibopamine,ibopamin,llm
S01FB51,phenylephrine and ketorolac,fenilefrin ve ketorolak,llm
S01GA01,naphazoline,nafazolin,llm
S01GA02,tetryzoline,tetryzoline,titck
S01GA03,xylometazoline,ksilometazolin,llm
S01GA04,oxymetazoline,oksimetazolin,llm
S01GA05,phenylephrine,fenilefrin,llm
S01GA06,oxedrine,oksedrin,llm
S01GA07,brimonidine,brimonidin,llm
S01GA51,"naphazoline, combinations","nafazolin, kombinasyonlar",llm
S01GA52,"tetryzoline, combinations","tetrizolin, kombinasyonlar",llm
S01GA53,"xylometazoline, combinations","ksilometazolin, kombinasyonlar",llm
S01GA55,"phenylephrine, combinations","fenilefrin, kombinasyonlar",llm
S01GA56,"oxedrine, combinations","oksedrin, kombinasyonlar",llm
S01GX01,cromoglicic acid,sodyum kromoglikat,titck
S01GX02,levocabastine,levokabastin,llm
S01GX03,spaglumic acid,spaglumik asit,llm
S01GX04,nedocromil,nedokromil,llm
S01GX05,lodoxamide,lodoksamid trometamin,titck
S01GX06,emedastine,emedastin difumarat,titck
S01GX07,azelastine,azelastin hidroklorür,titck
S01GX08,ketotifen,ketotifen hidrojen fumarat,titck
S01GX09,olopatadine,olopatadin hidroklorür,titck
S01GX10,epinastine,epinastin hcl,titck
S01GX11,alcaftadine,alkaftadin,titck
S01GX12,cetirizine,setirizin,llm
S01GX13,bilastine,bilastin,llm
S01GX51,"cromoglicic acid, combinations","kromoglisik asit, kombinasyonlar",llm
S01HA01,cocaine,kokain,llm
S01HA02,oxybuprocaine,oksibuprokain,llm
S01HA03,tetracaine,tetrakain,llm
S01HA04,proxymetacaine,proparakain hidroklorür,titck
S01HA05,procaine,prokain,llm
S01HA06,cinchocaine,sinkokain,llm
S01HA07,lidocaine,lidokain,llm
S01HA08,chloroprocaine,kloroprokain,llm
S01HA30,combinations,kombinasyonlar,llm
S01JA01,fluorescein,fluoresein sodyum,titck
S01JA02,rose bengal sodium,rose bengal sodyum,llm
S01JA51,"fluorescein, combinations","floresein, kombinasyonlar",llm
S01KA01,hyaluronic acid,hiyalüronik asit,llm
S01KA02,hypromellose,hipromelloz,titck
S01KA51,"hyaluronic acid, combinations","hiyalüronik asit, kombinasyonlar",llm
S01KX01,chymotrypsin,kimotripsin,llm
S01KX02,trypan blue,tripan mavisi,llm
S01LA01,verteporfin,verteporfin,titck
S01LA02,anecortave,anekortav,llm
S01LA03,pegaptanib,pegaptanib,llm
S01LA04,ranibizumab,ranibizumab,titck
S01LA05,aflibercept,aflibersept,titck
S01LA06,brolucizumab,brolucizumab,titck
S01LA07,abicipar pegol,abisipar pegol,llm
S01LA08,bevacizumab,bevasizumab,llm
S01LA09,faricimab,faricimab,titck
S01XA01,guaiazulen,guaiazulen,llm
S01XA02,retinol,retinol,titck
S01XA03,"sodium chloride, hypertonic",sodyum klorür,titck
S01XA04,potassium iodide,potasyum iyodür,llm
S01XA05,sodium edetate,sodyum edetat,llm
S01XA06,ethylmorphine,etilmorfin,llm
S01XA07,alum,şap,llm
S01XA08,acetylcysteine,acetylcysteine,titck
S01XA09,iodoheparinate,iyodoheparinat,llm
S01XA10,inosine,inosin,llm
S01XA11,nandrolone,nandrolon,llm
S01XA12,dexpanthenol,dekspantenol,llm
S01XA13,alteplase,alteplaz,llm
S01XA14,heparin,heparin,llm
S01XA15,ascorbic acid,askorbik asit,llm
S01XA18,ciclosporin,siklosporin,titck
S01XA19,"limbal stem cells, autologous","limbal kök hücreler, otolog",llm
S01XA20,artificial tears and other indifferent preparations,sodyum hiyaluronat,titck
S01XA21,mercaptamine,sisteamin hidroklorür,titck
S01XA22,ocriplasmin,okriplazmin,llm
S01XA23,sirolimus,sirolimus,llm
S01XA24,cenegermin,senegermin,llm
S01XA25,lifitegrast,lifitegrast,llm
S01XA26,riboflavin,riboflavin,llm
S01XA27,voretigene neparvovec,voretigen neparvovek,llm
S01XA28,varenicline,vareniklin,llm
S01XA29,sepofarsen,sepofarsen,llm
S01XA31,pegcetacoplan,pegsetakoplan,llm
S01XA32,avacincaptad pegol,avasinkaptad pegol,llm
S01XA33,diquafosol,diquafosol,llm
S02AA01,chloramphenicol,kloramfenikol,llm
S02AA02,nitrofural,nitrofural,titck
S02AA03,boric acid,borik asit,llm
S02AA04,aluminium acetotartrate,alüminyum asetotartrat,llm
S02AA05,clioquinol,kliokinol,llm
S02AA06,hydrogen peroxide,hidrojen peroksit,llm
S02AA07,neomycin,neomisin,llm
S02AA08,tetracycline,tetrasiklin,llm
S02AA09,chlorhexidine,klorheksidin,llm
S02AA10,acetic acid,asetik asit,llm
S02AA11,polymyxin B,polimiksin b,llm
S02AA12,rifamycin,rifamisin sv aktif,titck
S02AA13,miconazole,mikonazol,llm
S02AA14,gentamicin,gentamicin,titck
S02AA15,ciprofloxacin,ciprofloxacin,titck
S02AA16,ofloxacin,ofloxacin,titck
S02AA17,fosfomycin,fosfomisin,llm
S02AA18,cefmenoxime,sefmenoksim,llm
S02AA30,"antiinfectives, combinations","antienfektifler, kombinasyonlar",llm
S02BA01,hydrocortisone,hidrokortizon,llm
S02BA03,prednisolone,prednizolon +pantokain,titck
S02BA06,dexamethasone,deksametazon,titck
S02BA07,betamethasone,betametazon,llm
S02BA08,fluocinolone acetonide,flusinolon asetonid,llm
S02CA01,prednisolone and antiinfectives,prednizolon ve antienfektifler,llm
S02CA02,flumetasone and antiinfectives,flumetazon ve antienfektifler,llm
S02CA03,hydrocortisone and antiinfectives,hidrokortizon ve antienfektifler,llm
S02CA04,triamcinolone and antiinfectives,triamsinolon ve antienfektifler,llm
S02CA05,fluocinolone acetonide and antiinfectives,flusinolon asetonid ve antienfektifler,llm
S02CA06,dexamethasone and antiinfectives,siprofloksasin/deksametazon,titck
S02CA07,fludrocortisone and antiinfectives,fludrokortizon ve antienfektifler,llm
S02DA01,lidocaine,lidokain hidroklorür,titck
S02DA02,cocaine,kokain,llm
S02DA03,phenazone,fenazon,llm
S02DA04,cinchocaine,sinkokain,llm
S02DA30,combinations,"fenazon, lidokain hidroklorür",titck
S03AA01,neomycin,neomisin,llm
S03AA02,tetracycline,tetrasiklin,llm
S03AA03,polymyxin B,polimiksin b,llm
S03AA04,chlorhexidine,klorheksidin,llm
S03AA05,hexamidine,heksamidin,llm
S03AA06,gentamicin,gentamicin,titck
S03AA07,ciprofloxacin,siprofloksasin,llm
S03AA08,chloramphenicol,kloramfenikol,llm
S03AA30,"antiinfectives, combinations","antienfektifler, kombinasyonlar",llm
S03BA01,dexamethasone,deksametazon,titck
S03BA02,prednisolone,prednisolone,titck
S03BA03,betamethasone,betametazon,llm
S03CA01,dexamethasone and antiinfectives,deksametazon ve antienfektifler,llm
S03CA02,prednisolone and antiinfectives,prednizolon ve antienfektifler,llm
S03CA04,hydrocortisone and antiinfectives,hidrokortizon ve antienfektifler,llm
S03CA05,fludrocortisone and antiinfectives,fludrokortizon ve antienfektifler,llm
S03CA06,betamethasone and antiinfectives,betametazon ve antienfektifler,llm
S03CA07,methylprednisolone and antiinfectives,metilprednizolon ve antienfektifler,llm
V01AA01,feather,tüy,llm
V01AA02,grass pollen,grass pollen,titck
V01AA03,house dust mites,ev tozu akarlarında standardize alerjen ekstraktı (dermatophagoides pteronyssinus ve dermatophagoides farinae),titck
V01AA04,mould fungus and yeast fungus,küf mantarı ve maya mantarı,llm
V01AA05,tree pollen,ağaç poleni,llm
V01AA07,insects,böcekler,llm
V01AA08,food,gıda,llm
V01AA09,textiles,tekstil,llm
V01AA10,flowers,çiçekler,llm
V01AA11,animals,hayvanlar,llm
V01AA20,various,çeşitli,llm
V03AB01,ipecacuanha,ipeka,llm
V03AB02,nalorphine,nalorfin,llm
V03AB03,edetates,edetates,titck
V03AB04,pralidoxime,pralidoksim,titck
V03AB05,prednisolone and promethazine,prednizolon ve prometazin,llm
V03AB06,thiosulfate,tiyosülfat,llm
V03AB08,sodium nitrite,sodyum nitrit,llm
V03AB09,dimercaprol,dimerkaptosüksinik asit,titck
V03AB13,obidoxime,obidoksim,llm
V03AB14,protamine,protamin sülfat,titck
V03AB15,naloxone,naloxone,titck
V03AB16,ethanol,etanol,llm
V03AB17,methylthioninium chloride,metiltiyoninyum klorür,llm
V03AB18,potassium permanganate,potasyum permanganat,llm
V03AB19,physostigmine,fizostigmin,titck
V03AB20,copper sulfate,bakır sülfat,llm
V03AB21,potassium iodide,potasyum iyodür,llm
V03AB22,amyl nitrite,amil nitrit,llm
V03AB23,acetylcysteine,asetilsistein,llm
V03AB24,digitalis antitoxin,digital antitoksin,llm
V03AB25,flumazenil,flumazenil,titck
V03AB26,methionine,metiyonin,llm
V03AB27,4-dimethylaminophenol,4-dimetilaminofenol,llm
V03AB29,cholinesterase,kolinesteraz,llm
V03AB31,prussian blue,prusya mavisi,llm
V03AB32,glutathione,glutatyon,llm
V03AB33,hydroxocobalamin,hidroksokobalamin,llm
V03AB34,fomepizole,fomepizol,llm
V03AB35,sugammadex,sugammadeks sodyum,titck
V03AB36,phentolamine,fentolamin,llm
V03AB37,idarucizumab,idarucizumab,titck
V03AB38,andexanet alfa,andeksanet alfa,llm
V03AB54,pralidoxime and atropine,pralidoksim ve atropin,llm
V03AC01,deferoxamine,deferoksamin metansülfonat,titck
V03AC02,deferiprone,deferipron,titck
V03AC03,deferasirox,deferasiroks,titck
V03AE01,polystyrene sulfonate,kalsiyum polistiren sülfonat,titck
V03AE02,sevelamer,sevelamer hidroklorür,titck
V03AE03,lanthanum carbonate,lantanyum karbonat oktahidrat,titck
V03AE04,calcium acetate and magnesium carbonate,kalsiyum asetat ve magnezyum karbonat,llm
V03AE05,sucroferric oxyhydroxide,sükroferrik oksihidroksit,llm
V03AE06,colestilan,kolestilan,llm
V03AE07,calcium acetate,kalsiyum asetat,titck
V03AE08,ferric citrate,ferrik sitrat,llm
V03AE09,patiromer calcium,patiromer sorbiteks kalsiyum,titck
V03AE10,sodium zirconium cyclosilicate,sodyum zirkonyum siklosilikat,titck
V03AF01,mesna,mesna,titck
V03AF02,dexrazoxane,deksrazoksan,llm
V03AF03,calcium folinate,kalsiyum folinat,titck
V03AF04,calcium levofolinate,kalsiyum levofolinat,llm
V03AF05,amifostine,amifostine,titck
V03AF06,sodium folinate,sodyum folinat,llm
V03AF07,rasburicase,rasburikaz,titck
V03AF08,palifermin,palifermin,llm
V03AF09,glucarpidase,glukarpidaz,llm
V03AF10,sodium levofolinate,sodyum levofolinat,llm
V03AF11,arginine and lysine,arjinin ve lizin,llm
V03AF12,trilaciclib,trilasiklib,llm
V03AG01,sodium cellulose phosphate,sodyum selüloz fosfat,llm
V03AG05,sodium phosphate,sodyum fosfat,llm
V03AH01,diazoxide,diazoksit,llm
V03AN01,oxygen,oksijen,llm
V03AN02,carbon dioxide,karbondioksit,llm
V03AN03,helium,helyum,llm
V03AN04,nitrogen,azot,llm
V03AN05,medical air,medikal hava,llm
V03AX02,nalfurafine,nalfurafin,llm
V03AX03,cobicistat,kobisistat,llm
V03AX04,difelikefalin,difelikefalin,llm
V03AZ01,ethanol,etanol,llm
V04CA01,tolbutamide,tolbutamid,llm
V04CA02,glucose,glukoz,llm
V04CB01,vitamin A concentrates,a vitamini konsantreleri,llm
V04CC01,sorbitol,sorbitol,llm
V04CC02,magnesium sulfate,magnezyum sülfat,llm
V04CC03,sincalide,sinkalid,llm
V04CC04,ceruletide,seruletid,llm
V04CD01,metyrapone,metirapon,llm
V04CD03,sermorelin,sermorelin,llm
V04CD04,corticorelin,kortikorelin,llm
V04CD05,somatorelin,somatorelin,llm
V04CD06,macimorelin,masimorelin,llm
V04CE01,galactose,galaktoz,llm
V04CE02,sulfobromophthalein,sülfobromoftalein,llm
V04CE03,methacetin (13C),metasetin (13c),llm
V04CF01,tuberculin,tüberkülin saflaştırılmış protein türevi,titck
V04CF02,"mycobacterium tuberculosis, recombinant antigens","mycobacterium tuberculosis, rekombinant antijenler",llm
V04CG01,cation exchange resins,katyon değiştirici reçineler,llm
V04CG02,betazole,betazol,llm
V04CG03,histamine phosphate,histamin fosfat,llm
V04CG04,pentagastrin,pentagastrin,llm
V04CG05,methylthioninium chloride,metiltiyoninyum klorür,llm
V04CG30,caffeine and sodium benzoate,kafein ve sodyum benzoat,llm
V04CH01,inulin and other polyfructosans,inülin ve diğer polifruktozanlar,llm
V04CH02,indigo carmine,indigo karmin,llm
V04CH03,phenolsulfonphthalein,fenolsülfonftalein,llm
V04CH04,alsactide,alsaktid,llm
V04CH05,relmapirazin,relmapirazin,llm
V04CH30,aminohippuric acid,aminohipürik asit,llm
V04CJ01,thyrotropin,tirotropin alfa,titck
V04CJ02,protirelin,protirelin,titck
V04CK01,secretin,sekretin,llm
V04CK02,pancreozymin (cholecystokinin),pankreozimin (kolesistokinin),llm
V04CK03,bentiromide,bentiromid,llm
V04CM01,gonadorelin,gonadorelin,titck
V04CX01,indocyanine green,indosiyanin yeşili,llm
V04CX02,folic acid,folik asit,llm
V04CX03,methacholine,metakolin,llm
V04CX04,mannitol,mannitol,llm
V04CX05,13C-urea,13c-üre,llm
V04CX06,hexaminolevulinate,heksaminolevulinat,llm
V04CX07,edrophonium,edrofonyum,llm
V04CX08,carbon monoxide,karbon monoksit,llm
V04CX09,patent blue,patent mavisi,llm
V04CX10,pafolacianine,pafolasianin,llm
V04CX11,lithium chloride,lityum klorür,llm
V04CX12,xenon,ksenon,llm
V04CX13,pegulicianine,pegulisianin,llm
V06DC01,glucose,glukoz,llm
V06DC02,fructose,fruktoz,llm
V08AA01,diatrizoic acid,sodyum amidotrizoat/meglumin amidotrizoat,titck
V08AA02,metrizoic acid,metrizoik asit,llm
V08AA03,iodamide,iyodamid,llm
V08AA04,iotalamic acid,iyotalamik asit,llm
V08AA05,ioxitalamic acid,meglumin iyoksitalmat,titck
V08AA06,ioglicic acid,iyoglisik asit,llm
V08AA07,acetrizoic acid,asetrizoik asit,llm
V08AA08,iocarmic acid,iyokarmik asit,llm
V08AA09,methiodal,metiyodal,llm
V08AA10,diodone,diyodon,llm
V08AB01,metrizamide,metrizamid,llm
V08AB02,iohexol,iohexol,titck
V08AB03,ioxaglic acid,iyoksaglik asit,llm
V08AB04,iopamidol,iopamidol,titck
V08AB05,iopromide,iopromid,titck
V08AB06,iotrolan,iyotrolan,llm
V08AB07,ioversol,ioversol,titck
V08AB08,iopentol,iyopentol,llm
V08AB09,iodixanol,iodixanol,titck
V08AB10,iomeprol,iomeprol,titck
V08AB11,iobitridol,iobitridol,titck
V08AB12,ioxilan,iyoksilan,llm
V08AC01,iodoxamic acid,iyodoksamik asit,llm
V08AC02,iotroxic acid,iyotroksik asit,llm
V08AC03,ioglycamic acid,iyoglisamik asit,llm
V08AC04,adipiodone,adipiyodon,llm
V08AC05,iobenzamic acid,iyobenzamik asit,llm
V08AC06,iopanoic acid,iyopanoik asit,llm
V08AC07,iocetamic acid,iyosetamik asit,llm
V08AC08,sodium iopodate,sodyum iyopodat,llm
V08AC09,tyropanoic acid,tiropanoik asit,llm
V08AC10,calcium iopodate,kalsiyum iyopodat,llm
V08AD01,ethyl esters of iodised fatty acids,ethyl esters of iodised fatty acids,titck
V08AD02,iopydol,iyopidol,llm
V08AD03,propyliodone,propiliyodon,llm
V08AD04,iofendylate,iyofendilat,llm
V08BA01,barium sulfate with suspending agents,barium sulfate with suspending agents,titck
V08BA02,barium sulfate without suspending agents,süspansiyon ajansız baryum sülfat,llm
V08CA01,gadopentetic acid,gadopentat dimeglumin,titck
V08CA02,gadoteric acid,gadoterat meglumin,titck
V08CA03,gadodiamide,gadodiamid,titck
V08CA04,gadoteridol,gadoteridol,llm
V08CA05,mangafodipir,mangafodipir,titck
V08CA06,gadoversetamide,gadoversetamid,llm
V08CA07,ferric ammonium citrate,ferri amonyum sitrat,titck
V08CA08,gadobenic acid,gadobenat dimeglumin,titck
V08CA09,gadobutrol,gadobutrol monohidrat,titck
V08CA10,gadoxetic acid,gadoksetat disodyum,titck
V08CA11,gadofosveset,gadofosveset,llm
V08CA12,gadopiclenol,gadopiklenol,llm
V08CA13,gadoquatrane,gadokuatran,llm
V08CB01,ferumoxsil,ferumoksil,llm
V08CB02,ferristene,ferristen,llm
V08CB03,"iron oxide, nanoparticles","demir oksit, nanopartiküller",llm
V08CX01,perflubron,perflubron,llm
V08DA01,"perflutren, human albumin microspheres","perflutren, insan albumini mikroküreleri",llm
V08DA02,microparticles of galactose,galaktoz mikropartikülleri,llm
V08DA03,perflenapent,perflenapent,llm
V08DA04,"perflutren, phospholipid microspheres","perflutren, fosfolipid mikroküreleri",llm
V08DA05,"sulfur hexafluoride, phospholipid microspheres","kükürt heksaflorür, fosfolipid mikroküreleri",llm
V08DA06,"perflubutane, phospholipid microspheres","perflubutan, fosfolipid mikroküreleri",llm
V09AA01,technetium (99mTc) exametazime,"d,1,ekzametazim",titck
V09AA02,technetium (99mTc) bicisate,bicisate dihidroklorür,titck
V09AB01,iodine iofetamine (123I),iyot iyofetamin (123i),llm
V09AB02,iodine iolopride (123I),iyot iyolopirid (123i),llm
V09AB03,iodine ioflupane (123I),123i (ioflupane),titck
V09AX01,indium (111In) pentetic acid,indiyum (111in) pentetik asit,llm
V09AX03,iodine (124I) 2beta-carbomethoxy-3beta-(4 iodophenyl)-tropane,iyot (124i) 2beta-karbometoksi-3beta-(4 iyodofenil)-tropan,llm
V09AX04,flutemetamol (18F),(18f)flutemetamol,titck
V09AX05,florbetapir (18F),florbetapir (18f),llm
V09AX06,florbetaben (18F),florbetaben (18f),llm
V09AX07,flortaucipir (18F),flortausipir (18f),llm
V09BA01,technetium (99mTc) oxidronic acid,sodyum oksidronat,titck
V09BA02,technetium (99mTc) medronic acid,metilendifosfonik asit,titck
V09BA03,technetium (99mTc) pyrophosphate,teknesyum (99mtc) pirofosfat,llm
V09BA04,technetium (99mTc) butedronic acid,teknesyum (99mtc) butedronik asit,llm
V09CA01,technetium (99mTc) pentetic acid,dietilen triamin penta asetik asit kalsiyum trisodyum hidrat,titck
V09CA02,technetium (99mTc) succimer,teknesyum (99mtc) süksimer,llm
V09CA03,technetium (99mTc) mertiatide,betiatide,titck
V09CA04,technetium (99mTc) gluceptate,teknesyum (99mtc) gluseptat,llm
V09CA05,technetium (99mTc) gluconate,teknesyum (99mtc) glukonat,llm
V09CA06,technetium (99mTc) ethylenedicysteine,teknesyum (99mtc) etilendisistein,llm
V09CX01,sodium iodohippurate (123I),sodyum iyodohipürat (123i),llm
V09CX02,sodium iodohippurate (131I),sodyum iyodohipürat (131i),llm
V09CX03,sodium iothalamate (125I),sodyum iyotalamat (125i),llm
V09CX04,chromium (51Cr) edetate,krom (51cr) edetat,llm
V09DA01,technetium (99mTc) disofenin,teknesyum (99mtc) disofenin,llm
V09DA02,technetium (99mTc) etifenin,teknesyum (99mtc) etifenin,llm
V09DA03,technetium (99mTc) lidofenin,teknesyum (99mtc) lidofenin,llm
V09DA04,technetium (99mTc) mebrofenin,teknesyum (99mtc) mebrofenin,llm
V09DA05,technetium (99mTc) galtifenin,teknesyum (99mtc) galtifenin,llm
V09DB01,technetium (99mTc) nanocolloid,teknesyum (99mtc) nanokolloid,llm
V09DB02,technetium (99mTc) microcolloid,mikroagrege insan albumini,titck
V09DB03,technetium (99mTc) millimicrospheres,teknesyum (99mtc) milimikroküreler,llm
V09DB04,technetium (99mTc) tin colloid,teknesyum (99mtc) kalay kolloidi,llm
V09DB05,technetium (99mTc) sulfur colloid,teknesyum (99mtc) kükürt kolloidi,llm
V09DB06,technetium (99mTc) rheniumsulfide colloid,teknesyum (99mtc) renyum sülfür kolloidi,llm
V09DB07,technetium (99mTc) phytate,teknesyum (99mtc) fitat,llm
V09DX01,selenium (75Se) tauroselcholic acid,selenyum (75se) tauroselkolik asit,llm
V09EA01,technetium (99mTc) pentetic acid,teknesyum (99mtc) pentetik asit,llm
V09EA02,technetium (99mTc) technegas,teknesyum (99mtc) teknegaz,llm
V09EA03,technetium (99mTc) nanocolloid,teknesyum (99mtc) nanokolloid,llm
V09EB01,technetium (99mTc) macrosalb,teknesyum (99mtc) makrosalb,llm
V09EB02,technetium (99mTc) microspheres,teknesyum (99mtc) mikroküreler,llm
V09EX01,krypton (81mKr) gas,kripton (81mkr) gazı,llm
V09EX02,xenon (127Xe) gas,ksenon (127xe) gazı,llm
V09EX03,xenon (133Xe) gas,ksenon (133xe) gazı,llm
V09FX01,technetium (99mTc) pertechnetate,sodyum molibdat ve sodyum pertetnetat,titck
V09FX02,sodium iodide (123I),sodyum iyodür,titck
V09FX03,sodium iodide (131I),sodyum iyodür (131i),titck
V09FX04,sodium iodide (124I),sodyum iyodür (124i),llm
V09GA01,technetium (99mTc) sestamibi,mibi-cu kompleksi,titck
V09GA02,technetium (99mTc) tetrofosmin,teknesyum (99mtc) tetrofosmin,llm
V09GA03,technetium (99mTc) teboroxime,teknesyum (99mtc) teboroksim,llm
V09GA04,technetium (99mTc) human albumin,teknesyum (99mtc) insan albumini,llm
V09GA05,technetium (99mTc) furifosmin,teknesyum (99mtc) furifosmin,llm
V09GA06,technetium (99mTc) stannous agent labelled cells,teknesyum (99mtc) kalay ajanı ile işaretli hücreler,llm
V09GA07,technetium (99mTc) apcitide,teknesyum (99mtc) apsitid,llm
V09GB01,fibrinogen (125I),fibrinojen (125i),llm
V09GB02,iodine (125I) human albumin,iyot (125i) insan albumini,llm
V09GX01,thallium (201Tl) chloride,talyum klorür,titck
V09GX02,indium (111In) imciromab,indiyum (111in) imsiromab,llm
V09GX03,chromium (51Cr) chromate labelled cells,krom (51cr) kromat ile işaretli hücreler,llm
V09GX04,rubidium (82Rb) chloride,rubidyum (82rb) klorür,llm
V09GX05,ammonia (13N),amonyak (13n),llm
V09GX06,flurpiridaz (18F),flurpiridaz (18f),llm
V09HA01,technetium (99mTc) human immunoglobulin,teknesyum (99mtc) insan immünoglobulini,llm
V09HA02,technetium (99mTc) exametazime labelled cells,teknesyum (99mtc) ekzametazim ile işaretli hücreler,llm
V09HA03,technetium (99mTc) antigranulocyte antibody,teknesyum (99mtc) antigranülosit antikoru,llm
V09HA04,technetium (99mTc) sulesomab,teknesyum (99mtc) sulesomab,llm
V09HB01,indium (111In) oxinate labelled cells,indiyum (111in) oksinat ile işaretli hücreler,llm
V09HB02,indium (111In) tropolonate labelled cells,indiyum (111in) tropolonat ile işaretli hücreler,llm
V09HX01,gallium (67Ga) citrate,galyum-67 sitrat,titck
V09IA01,technetium (99mTc) antiCarcinoEmbryonicAntigen antibody,teknesyum (99mtc) antikarsinoembriyonik antijen antikoru,llm
V09IA02,technetium (99mTc) antimelanoma antibody,teknesyum (99mtc) antimelanom antikoru,llm
V09IA03,technetium (99mTc) pentavalent succimer,teknesyum (99mtc) pentavalan süksimer,llm
V09IA04,technetium (99mTc) votumumab,teknesyum (99mtc) votumumab,llm
V09IA05,technetium (99mTc) depreotide,teknesyum (99mtc) depreotid,llm
V09IA06,technetium (99mTc) arcitumomab,teknesyum (99mtc) arsitumomab,llm
V09IA07,technetium (99mTc) hynic-octreotide,"hynic-[d-phe',tyr3-oktreotid] trifloroasetat (hynic-toc)",titck
V09IA08,technetium (99mTc) etarfolatide,teknesyum (99mtc) etarfolatid,llm
V09IA09,technetium (99mTc) tilmanocept,teknesyum (99mtc) tilmanosept,llm
V09IA10,technetium (99mTc) trofolastat chloride,teknesyum (99mtc) trofolastat klorür,llm
V09IB01,indium (111In) pentetreotide,indiyum (111in) pentetreotid,llm
V09IB02,indium (111In) satumomab pendetide,indiyum (111in) satumomab pendetid,llm
V09IB03,indium (111In) antiovariumcarcinoma antibody,indiyum (111in) antiovaryum karsinom antikoru,llm
V09IB04,indium (111In) capromab pendetide,indiyum (111in) kapromab pendetid,llm
V09IX01,iobenguane (123I),123i-iyobenguan(mibg-123i,titck
V09IX02,iobenguane (131I),(131i) iyobenguan sülfat (131i-mibg),titck
V09IX03,iodine (125I) CC49-monoclonal antibody,iyot (125i) cc49-monoklonal antikor,llm
V09IX04,fludeoxyglucose (18F),florodeoksiglukoz,titck
V09IX05,fluorodopa (18F),[18f]-florodopa,titck
V09IX06,sodium fluoride (18F),sodyum florür,titck
V09IX07,fluorocholine (18F),[18f] florokolin,titck
V09IX08,fluoroethylcholine (18F),floroetilkolin (18f),llm
V09IX09,gallium (68Ga) edotreotide,galyum (68ga) edotreotid,llm
V09IX10,fluoroethyl-L-tyrosine (18F),floroetil-l-tirozin (18f),llm
V09IX11,fluoroestradiol (18F),floroöstradiol (18f),llm
V09IX12,fluciclovine (18F),flusiklovin (18f),llm
V09IX13,methionine (11C),metiyonin (11c),llm
V09IX14,gallium (68Ga) gozetotide,galyum (68ga) gozetotid,llm
V09IX15,copper (64Cu) oxodotreotide,bakır (64cu) oksodotreotid,llm
V09IX16,piflufolastat (18F),piflufolastat (18f),llm
V09IX17,PSMA-1007 (18F),psma-1007 (18f),llm
V09IX18,flotufolastat (18F),flotufolastat (18f),llm
V09IX19,vidoflufolastat (18F),vidoflufolastat (18f),llm
V09XA01,iodine (131I) norcholesterol,iyot (131i) norkolesterol,llm
V09XA02,iodocholesterol (131I),iyodokolesterol (131i),llm
V09XA03,iodine (131I) human albumin,iyot (131i) insan albumini,llm
V09XX01,cobalt (57Co) cyanocobalamine,kobalt (57co) siyanokobalamin,llm
V09XX02,cobalt (58Co) cyanocobalamine,kobalt (58co) siyanokobalamin,llm
V09XX03,selenium (75Se) norcholesterol,selenyum (75se) norkolesterol,llm
V09XX04,ferric (59Fe) citrate,ferrik (59fe) sitrat,llm
V10AA01,yttrium (90Y) citrate colloid,itriyum (90y) sitrat kolloidi,llm
V10AA02,yttrium (90Y) ferrihydroxide colloid,itriyum (90y) ferrihidroksit kolloidi,llm
V10AA03,yttrium (90Y) silicate colloid,itriyum (90y) silikat kolloidi,llm
V10AX01,phosphorous (32P) chromicphosphate colloid,fosfor (32p) kromik fosfat kolloidi,llm
V10AX02,samarium (153Sm) hydroxyapatite colloid,samaryum (153sm) hidroksiapatit kolloidi,llm
V10AX03,dysprosium (165Dy) colloid,disprosyum (165dy) kolloidi,llm
V10AX04,erbium (169Er) citrate colloid,erbiyum (169er) sitrat kolloidi,llm
V10AX05,rhenium (186Re) sulfide colloid,renyum (186re) sülfür kolloidi,llm
V10AX06,gold (198Au) colloidal,altın (198au) kolloidal,llm
V10BX01,strontium (89Sr) chloride,stronsiyum (89sr) klorür,llm
V10BX02,samarium (153Sm) lexidronam,samaryum (153sm) leksidronam,llm
V10BX03,rhenium (186Re) etidronic acid,renyum (186re) etidronik asit,llm
V10XA01,sodium iodide (131I),sodyum iyodür (131i),titck
V10XA02,iobenguane (131I),i̇yobenguan (131 i),titck
V10XA03,iodine (131I) omburtamab,iyot (131i) omburtamab,llm
V10XA04,iodine (131I) apamistamab,iyot (131i) apamistamab,llm
V10XA53,tositumomab/iodine (131I) tositumomab,tositumomab/iyot (131i) tositumomab,llm
V10XX01,sodium phosphate (32P),sodyum fosfat (32p),llm
V10XX02,ibritumomab tiuxetan (90Y),ibritumomab tiuksetan (90y),llm
V10XX03,radium (223Ra) dichloride,radyum-223 diklorür,titck
V10XX04,lutetium (177Lu) oxodotreotide,lutesyum (177lu) klorür,titck
V10XX05,lutetium (177Lu) vipivotide tetraxetan,lutesyum (177lu) vipivotid tetrakzetan,llm
